split,image,applied
train,Emergency_break_0_jpg.rf.48b40bc7643988692b017e03d1771b64.jpg,fog_mild
train,Emergency_break_101_jpg.rf.ab00ae60b03fc04b592b5ca54c4e8829.jpg,small_distance_0.77|low_light_mild
train,Emergency_break_102_jpg.rf.16afa329e3f88e59962afead68095ec6.jpg,blur_mild
train,Emergency_break_103_jpg.rf.a371b812c2f17936d8e7e50f5077a276.jpg,small_distance_0.73|occlusion_severe
train,Emergency_break_104_jpg.rf.388e63ad259b9631ed94f9eea846f192.jpg,glare_severe
train,Emergency_break_105_jpg.rf.0d1e9ccdd996c082d6324b10d4bda9c7.jpg,small_distance_0.81
train,Emergency_break_107_jpg.rf.aeb1daf7d783065203e469cf1deb8f5c.jpg,small_distance_0.68|rain_moderate
train,Emergency_break_108_jpg.rf.8ddb08bc81bdc7f8604ff79db553d62e.jpg,small_distance_0.66|fog_severe
train,Emergency_break_110_jpg.rf.4742c9a39f54c975c85de37451f0f1ef.jpg,small_distance_0.56|blur_moderate
train,Emergency_break_114_jpg.rf.730d5f32526848943f8076cb232ef6b9.jpg,small_distance_0.64|fog_severe
train,Emergency_break_115_jpg.rf.e612e636040c26863371622d2a73525e.jpg,small_distance_0.57|fog_mild
train,Emergency_break_116_jpg.rf.ba614ccba17c737e6a4698babef149d8.jpg,clean
train,Emergency_break_118_jpg.rf.660d91cc1ecf4f996e97c494d47dc4f2.jpg,fog_mild
train,Emergency_break_119_jpg.rf.189df319586080c3ec9771debb81dbfa.jpg,fog_severe
train,Emergency_break_11_jpg.rf.8a422e2288969b74ffc202f41e5a9882.jpg,low_light_severe
train,Emergency_break_120_jpg.rf.af9d570a30af8aab6b4c6ae668a668f2.jpg,small_distance_0.77|glare_moderate
train,Emergency_break_121_jpg.rf.51da5c1cce555d59745912d510b06d5e.jpg,low_light_mild
train,Emergency_break_122_jpg.rf.c324150401b6eee69591438ba70c0904.jpg,clean
train,Emergency_break_124_jpg.rf.a3c2db7fb8f6b6485c934f954378cf84.jpg,blur_moderate
train,Emergency_break_125_jpg.rf.06ad2cf5cfadaef5262d39f29ba09095.jpg,low_light_severe
train,Emergency_break_126_jpg.rf.89f287bc93ab5c2e11495c7d36349c21.jpg,small_distance_0.75|occlusion_moderate
train,Emergency_break_12_jpg.rf.fdf6f53a370671c16dd5433ddd560ce7.jpg,small_distance_0.59|low_light_moderate
train,Emergency_break_130_jpg.rf.0c66f3ccbf89958d1277e721015e5330.jpg,low_light_moderate
train,Emergency_break_131_jpg.rf.13d77f6a8b81c501d0b10fb3575466ec.jpg,clean
train,Emergency_break_132_jpg.rf.f0a5dc1ea24dc15e411d1ba0a895eeeb.jpg,small_distance_0.70
train,Emergency_break_133_jpg.rf.79d83dc1de7353cd4aa7fe0fc2508e31.jpg,rain_severe
train,Emergency_break_134_jpg.rf.1846a50d6f13c84808f70045cb3acec6.jpg,glare_severe
train,Emergency_break_135_jpg.rf.79c6dcdb4ffe4c0628e7203cf4dfe217.jpg,low_light_mild
train,Emergency_break_137_jpg.rf.49d50ac01b25807c3f7cf7696f93e1f5.jpg,low_light_moderate
train,Emergency_break_138_jpg.rf.2e00775efca69cc3b43d96270e640474.jpg,fog_moderate
train,Emergency_break_139_jpg.rf.7979d7a61047a392526a74f96de4073f.jpg,small_distance_0.55|occlusion_moderate
train,Emergency_break_13_jpg.rf.2a08b9219790a8ab2eef8b2b597eaf36.jpg,clean
train,Emergency_break_140_jpg.rf.29761430e149c0bebbd5a1457ff090f7.jpg,occlusion_moderate
train,Emergency_break_141_jpg.rf.fdf2373a21825babf233038d6b764531.jpg,rain_mild
train,Emergency_break_14_jpg.rf.415b57d5a7020dc318e2ed42af40f18c.jpg,low_light_mild
train,Emergency_break_15_jpg.rf.3f297a7fde92b9def07fa3b3a800157b.jpg,blur_moderate
train,Emergency_break_16_jpg.rf.9180bcefb63fd8318dcbf383e2547a4e.jpg,clean
train,Emergency_break_17_jpg.rf.0145be8ee76cfcf4966d8652b5fd6e9f.jpg,small_distance_0.57
train,Emergency_break_18_jpg.rf.b5698263fd7f762dab489d7e4f6defb2.jpg,glare_mild
train,Emergency_break_19_jpg.rf.3120c8aa60a87ae224242ae71f218227.jpg,rain_mild
train,Emergency_break_20_jpg.rf.da425ffe5e570ed88c6baf1cb5790ec0.jpg,clean
train,Emergency_break_21_jpg.rf.c970d15b2e3dca0e19ce85afadf0a7bd.jpg,small_distance_0.71|rain_severe
train,Emergency_break_23_jpg.rf.01b91bd65f186773488f9282b422b729.jpg,occlusion_moderate
train,Emergency_break_24_jpg.rf.3b0b88a851c2f2faeddd91e3ef17d549.jpg,fog_moderate
train,Emergency_break_250m_102_jpg.rf.0d033fde104c9b24bda8bca0817954a8.jpg,rain_mild
train,Emergency_break_250m_106_jpg.rf.6798d40bd72c8697c180fafc9b206e48.jpg,small_distance_0.56|low_light_mild
train,Emergency_break_250m_107_jpg.rf.cfcd224203482d26be4a36d93c9479e6.jpg,small_distance_0.76|blur_mild
train,Emergency_break_250m_109_jpg.rf.9706e6a5d3f0687ec3f69577c9e9f807.jpg,rain_moderate
train,Emergency_break_250m_10_jpg.rf.e4f11ce13b0e5ddc9e29de5a57231033.jpg,rain_severe
train,Emergency_break_250m_110_jpg.rf.7f52420688c872973960c4187d705cab.jpg,glare_mild
train,Emergency_break_250m_111_jpg.rf.39d21911ac6f96a5c126543f5d535a2b.jpg,clean
train,Emergency_break_250m_112_jpg.rf.06ec4da10cc5d32dd82dfa9d5dab1a45.jpg,small_distance_0.58|glare_moderate
train,Emergency_break_250m_113_jpg.rf.2a68b4ba7159569c34315062423af7ba.jpg,occlusion_severe
train,Emergency_break_250m_114_jpg.rf.f8c86334cb62d99d99ba175ea777f224.jpg,glare_severe
train,Emergency_break_250m_115_jpg.rf.82dc07708e83eb663f696831a281d2b0.jpg,small_distance_0.81|rain_severe
train,Emergency_break_250m_116_jpg.rf.d996668a3387f3b1108146a1add8e856.jpg,fog_moderate
train,Emergency_break_250m_117_jpg.rf.f8c4fa7e7130dc43890a012c6bcb95b6.jpg,small_distance_0.83|low_light_mild
train,Emergency_break_250m_118_jpg.rf.dbe5d0f94b9863310be61234fa640c02.jpg,small_distance_0.85
train,Emergency_break_250m_11_jpg.rf.7577cee7b4b6cfa3b9a8deb29b2504e3.jpg,clean
train,Emergency_break_250m_120_jpg.rf.934e9a9392023a964d15f329fec602b7.jpg,glare_moderate
train,Emergency_break_250m_121_jpg.rf.cea41c1718e3a55e5bc3a1dab2247696.jpg,small_distance_0.67|glare_mild
train,Emergency_break_250m_122_jpg.rf.0acc862541f9795bdde28bbf62d01ff9.jpg,glare_moderate
train,Emergency_break_250m_124_jpg.rf.d1ec945f6c5a9fb0e07a95a64db9169c.jpg,clean
train,Emergency_break_250m_126_jpg.rf.a3707438ee5eeeefa1f9a8aa908a8815.jpg,occlusion_moderate
train,Emergency_break_250m_127_jpg.rf.a96e9da9d3225b17d0f84208c3709209.jpg,small_distance_0.64
train,Emergency_break_250m_128_jpg.rf.f22833bb6a01c9a3e7c7c3ad6c2da811.jpg,occlusion_moderate
train,Emergency_break_250m_129_jpg.rf.08ed22c009488b8460b72266d1e0d73f.jpg,small_distance_0.73|low_light_mild
train,Emergency_break_250m_12_jpg.rf.59bc8db1fcc0301748dc28e74210ab7f.jpg,small_distance_0.70
train,Emergency_break_250m_130_jpg.rf.08518fc7f174fa638a6fb37ccbf2e37d.jpg,small_distance_0.57
train,Emergency_break_250m_131_jpg.rf.9036094679e9d2bdee7a9f8ef2cd89a9.jpg,clean
train,Emergency_break_250m_132_jpg.rf.368b39a9bc8214791dab183ff9a7f10f.jpg,blur_severe
train,Emergency_break_250m_134_jpg.rf.a8293e4b4b48d7aaf4b99c51071f06ed.jpg,small_distance_0.75|fog_moderate
train,Emergency_break_250m_135_jpg.rf.22881d71b6b370793437d29df8e5cf5c.jpg,small_distance_0.76|glare_mild
train,Emergency_break_250m_136_jpg.rf.16cefe7cc9c53dc54c613ed46803c08f.jpg,fog_mild
train,Emergency_break_250m_137_jpg.rf.f550e6d693e8cba566a431ef2a64aa54.jpg,small_distance_0.74|blur_mild
train,Emergency_break_250m_139_jpg.rf.2e0dba29b072afb24d317d3f0c944b27.jpg,rain_moderate
train,Emergency_break_250m_13_jpg.rf.3a501fa2829c7ced1e14449b11339d27.jpg,clean
train,Emergency_break_250m_140_jpg.rf.5c4220957ae49cea7169b073dcc3d68c.jpg,low_light_severe
train,Emergency_break_250m_141_jpg.rf.64157fc64c90275887be570b17fdee07.jpg,small_distance_0.85
train,Emergency_break_250m_142_jpg.rf.119c678a38463178bf28c73e30428f3f.jpg,low_light_moderate
train,Emergency_break_250m_143_jpg.rf.92c591c6794e0d1b8b7311449effcce6.jpg,rain_moderate
train,Emergency_break_250m_146_jpg.rf.31ab6b12d11d46feeff93e60a8d19721.jpg,small_distance_0.58|fog_moderate
train,Emergency_break_250m_147_jpg.rf.84910b68bf61204feac1cb059ac7d472.jpg,rain_severe
train,Emergency_break_250m_148_jpg.rf.f961f6b8e787b4079741fc7f2227fe0d.jpg,glare_moderate
train,Emergency_break_250m_149_jpg.rf.f6fb46f6b41d5904c8a05b6cedce56d3.jpg,clean
train,Emergency_break_250m_150_jpg.rf.2cfea86ae9e9b3356092c4cb362d7449.jpg,small_distance_0.68|blur_moderate
train,Emergency_break_250m_151_jpg.rf.c6de3f8a21c79cf7293eda542b8cf3bf.jpg,fog_mild
train,Emergency_break_250m_152_jpg.rf.33c596e3bed1e015e412ebffb2e844c0.jpg,glare_severe
train,Emergency_break_250m_156_jpg.rf.4e05804922146d54dbb024149ac4ea8b.jpg,small_distance_0.57
train,Emergency_break_250m_157_jpg.rf.984d2c5c3966fe4fb383c3391bbf58d0.jpg,fog_severe
train,Emergency_break_250m_158_jpg.rf.8e8134336f0275609f717dc0523918c8.jpg,blur_moderate
train,Emergency_break_250m_159_jpg.rf.6a0446775eb612f039a9417ba061017c.jpg,clean
train,Emergency_break_250m_15_jpg.rf.602871b0ea89e6b6adeede0299818ef6.jpg,fog_mild
train,Emergency_break_250m_160_jpg.rf.b19f9cc79e8b48f96f0fc87240c9e385.jpg,fog_severe
train,Emergency_break_250m_162_jpg.rf.748d7fc57aae3f7d3e0e69ba5f218cf8.jpg,low_light_severe
train,Emergency_break_250m_164_jpg.rf.6ed03d382f2e180336f8f7869e372299.jpg,small_distance_0.83
train,Emergency_break_250m_166_jpg.rf.e8be10b8f87342584c690daefe09aec1.jpg,clean
train,Emergency_break_250m_167_jpg.rf.634b41e992016cba23608e18b5e0d208.jpg,occlusion_moderate
train,Emergency_break_250m_169_jpg.rf.0d6d09c94365a54e67d7f94085387352.jpg,occlusion_severe
train,Emergency_break_250m_16_jpg.rf.0febc88cd687db00aa973c742611f8fb.jpg,occlusion_mild
train,Emergency_break_250m_170_jpg.rf.405ea9925e52fdf309f12b83e1fd7592.jpg,glare_mild
train,Emergency_break_250m_171_jpg.rf.3da01e310869b7aa670a69ad67cd5d29.jpg,small_distance_0.83|rain_mild
train,Emergency_break_250m_174_jpg.rf.b20631271c663c2dca1f77a06478acec.jpg,small_distance_0.61|blur_moderate
train,Emergency_break_250m_17_jpg.rf.e31b61e280ce9292704668e8041a8e3a.jpg,occlusion_severe
train,Emergency_break_250m_18_jpg.rf.1c56d8fe887c84ad7027b0cdd7b8fd74.jpg,small_distance_0.56
train,Emergency_break_250m_1_jpg.rf.9e294f37fbd0c774802612ddadb32ca5.jpg,small_distance_0.72
train,Emergency_break_250m_20_jpg.rf.881936787eef62e59069704fe0b2df8a.jpg,small_distance_0.73|fog_moderate
train,Emergency_break_250m_21_jpg.rf.5d3f389857e5f58b560854d9f77256ae.jpg,glare_severe
train,Emergency_break_250m_23_jpg.rf.60dd7aa16f4f26b0738e4d378c73dcbe.jpg,small_distance_0.56|low_light_severe
train,Emergency_break_250m_24_jpg.rf.ff2c247af072c1b19dd3db24bb72ee25.jpg,clean
train,Emergency_break_250m_25_jpg.rf.b67b119af7304d2143b7c191a85dbe94.jpg,glare_mild
train,Emergency_break_250m_26_jpg.rf.12397796fe9132429baf4691770dd7ed.jpg,clean
train,Emergency_break_250m_27_jpg.rf.70926220527db7054a42a6f2b9a4e908.jpg,blur_severe
train,Emergency_break_250m_29_jpg.rf.335f04b3ecfc9db4ee0fa46ed341bfdd.jpg,occlusion_moderate
train,Emergency_break_250m_2_jpg.rf.4698c344aeb52b55d4e28d9c9f692283.jpg,small_distance_0.76|rain_moderate
train,Emergency_break_250m_30_jpg.rf.5ddf888725323b0f308be083b80fc5c5.jpg,occlusion_mild
train,Emergency_break_250m_31_jpg.rf.dcfe61d541c2135b4eacf0f7689fd761.jpg,low_light_mild
train,Emergency_break_250m_32_jpg.rf.05bc502098443b67b601c30f69b708b0.jpg,small_distance_0.61
train,Emergency_break_250m_33_jpg.rf.a75862848474d2693103238e6a58eb41.jpg,glare_moderate
train,Emergency_break_250m_36_jpg.rf.3540d4cfaab295c707b2037fc755e316.jpg,occlusion_mild
train,Emergency_break_250m_37_jpg.rf.d1f262e90fc8aed449d9020372851dd5.jpg,occlusion_severe
train,Emergency_break_250m_39_jpg.rf.5ae94f10313df56b1f1c465ed3a7347c.jpg,rain_severe
train,Emergency_break_250m_3_jpg.rf.e8e64f5aaa604a7a2fa35e1eb2f4aa78.jpg,small_distance_0.79|blur_mild
train,Emergency_break_250m_41_jpg.rf.be4d4e952def53c3cc646103e66bb1d9.jpg,blur_moderate
train,Emergency_break_250m_42_jpg.rf.778fc745491cd8551c1ed74dc128698f.jpg,rain_severe
train,Emergency_break_250m_43_jpg.rf.b8b36317598c122839072c27b428f9a4.jpg,rain_mild
train,Emergency_break_250m_44_jpg.rf.9c73efa87aeffbc13e78e17d0c68ab68.jpg,blur_moderate
train,Emergency_break_250m_45_jpg.rf.b6bc1cda8b4b21d87fb594f1a4e26d45.jpg,small_distance_0.79|glare_mild
train,Emergency_break_250m_46_jpg.rf.a8bb103c3c5404b76671194792978fa5.jpg,clean
train,Emergency_break_250m_47_jpg.rf.6de7e653f2b270c755d5a7b5089f59d6.jpg,small_distance_0.59|low_light_severe
train,Emergency_break_250m_48_jpg.rf.ec5c370b30a4fe8a1ecb51c341b8b5ae.jpg,clean
train,Emergency_break_250m_50_jpg.rf.c05b8bc92deb1bec9f7ef14b8d61e4a3.jpg,occlusion_severe
train,Emergency_break_250m_51_jpg.rf.2c8d0744b5ccc3b5815e8d51b30e3270.jpg,clean
train,Emergency_break_250m_53_jpg.rf.ceb0b439172d71afbf8a6e2627e31f75.jpg,glare_moderate
train,Emergency_break_250m_54_jpg.rf.8d6b493bb55ea1b3f82714f85aaef59b.jpg,small_distance_0.62|low_light_moderate
train,Emergency_break_250m_55_jpg.rf.51ab32a06fa6f73440d1ebcdfd80bdca.jpg,blur_severe
train,Emergency_break_250m_56_jpg.rf.7c1280d7c18e548fb4b9fd47c7cfbf55.jpg,small_distance_0.63|low_light_mild
train,Emergency_break_250m_57_jpg.rf.910e08b29c992e00eec0b91a06a44bba.jpg,small_distance_0.62|occlusion_mild
train,Emergency_break_250m_59_jpg.rf.965426b3ca45b70ee22f81026d6dcbae.jpg,small_distance_0.67|glare_mild
train,Emergency_break_250m_5_jpg.rf.c1d29203e686781ba679ddda2bf87dba.jpg,small_distance_0.68
train,Emergency_break_250m_60_jpg.rf.079e71a2accbd94ae3a95452f41f11bf.jpg,low_light_moderate
train,Emergency_break_250m_62_jpg.rf.2f562f31de27644dec1adbd29eb29b64.jpg,clean
train,Emergency_break_250m_65_jpg.rf.01789f93ade5dbfa25539a7c8b6f984a.jpg,small_distance_0.67
train,Emergency_break_250m_66_jpg.rf.506edfcfa31010a3c5dcee5a0fd2e637.jpg,occlusion_severe
train,Emergency_break_250m_67_jpg.rf.82e7ddd400e8322bb6ae8d35f9847193.jpg,clean
train,Emergency_break_250m_68_jpg.rf.876a4827e79d5a9234d340e191537278.jpg,glare_mild
train,Emergency_break_250m_69_jpg.rf.9d12a2282933a03d5ac0f6b6480734cf.jpg,glare_severe
train,Emergency_break_250m_6_jpg.rf.981965b107bfecce44a32d9e2da997e0.jpg,small_distance_0.69|low_light_severe
train,Emergency_break_250m_70_jpg.rf.bd0896a1a6d37673ac3186d9e37026f5.jpg,small_distance_0.67|blur_mild
train,Emergency_break_250m_71_jpg.rf.75b36479a76cdacd7ee5c1fa9265714d.jpg,glare_mild
train,Emergency_break_250m_72_jpg.rf.1bbdd03f4acf054ed16f6b689d8e454e.jpg,small_distance_0.66|fog_moderate
train,Emergency_break_250m_74_jpg.rf.56ce72b2e65ff33f3a937dcf08607a8a.jpg,glare_moderate
train,Emergency_break_250m_75_jpg.rf.75fddb148e5702ae27a9e96349957067.jpg,occlusion_severe
train,Emergency_break_250m_76_jpg.rf.febe636cccd50160cf397ee35e8dd662.jpg,small_distance_0.84|blur_severe
train,Emergency_break_250m_77_jpg.rf.2453fbe0d2e2e0d930c0db9dc148b572.jpg,small_distance_0.56|blur_severe
train,Emergency_break_250m_78_jpg.rf.21e38f516f0a88cf1ca4ff5c2402c183.jpg,small_distance_0.59|low_light_mild
train,Emergency_break_250m_79_jpg.rf.95d94e6f2d0961123aa44279b62c672a.jpg,fog_mild
train,Emergency_break_250m_7_jpg.rf.eee1b14a1b2247626c23941952f1cd75.jpg,clean
train,Emergency_break_250m_81_jpg.rf.5e69cb29e3bf51a8bb5a073deeb62500.jpg,clean
train,Emergency_break_250m_83_jpg.rf.3a2ce56fdabb20863068775afbcb8a41.jpg,small_distance_0.64|fog_severe
train,Emergency_break_250m_84_jpg.rf.328e74e923751b94364c10a3df53bc3d.jpg,clean
train,Emergency_break_250m_85_jpg.rf.15bbae76047a727eed6393243b57c6fb.jpg,blur_severe
train,Emergency_break_250m_86_jpg.rf.a55bcd9c7dc0361fea1e157791dc678c.jpg,blur_severe
train,Emergency_break_250m_8_jpg.rf.c9dc9ba3985806fed9ae1591b3e3c45e.jpg,clean
train,Emergency_break_250m_90_jpg.rf.8ba1a3d3e38990a1456601e4e9365094.jpg,low_light_mild
train,Emergency_break_250m_91_jpg.rf.358f7442d4d88ccfbdb053780a6a618d.jpg,small_distance_0.68|low_light_severe
train,Emergency_break_250m_92_jpg.rf.9e98f6de6ac47f4e1a8b2afd7f19ff75.jpg,small_distance_0.80
train,Emergency_break_250m_93_jpg.rf.5234c96c16d1dfb8520e19d4bfba3f65.jpg,small_distance_0.84|glare_severe
train,Emergency_break_250m_94_jpg.rf.551a5307b8b8ff22d9b744ed104a27e2.jpg,small_distance_0.60|occlusion_moderate
train,Emergency_break_250m_95_jpg.rf.3b8499e701a5c3cce6aabaf39c12d2b5.jpg,clean
train,Emergency_break_250m_96_jpg.rf.15c71fa65e7f89e663af1b774036364c.jpg,occlusion_severe
train,Emergency_break_250m_97_jpg.rf.c5890feb957585200c037b1e6b7a5217.jpg,small_distance_0.81
train,Emergency_break_250m_98_jpg.rf.ba83ea86c740707447a27f903c907a7d.jpg,small_distance_0.81|glare_severe
train,Emergency_break_250m_99_jpg.rf.3463adcd13ddbd3fe4c0eb0101795849.jpg,blur_moderate
train,Emergency_break_250m_9_jpg.rf.6df9a1d401ec565d0d364bafc6486c7c.jpg,rain_moderate
train,Emergency_break_25_jpg.rf.de5898d94340f07d2a5ae38f723fba11.jpg,low_light_severe
train,Emergency_break_26_jpg.rf.96703629a9d9d1f3075c5da2e143392b.jpg,low_light_mild
train,Emergency_break_27_jpg.rf.1a3f12b76a5d6947ec1e80fcac405baf.jpg,small_distance_0.77|rain_severe
train,Emergency_break_28_jpg.rf.ab7bb077702aaa205df6e3955f82a0a0.jpg,glare_mild
train,Emergency_break_29_jpg.rf.f41cbef0cb49c17dfa9097bb2efd19c3.jpg,small_distance_0.62|fog_severe
train,Emergency_break_30_jpg.rf.1ca4d5392c80c3fc79209b84a96bff37.jpg,low_light_moderate
train,Emergency_break_31_jpg.rf.a11573c1d4688853ec79b1f61b717936.jpg,fog_moderate
train,Emergency_break_32_jpg.rf.0b6d8d3226b571464de0c6e827f83316.jpg,fog_mild
train,Emergency_break_33_jpg.rf.c0e808d958126632b28d2e9f1e222453.jpg,small_distance_0.61|low_light_severe
train,Emergency_break_34_jpg.rf.5ebe5127cc62dd28fdb5c059f5ba97e1.jpg,small_distance_0.61|occlusion_severe
train,Emergency_break_36_jpg.rf.5e611718dbd421486c7068fff73cbf15.jpg,fog_mild
train,Emergency_break_37_jpg.rf.607694f7c41e0dccf7dff908a0df225b.jpg,fog_mild
train,Emergency_break_39_jpg.rf.9b9cc531a608f1169e15bd1315da5b9d.jpg,small_distance_0.76|blur_mild
train,Emergency_break_3_jpg.rf.5e2f3ac558daf4b26e482378728224e5.jpg,rain_severe
train,Emergency_break_40_jpg.rf.2a41ce650ff6254a888a661448396582.jpg,blur_severe
train,Emergency_break_41_jpg.rf.33fc87c002dbcfaa52fdea46402d297d.jpg,small_distance_0.69|blur_moderate
train,Emergency_break_44_jpg.rf.aa44ad9324e0e6c6251b295e9c62ba9e.jpg,blur_moderate
train,Emergency_break_46_jpg.rf.0c65c91871e20bad892f72c696afc35c.jpg,occlusion_mild
train,Emergency_break_47_jpg.rf.7a5798b59b9d947c6e15219d9cb94b40.jpg,small_distance_0.79
train,Emergency_break_49_jpg.rf.278cb739e071ee09b25ac5e94592a386.jpg,small_distance_0.62|glare_severe
train,Emergency_break_4_jpg.rf.cf451eded2c34659edd0c2bc94e476bb.jpg,low_light_moderate
train,Emergency_break_50_jpg.rf.6577301cc5a39fe67e9992f69d5e8119.jpg,low_light_moderate
train,Emergency_break_51_jpg.rf.c037c086751ff7e6ed08701ca8805587.jpg,small_distance_0.74|occlusion_mild
train,Emergency_break_52_jpg.rf.300a1b01d4c0374010a18da79aa59139.jpg,rain_moderate
train,Emergency_break_53_jpg.rf.ddeb95c6c50f51046936a8d736ca9877.jpg,rain_severe
train,Emergency_break_54_jpg.rf.d40075bfa54229c79972bdcb24f2619b.jpg,small_distance_0.55|low_light_moderate
train,Emergency_break_56_jpg.rf.b8c7f4a27a58548434398a4c48175c14.jpg,small_distance_0.62|occlusion_moderate
train,Emergency_break_58_jpg.rf.eff13eaaa7a5f98a08da588666a90d22.jpg,small_distance_0.62|occlusion_severe
train,Emergency_break_61_jpg.rf.76cbdd071a8611123e6823562b55b415.jpg,clean
train,Emergency_break_62_jpg.rf.48cad962e85a2bc7da6186c7e4441e98.jpg,occlusion_mild
train,Emergency_break_63_jpg.rf.237bf8dc64f5f250e38bc10cf8787900.jpg,clean
train,Emergency_break_64_jpg.rf.53ae5202a39b5cb5c348e7e503befb52.jpg,small_distance_0.60|occlusion_severe
train,Emergency_break_65_jpg.rf.547f9714de65dd0b85767b4625f93628.jpg,glare_severe
train,Emergency_break_66_jpg.rf.37cb5a531b6dd9bdf4c4725077c78395.jpg,small_distance_0.67|low_light_moderate
train,Emergency_break_67_jpg.rf.913e02747ad3075f5d872778afa8046f.jpg,glare_severe
train,Emergency_break_68_jpg.rf.fa3de66f19247914d99a7ccfeaec119b.jpg,small_distance_0.63|occlusion_severe
train,Emergency_break_69_jpg.rf.b43da2cbaa61d0681a277cedb44a9772.jpg,occlusion_moderate
train,Emergency_break_6_jpg.rf.56bb2b158021d62237763e4a7208697c.jpg,clean
train,Emergency_break_71_jpg.rf.ac649b03e5c99da17a3885db56a99782.jpg,small_distance_0.71|fog_mild
train,Emergency_break_72_jpg.rf.93e73e74cac2c39660bdb276d6c24d4e.jpg,glare_mild
train,Emergency_break_74_jpg.rf.18068193e7553405a666661ce3ee2fa1.jpg,fog_severe
train,Emergency_break_75_jpg.rf.8699561116b8a70e9d74172b63452337.jpg,small_distance_0.60|glare_moderate
train,Emergency_break_76_jpg.rf.60b393dd8224d4a1804076882d1a504f.jpg,low_light_mild
train,Emergency_break_81_jpg.rf.36b8adecc6300704ca08026ba451aeb6.jpg,fog_mild
train,Emergency_break_83_jpg.rf.bbae5945c8ac87d0ebbc6cc992e56dd1.jpg,low_light_mild
train,Emergency_break_84_jpg.rf.83b5b57cd3f7a8e924b01c45cfbaf186.jpg,glare_mild
train,Emergency_break_85_jpg.rf.1393d4d769c9cb96373f61f777598f0f.jpg,small_distance_0.66
train,Emergency_break_86_jpg.rf.566b9f129011ce9a5e2878c3b5464334.jpg,clean
train,Emergency_break_87_jpg.rf.494a4d1961fe1cc795a2d8cf34bc196f.jpg,small_distance_0.71
train,Emergency_break_89_jpg.rf.0586e49e3dbdfa54c4ce464244e3c23c.jpg,blur_mild
train,Emergency_break_91_jpg.rf.48d9bc5aa8d675a723b689fa5c3844d4.jpg,rain_severe
train,Emergency_break_94_jpg.rf.ed337bdbfa17726cb28c1758de260a8c.jpg,small_distance_0.72|blur_mild
train,Emergency_break_95_jpg.rf.1c8120e33cabe01f30c31f3993ce869d.jpg,clean
train,Emergency_break_97_jpg.rf.83d331e4047a5b42717db05206c3a685.jpg,rain_moderate
train,Emergency_break_98_jpg.rf.56cbb5c552103f03bf5e0786305f9536.jpg,occlusion_moderate
train,Emergency_break_99_jpg.rf.09208ede846bcca8bc0c56ce705ef323.jpg,glare_mild
train,Emergency_break_9_jpg.rf.f40b42e6b8593f86719e9ae253aa6953.jpg,rain_severe
train,Height_limit_5-7m_101_jpg.rf.32a0ef75f72e1bbb0ce6ed92fae430ea.jpg,clean
train,Height_limit_5-7m_103_jpg.rf.bcec059667ae3cd92768dd7eb8e91ff4.jpg,glare_moderate
train,Height_limit_5-7m_104_jpg.rf.8a0a20b0851a013594134357f3e5c303.jpg,blur_moderate
train,Height_limit_5-7m_105_jpg.rf.75ce7a7f9b2925998e85da4a62267cf5.jpg,clean
train,Height_limit_5-7m_106_jpg.rf.7eca5fc86e697daaf63e664557db721a.jpg,rain_moderate
train,Height_limit_5-7m_110_jpg.rf.73f6a6cb52b3ad62603ef2b3ceb5fa66.jpg,low_light_severe
train,Height_limit_5-7m_112_jpg.rf.34af9336556b66a85bba941f6fcef1d0.jpg,clean
train,Height_limit_5-7m_113_jpg.rf.7daedb51831021a4d7f5f58ea7c8dc82.jpg,clean
train,Height_limit_5-7m_114_jpg.rf.16c7e5a8cf9a2a72d64bc7adc8d0018c.jpg,small_distance_0.66
train,Height_limit_5-7m_115_jpg.rf.bdd0dc8a2693b1c15876d531af22a04f.jpg,glare_severe
train,Height_limit_5-7m_116_jpg.rf.8bced5bb852972aadac3a40f371ccc4d.jpg,occlusion_severe
train,Height_limit_5-7m_118_jpg.rf.c1f9aade407d595cff2e15e0479c96bf.jpg,blur_mild
train,Height_limit_5-7m_119_jpg.rf.51d4fab8f951a82296a2122ecf06b1bc.jpg,blur_moderate
train,Height_limit_5-7m_11_jpg.rf.4bdb4379f098f55d08dca804174818c8.jpg,small_distance_0.82|rain_moderate
train,Height_limit_5-7m_120_jpg.rf.cb517c2b2366424a55c65e15fd0fcc0e.jpg,clean
train,Height_limit_5-7m_121_jpg.rf.17bab1a7bfc963e26898f371635df54f.jpg,small_distance_0.78|low_light_severe
train,Height_limit_5-7m_122_jpg.rf.213b123431c36daae77bb2c865aa3bb1.jpg,fog_severe
train,Height_limit_5-7m_123_jpg.rf.d439a6c1227ed730c2b0299de895f5af.jpg,fog_severe
train,Height_limit_5-7m_125_jpg.rf.15feff6265bcd68feaa682e39b9cf8b2.jpg,clean
train,Height_limit_5-7m_126_jpg.rf.0180e9ba8dbc710ca9f9e599b058e1e9.jpg,blur_mild
train,Height_limit_5-7m_127_jpg.rf.5d3fa7b6c5b9efa33beab8460822738d.jpg,clean
train,Height_limit_5-7m_128_jpg.rf.b348af0f8de46f2ac216b2a7a3b16f18.jpg,glare_mild
train,Height_limit_5-7m_129_jpg.rf.a7b85f98272fd2934bd7adc66f196ebc.jpg,blur_moderate
train,Height_limit_5-7m_130_jpg.rf.4388ebd477702c2d663ae627bcddd3ac.jpg,small_distance_0.64|fog_mild
train,Height_limit_5-7m_133_jpg.rf.a7d14461508e33f6c4e6209bc63608e2.jpg,small_distance_0.66|low_light_moderate
train,Height_limit_5-7m_134_jpg.rf.d8977d72b547c56dac06316e1b77fc71.jpg,clean
train,Height_limit_5-7m_135_jpg.rf.ea45d218dc70abf21b67349d195d0388.jpg,small_distance_0.57
train,Height_limit_5-7m_139_jpg.rf.970fc6ecb55756a8eb7034b1ba973b34.jpg,low_light_mild
train,Height_limit_5-7m_13_jpg.rf.e3e79421640adc274d70b301037a6c57.jpg,small_distance_0.74|occlusion_mild
train,Height_limit_5-7m_140_jpg.rf.3344f26fa9403d86e0a4c9827ec8ffb1.jpg,fog_severe
train,Height_limit_5-7m_141_jpg.rf.f0b4e9d4ab5174e00cf18b8e97407bd1.jpg,fog_severe
train,Height_limit_5-7m_143_jpg.rf.259db5ec405517249426f5cb860bbaac.jpg,small_distance_0.84|glare_moderate
train,Height_limit_5-7m_144_jpg.rf.164686324d89acdcde461ab797040606.jpg,small_distance_0.67|rain_moderate
train,Height_limit_5-7m_148_jpg.rf.d3d75ea8b3b5fceec69f1a18efc80ee0.jpg,occlusion_moderate
train,Height_limit_5-7m_14_jpg.rf.9a5cf43e9b59fb00292f87b8d1a7188d.jpg,small_distance_0.80|blur_severe
train,Height_limit_5-7m_151_jpg.rf.e98e70158b82361b75c09fdf3c263c42.jpg,clean
train,Height_limit_5-7m_152_jpg.rf.9244f4581fdb06866dec6f40d1f16a70.jpg,clean
train,Height_limit_5-7m_154_jpg.rf.8866b65c91416447cd8e81dab5d77117.jpg,clean
train,Height_limit_5-7m_155_jpg.rf.f3f463591aaecf94aa57849b4650fe4e.jpg,clean
train,Height_limit_5-7m_156_jpg.rf.5f3137200481ec3029e8ac5d4071b701.jpg,small_distance_0.79|rain_severe
train,Height_limit_5-7m_157_jpg.rf.f82e2b899343cb328fc8d421baa653e5.jpg,small_distance_0.78
train,Height_limit_5-7m_158_jpg.rf.c315f31896ae6601c727e28219cf3be6.jpg,blur_severe
train,Height_limit_5-7m_159_jpg.rf.4429fd2ffbca2ae5327289e82a35fb23.jpg,glare_mild
train,Height_limit_5-7m_160_jpg.rf.70699917e151ba574bbd064a2951b609.jpg,blur_moderate
train,Height_limit_5-7m_161_jpg.rf.500d7dd244af607ff7f3cca2977d4471.jpg,small_distance_0.67|low_light_moderate
train,Height_limit_5-7m_163_jpg.rf.360646e707d1b685e3593202e83af543.jpg,clean
train,Height_limit_5-7m_164_jpg.rf.1ab1bee1a488adb3c22298a98d15607b.jpg,glare_moderate
train,Height_limit_5-7m_165_jpg.rf.c7bdd92c22974bc5dd719c3e1311af52.jpg,blur_moderate
train,Height_limit_5-7m_167_jpg.rf.dcb3e65afcb149eb04f8852392c16439.jpg,rain_severe
train,Height_limit_5-7m_168_jpg.rf.fcae98f1898729c2a8b3ae768b3d5166.jpg,clean
train,Height_limit_5-7m_169_jpg.rf.2f307711061080b01f24488e807f633d.jpg,clean
train,Height_limit_5-7m_16_jpg.rf.05d77c47c8730fe49236dffe458e74f0.jpg,clean
train,Height_limit_5-7m_170_jpg.rf.b9b33a5bdc309ebfa3de31de8df1ae16.jpg,small_distance_0.71|occlusion_severe
train,Height_limit_5-7m_172_jpg.rf.e5b8724856184c66cd26f4de47ca926e.jpg,occlusion_moderate
train,Height_limit_5-7m_174_jpg.rf.8b17dd091b10cde0d7d4d1bf0bc83729.jpg,small_distance_0.62|low_light_moderate
train,Height_limit_5-7m_175_jpg.rf.dbb2e5b0c3ccfc8c8d6fe19b3c584203.jpg,blur_severe
train,Height_limit_5-7m_177_jpg.rf.e023de328315558daec74b666606b41c.jpg,clean
train,Height_limit_5-7m_178_jpg.rf.56927eb51c07928dadc35594cd85e52d.jpg,small_distance_0.67|blur_moderate
train,Height_limit_5-7m_179_jpg.rf.3dcd1949403b428d8b7d3e8c0f94cb86.jpg,rain_severe
train,Height_limit_5-7m_17_jpg.rf.9758ac88aad796ee657b8a6be1a84de1.jpg,small_distance_0.69|occlusion_severe
train,Height_limit_5-7m_180_jpg.rf.c8b7443486888b61d605c2aecf84d496.jpg,occlusion_severe
train,Height_limit_5-7m_181_jpg.rf.71a057d5b7825f720114302780b0a86f.jpg,small_distance_0.67|glare_severe
train,Height_limit_5-7m_185_jpg.rf.2fd6977f288707e9ba47970f641b9228.jpg,clean
train,Height_limit_5-7m_186_jpg.rf.39972ce30f53dce5b3f8ec6944b961b7.jpg,small_distance_0.66|rain_moderate
train,Height_limit_5-7m_187_jpg.rf.b831a27ee5250b49d19bb0fe9eef2766.jpg,small_distance_0.76|occlusion_moderate
train,Height_limit_5-7m_188_jpg.rf.52984211896c30dfa0223aae893e44bf.jpg,small_distance_0.63
train,Height_limit_5-7m_18_jpg.rf.0c842d71cbae1dce64af44cd137ec4ca.jpg,clean
train,Height_limit_5-7m_190_jpg.rf.a7d41283441220b5d19cb85d1ae6af45.jpg,small_distance_0.61|blur_mild
train,Height_limit_5-7m_191_jpg.rf.3842ac8dabd7eccd378ece562da45d98.jpg,rain_severe
train,Height_limit_5-7m_193_jpg.rf.2142bc6f58764353c2d3a2fec0f01dab.jpg,small_distance_0.80|low_light_mild
train,Height_limit_5-7m_194_jpg.rf.385e46fb24a2692b7541536d66405caa.jpg,rain_severe
train,Height_limit_5-7m_196_jpg.rf.f1d1804aa7a36e06b7f8f593422c4b23.jpg,small_distance_0.81|rain_severe
train,Height_limit_5-7m_197_jpg.rf.c58abe05c2d12a8d84f6780fdb2df157.jpg,small_distance_0.60|blur_mild
train,Height_limit_5-7m_198_jpg.rf.78cac90eeb6affd6996313c379efc0e2.jpg,small_distance_0.79|fog_mild
train,Height_limit_5-7m_19_jpg.rf.d0502119bb2629c1415b8fdd13eb241f.jpg,small_distance_0.57|low_light_mild
train,Height_limit_5-7m_200_jpg.rf.5377023367886d1c095285d16b153d3d.jpg,fog_severe
train,Height_limit_5-7m_201_jpg.rf.5d18276fd6b0d9b9fff2315317c66686.jpg,rain_severe
train,Height_limit_5-7m_202_jpg.rf.f8041c50c7cc9a15ee2c61dc4b459acb.jpg,small_distance_0.78
train,Height_limit_5-7m_204_jpg.rf.cd7356acd03c46f09b792bfd72852fba.jpg,blur_mild
train,Height_limit_5-7m_205_jpg.rf.e87282ab8d8471411f93218f89c59545.jpg,clean
train,Height_limit_5-7m_206_jpg.rf.3a0701638aeed067693ce75e45f20ef1.jpg,occlusion_moderate
train,Height_limit_5-7m_208_jpg.rf.c88eeb89091f78bf9f014a20bb494ed1.jpg,small_distance_0.57|blur_mild
train,Height_limit_5-7m_209_jpg.rf.3b1604d7ecffd54925cc1d8562db97f5.jpg,small_distance_0.74|fog_moderate
train,Height_limit_5-7m_20_jpg.rf.281ae681f0e88e6404374a7de3d2b104.jpg,glare_severe
train,Height_limit_5-7m_210_jpg.rf.60b25292f82063b56a465444b366928c.jpg,occlusion_mild
train,Height_limit_5-7m_211_jpg.rf.8237d2d9de0a951fb7a4a8cda755710d.jpg,low_light_severe
train,Height_limit_5-7m_212_jpg.rf.f3e482509f05d12b160aa8e333811b61.jpg,rain_moderate
train,Height_limit_5-7m_213_jpg.rf.e61b8327848d696c4392847264eae241.jpg,small_distance_0.69|blur_moderate
train,Height_limit_5-7m_214_jpg.rf.a0f0e30ce3a777559989c3f42f204d36.jpg,fog_mild
train,Height_limit_5-7m_215_jpg.rf.fe5b84126758b8afd976b2a9517f331e.jpg,blur_mild
train,Height_limit_5-7m_217_jpg.rf.0b481a97d18feaec546b109420f863fe.jpg,small_distance_0.58|rain_severe
train,Height_limit_5-7m_218_jpg.rf.0fb7f6d5cc32da20ccad1c4542568f0f.jpg,small_distance_0.84|occlusion_mild
train,Height_limit_5-7m_219_jpg.rf.2264bac52808dbbf8ae473a9e6ffab11.jpg,clean
train,Height_limit_5-7m_21_jpg.rf.294db78cad3a498c396af0d33a64236a.jpg,occlusion_mild
train,Height_limit_5-7m_220_jpg.rf.9ef97407d94831487ea7fcc7b353771e.jpg,fog_mild
train,Height_limit_5-7m_221_jpg.rf.df83c4cfb449f249034892b1d75ce008.jpg,occlusion_moderate
train,Height_limit_5-7m_222_jpg.rf.9c2d7ee2a8e497cd3aa0a58662f6ebd0.jpg,small_distance_0.58
train,Height_limit_5-7m_224_jpg.rf.729d7953b0553494c2559d470a392adc.jpg,clean
train,Height_limit_5-7m_226_jpg.rf.52f4e828fead90a3b47598ef0b32637b.jpg,clean
train,Height_limit_5-7m_227_jpg.rf.608be691e3e58fc9492a401d6444fd74.jpg,clean
train,Height_limit_5-7m_229_jpg.rf.a939df57dae32624b1019f2273585732.jpg,occlusion_severe
train,Height_limit_5-7m_230_jpg.rf.97057868a52252a9f4d874b0b2860db4.jpg,small_distance_0.83
train,Height_limit_5-7m_231_jpg.rf.474277634cdbc92ec6a6a886fd60ee3d.jpg,small_distance_0.60|fog_moderate
train,Height_limit_5-7m_232_jpg.rf.43634fd49c73f45d1c103e376b3e6dc3.jpg,rain_severe
train,Height_limit_5-7m_233_jpg.rf.13fa20ae38fbe1f718ebcbfa0514d0a5.jpg,occlusion_severe
train,Height_limit_5-7m_236_jpg.rf.19181cdbb0cef789117a1fa744dc9756.jpg,low_light_mild
train,Height_limit_5-7m_238_jpg.rf.95e90788fc962c08c1d8a95a74084439.jpg,rain_moderate
train,Height_limit_5-7m_239_jpg.rf.148dc2c66bc8327bfeef188329204b85.jpg,small_distance_0.65
train,Height_limit_5-7m_23_jpg.rf.e44679d183fac4293e0550c0988f843a.jpg,clean
train,Height_limit_5-7m_240_jpg.rf.6e249e6453c6947c52dba57676ddc839.jpg,small_distance_0.78|blur_moderate
train,Height_limit_5-7m_241_jpg.rf.7d6695343a2c88f1dd763de08e578890.jpg,low_light_moderate
train,Height_limit_5-7m_243_jpg.rf.1137f65282e2c5c8255f71846c2e3f5b.jpg,low_light_mild
train,Height_limit_5-7m_244_jpg.rf.938e19b52506cddb2e228ab3f3c7d121.jpg,small_distance_0.58|low_light_moderate
train,Height_limit_5-7m_245_jpg.rf.a356e58d68a7361d8d876197811e4a49.jpg,rain_moderate
train,Height_limit_5-7m_246_jpg.rf.578cbce1e50fca54baecbafd05c89c29.jpg,rain_moderate
train,Height_limit_5-7m_247_jpg.rf.5999bfea96cd2a1bc11641fbf48bf07f.jpg,clean
train,Height_limit_5-7m_248_jpg.rf.3e565fe83c25085a75080ddf98875045.jpg,blur_mild
train,Height_limit_5-7m_249_jpg.rf.4ff30c62bab802dbeb933c5f8b868461.jpg,rain_moderate
train,Height_limit_5-7m_24_jpg.rf.d1352394093e70476197298dd776fa30.jpg,low_light_severe
train,Height_limit_5-7m_250_jpg.rf.e8f0cf427bdf68eab2c8842593fcff95.jpg,occlusion_mild
train,Height_limit_5-7m_251_jpg.rf.e5a9704fb03c94b736b31b6906f08f70.jpg,blur_moderate
train,Height_limit_5-7m_254_jpg.rf.7ec76e3122902391d7d6380017f1bcc4.jpg,occlusion_severe
train,Height_limit_5-7m_255_jpg.rf.6e751c789b4715fa1682143f6ecd5d23.jpg,blur_moderate
train,Height_limit_5-7m_256_jpg.rf.db82136214cecb54be730cb58ad737b3.jpg,small_distance_0.83|occlusion_moderate
train,Height_limit_5-7m_257_jpg.rf.2c8e540c5765c74f07a291b80112dc5f.jpg,small_distance_0.80|low_light_moderate
train,Height_limit_5-7m_258_jpg.rf.9aeb50c1cd4cfe2bae75ea841505fd6d.jpg,fog_severe
train,Height_limit_5-7m_259_jpg.rf.5cf35ea7b3148dc5828dda2108dc2715.jpg,small_distance_0.65|low_light_severe
train,Height_limit_5-7m_25_jpg.rf.d82f199e07c5483254505980e6e99515.jpg,small_distance_0.70
train,Height_limit_5-7m_260_jpg.rf.a045c569551500114a099313349b90de.jpg,small_distance_0.77
train,Height_limit_5-7m_262_jpg.rf.57e3fb3f28f915658dc8a3579d3f6077.jpg,rain_moderate
train,Height_limit_5-7m_263_jpg.rf.a5c0afc9510dcb96898af0ba33eedab0.jpg,small_distance_0.73
train,Height_limit_5-7m_264_jpg.rf.f7d689f647c4679fe2958d6dd0950c09.jpg,occlusion_moderate
train,Height_limit_5-7m_266_jpg.rf.d4567e4eb17c6f86c9cea58e809871aa.jpg,low_light_moderate
train,Height_limit_5-7m_267_jpg.rf.b74295e0c8fb7cdb3221ca2af68a6812.jpg,clean
train,Height_limit_5-7m_26_jpg.rf.49e4d4cbe2309978d15eb785c1a578da.jpg,clean
train,Height_limit_5-7m_270_jpg.rf.2879456955ae7df0bb048395f107cc32.jpg,small_distance_0.84|glare_mild
train,Height_limit_5-7m_271_jpg.rf.8aec4915e71b80c08d513f717b12700f.jpg,fog_severe
train,Height_limit_5-7m_272_jpg.rf.69eddde8b1e8ccea31c420da69be04be.jpg,small_distance_0.70|glare_mild
train,Height_limit_5-7m_273_jpg.rf.e4a53a85a81ad8c5496e64c09e4bcee0.jpg,small_distance_0.80|blur_severe
train,Height_limit_5-7m_274_jpg.rf.cceb6d964563db906273338dfb6474be.jpg,low_light_severe
train,Height_limit_5-7m_275_jpg.rf.d97d3cd03a0fb70771a661240a1cd995.jpg,blur_moderate
train,Height_limit_5-7m_276_jpg.rf.7b7c71b446f9254352d457bc46f82cfb.jpg,rain_moderate
train,Height_limit_5-7m_277_jpg.rf.e03ad562bb5ec54d430a658c9d78a0cf.jpg,blur_moderate
train,Height_limit_5-7m_278_jpg.rf.a159467dff5f5a38a18652abc1784827.jpg,small_distance_0.82|occlusion_mild
train,Height_limit_5-7m_279_jpg.rf.1414fbb503d35d1b9f78f486c99bcc76.jpg,rain_severe
train,Height_limit_5-7m_27_jpg.rf.27546d1d4d40269f01699a028ce63e8f.jpg,low_light_severe
train,Height_limit_5-7m_282_jpg.rf.8e8e1e1004167eb8aa4d2d82edf0ceae.jpg,small_distance_0.66|glare_moderate
train,Height_limit_5-7m_284_jpg.rf.c24740ff0fdfc35ca9210c121e417031.jpg,occlusion_severe
train,Height_limit_5-7m_285_jpg.rf.99c8dc37adfd24991b276f266cea012c.jpg,small_distance_0.65|glare_moderate
train,Height_limit_5-7m_287_jpg.rf.38ab28fe26e8e01b69380fb9188e0be5.jpg,small_distance_0.81
train,Height_limit_5-7m_288_jpg.rf.89fd144066709d92804902bdd6d275e5.jpg,blur_severe
train,Height_limit_5-7m_290_jpg.rf.e8cd0e45e070a256a815f343c3aad48d.jpg,clean
train,Height_limit_5-7m_291_jpg.rf.8e10de12534ff0f06084de68bf903591.jpg,small_distance_0.75|rain_severe
train,Height_limit_5-7m_293_jpg.rf.d7105c42de9bb2aed4a669da239c31f5.jpg,low_light_moderate
train,Height_limit_5-7m_294_jpg.rf.b7eab32b74abe34be5c29c9caecc3a84.jpg,rain_severe
train,Height_limit_5-7m_296_jpg.rf.c0336eae9e5dd1ccaa62a0871f544578.jpg,clean
train,Height_limit_5-7m_297_jpg.rf.4a4f91d3b98ffae641e045b86a825374.jpg,clean
train,Height_limit_5-7m_298_jpg.rf.951cbd1016f989a7a9dfe3d0135043fc.jpg,small_distance_0.75|blur_moderate
train,Height_limit_5-7m_299_jpg.rf.ae5503b652ea3218675829a100f2bd53.jpg,small_distance_0.84|glare_mild
train,Height_limit_5-7m_29_jpg.rf.6f4b514fbca1b7397f710423fc230148.jpg,small_distance_0.59|blur_severe
train,Height_limit_5-7m_2_jpg.rf.a108dfbf04cb8c94cab09eac1f254854.jpg,clean
train,Height_limit_5-7m_301_jpg.rf.d302cbf4eeb2f08f4ae18b05a603c53e.jpg,fog_severe
train,Height_limit_5-7m_303_jpg.rf.70145d65b75a5e02a0cc48d9a947a17e.jpg,small_distance_0.66|occlusion_severe
train,Height_limit_5-7m_304_jpg.rf.4b612a654eb6aee83981cf39656aa82f.jpg,glare_mild
train,Height_limit_5-7m_305_jpg.rf.76fa2aa75c04d2c5cf3cf9fd6f2ad2b8.jpg,rain_moderate
train,Height_limit_5-7m_306_jpg.rf.1d07d5756edbb679f37a0d45fdac5f7e.jpg,clean
train,Height_limit_5-7m_308_jpg.rf.00811de7331bd73c0cf39d2068ee830d.jpg,rain_moderate
train,Height_limit_5-7m_309_jpg.rf.a2afd92521535f3ba9e2df2303027296.jpg,clean
train,Height_limit_5-7m_30_jpg.rf.202b720dd90e448982bc23afc95803f3.jpg,occlusion_severe
train,Height_limit_5-7m_311_jpg.rf.535a8c0a053cadd793ae7da2de73bc88.jpg,fog_moderate
train,Height_limit_5-7m_312_jpg.rf.1f65c7becab7392df032b7636532072a.jpg,rain_mild
train,Height_limit_5-7m_313_jpg.rf.dc9e663bd4c14f71afeca890bb305a63.jpg,fog_mild
train,Height_limit_5-7m_314_jpg.rf.1ede04633ba8b89c8ddfd7be99118253.jpg,clean
train,Height_limit_5-7m_315_jpg.rf.6cf9343f1859bcba9546f63ce8f13f29.jpg,low_light_mild
train,Height_limit_5-7m_316_jpg.rf.0da6f536cf56a4831fa1d7202b1aebaa.jpg,small_distance_0.78|low_light_mild
train,Height_limit_5-7m_318_jpg.rf.510c2a16b3ba6560032f6fc48a1bc705.jpg,rain_moderate
train,Height_limit_5-7m_319_jpg.rf.25cdf2cb9bdc761fe2b9c5ed90dc52f0.jpg,clean
train,Height_limit_5-7m_320_jpg.rf.4979a353e1c1cf43e001c6f462f8f069.jpg,fog_mild
train,Height_limit_5-7m_321_jpg.rf.f21852f8922b70e3fd7ad759809a84fd.jpg,rain_mild
train,Height_limit_5-7m_322_jpg.rf.95bf26fc20c310b03d22e0177f84d2ca.jpg,small_distance_0.58|fog_mild
train,Height_limit_5-7m_324_jpg.rf.2e1cf5bca383040a2c42502ad31010cc.jpg,small_distance_0.64
train,Height_limit_5-7m_325_jpg.rf.7868742a5c6358f03892798b1945cd52.jpg,occlusion_moderate
train,Height_limit_5-7m_326_jpg.rf.a91bd3d72fc5cdfaa2438aae8033f45f.jpg,blur_mild
train,Height_limit_5-7m_327_jpg.rf.4121643e249d6397f07f4e413ce6066f.jpg,small_distance_0.80|occlusion_severe
train,Height_limit_5-7m_328_jpg.rf.660ec54ba23530396a111d8e830dd312.jpg,fog_mild
train,Height_limit_5-7m_329_jpg.rf.8d76d740b82da523acb28a70ada6c595.jpg,small_distance_0.56|low_light_moderate
train,Height_limit_5-7m_32_jpg.rf.f82d9a423f21ff54d3f751e742ec12a4.jpg,small_distance_0.80|low_light_mild
train,Height_limit_5-7m_330_jpg.rf.04ad2c2656b28c62077e69bdafdb72f7.jpg,occlusion_mild
train,Height_limit_5-7m_331_jpg.rf.dc105158bd7912eee7ddc4e4789f673f.jpg,small_distance_0.55|low_light_moderate
train,Height_limit_5-7m_332_jpg.rf.8709e5d07ad3f10e8900fc552f7e042d.jpg,small_distance_0.75|fog_mild
train,Height_limit_5-7m_333_jpg.rf.7b064d3ff0187882a97ac1ec59d8d362.jpg,low_light_severe
train,Height_limit_5-7m_334_jpg.rf.ccaf8bc421257ca9a6279767faf940a8.jpg,small_distance_0.81|glare_moderate
train,Height_limit_5-7m_336_jpg.rf.89bf22a57551f907c095ed420e52514b.jpg,small_distance_0.55
train,Height_limit_5-7m_337_jpg.rf.c48bbceefbed6f4eef440145c425841d.jpg,small_distance_0.77|low_light_severe
train,Height_limit_5-7m_338_jpg.rf.bcce350763723be3baf88fe31e51da26.jpg,fog_severe
train,Height_limit_5-7m_33_jpg.rf.9f4d931873d44d7bd93c00e8a1fcab2b.jpg,small_distance_0.74
train,Height_limit_5-7m_340_jpg.rf.0d2c28f576a741dc74689cf47f95f676.jpg,clean
train,Height_limit_5-7m_342_jpg.rf.e6ed8a5ab0b1b0890aa8e8befb8d7503.jpg,rain_mild
train,Height_limit_5-7m_343_jpg.rf.0a90d9f6c621a1038cede9149275f97b.jpg,clean
train,Height_limit_5-7m_344_jpg.rf.cc5eb8a679a942d1c6374dd60a0dfc08.jpg,small_distance_0.61
train,Height_limit_5-7m_346_jpg.rf.35406354542217dfb794bc97e26da2ae.jpg,fog_severe
train,Height_limit_5-7m_348_jpg.rf.3e99f68712ca1e00624e746b96972c34.jpg,clean
train,Height_limit_5-7m_34_jpg.rf.2a90be96532e54cde8bddd43231116e0.jpg,occlusion_mild
train,Height_limit_5-7m_350_jpg.rf.d2fc05511f3bf07e9eef82501094d340.jpg,small_distance_0.81|occlusion_moderate
train,Height_limit_5-7m_352_jpg.rf.230df17236dbcf43c87a39718d7f49bc.jpg,small_distance_0.79|glare_severe
train,Height_limit_5-7m_354_jpg.rf.47ee32043c25140ce1491255b9c21232.jpg,clean
train,Height_limit_5-7m_355_jpg.rf.d65677e21020229c29f36f102da72428.jpg,small_distance_0.61|fog_severe
train,Height_limit_5-7m_357_jpg.rf.d7b71c62cd2d02aaf7cdadfc4e14c9b9.jpg,small_distance_0.57|glare_severe
train,Height_limit_5-7m_359_jpg.rf.5fd1a6ca7b9380fb54d87149a9c6ab63.jpg,fog_moderate
train,Height_limit_5-7m_35_jpg.rf.1c1fdec6e5207cf7fceaaed08b2a71fe.jpg,small_distance_0.65|glare_severe
train,Height_limit_5-7m_360_jpg.rf.aa8deb47d02a303eb8d0031fd89c90d6.jpg,glare_moderate
train,Height_limit_5-7m_361_jpg.rf.f2f6eb83f4caac1c47d6fd43a875225e.jpg,fog_severe
train,Height_limit_5-7m_365_jpg.rf.6765ccd5dd108c5d16cd44c38de2edce.jpg,blur_mild
train,Height_limit_5-7m_369_jpg.rf.672d8bb6e4c3549fe04cf0b23d2d5326.jpg,low_light_severe
train,Height_limit_5-7m_36_jpg.rf.ce5deb7d58f87c0a1cbeeae78b284090.jpg,clean
train,Height_limit_5-7m_370_jpg.rf.e0cbe7a7f1b0f0a96deb883948dec210.jpg,small_distance_0.73
train,Height_limit_5-7m_371_jpg.rf.5b77418eefd4797c28deedc6b3d027ae.jpg,small_distance_0.57
train,Height_limit_5-7m_373_jpg.rf.3700fa5159bebc3abf5b5d20ce44fe78.jpg,low_light_mild
train,Height_limit_5-7m_374_jpg.rf.10b38560ef12d591da0c31c8fdbeab8f.jpg,fog_moderate
train,Height_limit_5-7m_376_jpg.rf.0f8aee3c45a9f98724bce332da4dfcb6.jpg,rain_severe
train,Height_limit_5-7m_377_jpg.rf.e523e1fd6038e57cee249874f1d5fd09.jpg,fog_mild
train,Height_limit_5-7m_37_jpg.rf.3eab352c7737a3004e841543a835ef31.jpg,rain_moderate
train,Height_limit_5-7m_381_jpg.rf.734d45c1dfcd97965fc63203f45717a0.jpg,clean
train,Height_limit_5-7m_384_jpg.rf.c33d58952714e0207223aefefa3263bd.jpg,small_distance_0.78|rain_severe
train,Height_limit_5-7m_385_jpg.rf.fa39a4434a45bbf56f409d4531b0c310.jpg,small_distance_0.82|blur_mild
train,Height_limit_5-7m_386_jpg.rf.6705c99489950f1db6e1169f41ea8392.jpg,occlusion_moderate
train,Height_limit_5-7m_389_jpg.rf.250108a05d08f7cc7cccf15f919a4ad1.jpg,clean
train,Height_limit_5-7m_38_jpg.rf.896be3db6fac57cb494d05552bec43e0.jpg,clean
train,Height_limit_5-7m_390_jpg.rf.2bf87a06622d4a19d0ee5bfc97c132ec.jpg,low_light_severe
train,Height_limit_5-7m_391_jpg.rf.79e73c02e01a421bcfe8430e72500fbb.jpg,small_distance_0.64|occlusion_severe
train,Height_limit_5-7m_392_jpg.rf.e98ee3c0df10f776a71e6f389dfa3e0d.jpg,clean
train,Height_limit_5-7m_395_jpg.rf.28586eeb2784cd0d48564a24a0d71773.jpg,rain_mild
train,Height_limit_5-7m_397_jpg.rf.431770f58da85da6895f71ab7f5f533c.jpg,small_distance_0.70|low_light_moderate
train,Height_limit_5-7m_398_jpg.rf.9b57c7de76ae543bf102b8e0c035d02e.jpg,clean
train,Height_limit_5-7m_399_jpg.rf.000897925c0aac0cf1c9bf365e2ba96b.jpg,small_distance_0.82|glare_severe
train,Height_limit_5-7m_39_jpg.rf.8c1f35f9d08968d593b3b7736b66b797.jpg,glare_severe
train,Height_limit_5-7m_3_jpg.rf.3d54b5254b4dd9aed2e3def0cd0263fb.jpg,small_distance_0.84|glare_moderate
train,Height_limit_5-7m_400_jpg.rf.283fc8886fb918a2b779938f50e6680f.jpg,low_light_severe
train,Height_limit_5-7m_401_jpg.rf.24387235b5e5e0e054e04cfa33ab6bfb.jpg,clean
train,Height_limit_5-7m_403_jpg.rf.e948a33dbca38931bd174cbb69042cee.jpg,small_distance_0.70
train,Height_limit_5-7m_405_jpg.rf.152b68d0ec616833b8f65e5b8865e1a1.jpg,fog_mild
train,Height_limit_5-7m_408_jpg.rf.2735fdde2af34da6df62be77e9226025.jpg,small_distance_0.83|low_light_moderate
train,Height_limit_5-7m_409_jpg.rf.ea01e57f70bce7c2d89e23ee29719ec4.jpg,occlusion_severe
train,Height_limit_5-7m_410_jpg.rf.7186ca73154aecc4a54d4c5ff234bba6.jpg,small_distance_0.74|blur_severe
train,Height_limit_5-7m_411_jpg.rf.2521a418200ac3693056c6fddf7536f5.jpg,low_light_mild
train,Height_limit_5-7m_412_jpg.rf.3e301efe23ac5a2028a9740dda0e55db.jpg,small_distance_0.74
train,Height_limit_5-7m_413_jpg.rf.5fb348d55581721f64af7f6a6f852f02.jpg,small_distance_0.83|blur_mild
train,Height_limit_5-7m_414_jpg.rf.4df59cacd1b892aba45831c6f9c6d4c8.jpg,small_distance_0.74|occlusion_mild
train,Height_limit_5-7m_415_jpg.rf.acc34595dfc75bb32b355cfcdaada1ca.jpg,occlusion_mild
train,Height_limit_5-7m_416_jpg.rf.4c0585ee4f56ae2db528f07203267911.jpg,fog_severe
train,Height_limit_5-7m_418_jpg.rf.fdefcd828f850251766048026492fc80.jpg,occlusion_moderate
train,Height_limit_5-7m_41_jpg.rf.ae0cf37f5d47627e93eb769e48c613ab.jpg,small_distance_0.57|glare_moderate
train,Height_limit_5-7m_420_jpg.rf.12db235a8b699559cf6b92ff0d027299.jpg,low_light_mild
train,Height_limit_5-7m_421_jpg.rf.cdcfdfbaeee72f5f89d7fbe81ea12eb9.jpg,small_distance_0.77|fog_moderate
train,Height_limit_5-7m_422_jpg.rf.290acfc68a70b6c8de52c58e7f23a1d5.jpg,small_distance_0.66|fog_mild
train,Height_limit_5-7m_423_jpg.rf.cfad13d15fd365b98fc635161e6cdbb4.jpg,rain_mild
train,Height_limit_5-7m_425_jpg.rf.6b29915ae0975febabb56f0a178d5efe.jpg,small_distance_0.64|low_light_moderate
train,Height_limit_5-7m_426_jpg.rf.e7099225e1d9422e8da2d23216fb7324.jpg,small_distance_0.81|fog_severe
train,Height_limit_5-7m_427_jpg.rf.021cdfb17e19a6f82e702faba6c0c0e7.jpg,rain_moderate
train,Height_limit_5-7m_428_jpg.rf.13c443487bfbd838dbba903b94ad0cf9.jpg,fog_moderate
train,Height_limit_5-7m_429_jpg.rf.0d48ce9f114f4ddbd1512eda9d793c17.jpg,small_distance_0.83|rain_mild
train,Height_limit_5-7m_42_jpg.rf.f75a0797dbff519bc42c02c2b7bed519.jpg,fog_moderate
train,Height_limit_5-7m_430_jpg.rf.dd0d49f248d6dd000819e804bbc31c80.jpg,clean
train,Height_limit_5-7m_432_jpg.rf.9b1fcb9a932a93b83791d8ec4c3dfee9.jpg,blur_mild
train,Height_limit_5-7m_434_jpg.rf.ae4d25493018425cd85bcc19345cfa98.jpg,clean
train,Height_limit_5-7m_435_jpg.rf.113f0e429dc8456cc0cac97b0ffea999.jpg,clean
train,Height_limit_5-7m_436_jpg.rf.c787281fef07f2134f51ee392592b7f7.jpg,low_light_severe
train,Height_limit_5-7m_437_jpg.rf.293d8f24aea1835bbbecc459ad5f70ad.jpg,small_distance_0.72|low_light_moderate
train,Height_limit_5-7m_439_jpg.rf.178be5f9fd658eb1b81e028bb5860eca.jpg,low_light_severe
train,Height_limit_5-7m_440_jpg.rf.4d1723a775b267d38b7afc047fdff762.jpg,blur_moderate
train,Height_limit_5-7m_442_jpg.rf.27b115e5986934bc5ae7f859cc5ffa31.jpg,clean
train,Height_limit_5-7m_444_jpg.rf.77b7982a63fa2ea92d4500a2c6a2a8ab.jpg,rain_mild
train,Height_limit_5-7m_447_jpg.rf.b1907a4c63c70d25bac55af959fa3d61.jpg,blur_mild
train,Height_limit_5-7m_449_jpg.rf.490a5ce2503d10168b3b35d68e4605b2.jpg,small_distance_0.76
train,Height_limit_5-7m_44_jpg.rf.f8267d43419dec5858356ca37035b512.jpg,low_light_mild
train,Height_limit_5-7m_450_jpg.rf.44c5bd163c2281fd049a40510e1f00b7.jpg,small_distance_0.73|low_light_severe
train,Height_limit_5-7m_451_jpg.rf.2ae1fe8bbb06f2d57a7e85f21730b4ef.jpg,low_light_severe
train,Height_limit_5-7m_453_jpg.rf.00982798c8a2064b4cdeaa49511f8032.jpg,fog_moderate
train,Height_limit_5-7m_454_jpg.rf.73fd2ebc2faef24ab56597caffb3f77c.jpg,occlusion_mild
train,Height_limit_5-7m_457_jpg.rf.ce33f329696ec07831a341528d7d16ba.jpg,occlusion_severe
train,Height_limit_5-7m_459_jpg.rf.e723bd4b5e35615ef4201e8b9c05b7fc.jpg,fog_severe
train,Height_limit_5-7m_460_jpg.rf.6dd545313886d00c3a8652e02e341265.jpg,clean
train,Height_limit_5-7m_462_jpg.rf.a0a13c51bfea0c528782e22ae37b9943.jpg,low_light_moderate
train,Height_limit_5-7m_463_jpg.rf.f7f2744c7345551de83cb2cbadc7331e.jpg,small_distance_0.74|glare_mild
train,Height_limit_5-7m_464_jpg.rf.57faec198336b5bccecdd68121c86851.jpg,low_light_severe
train,Height_limit_5-7m_465_jpg.rf.df5075cc6f2fbd156b92c60582b5a75a.jpg,small_distance_0.56|rain_moderate
train,Height_limit_5-7m_467_jpg.rf.fb7a3e6f3921e101029d15d94ce07852.jpg,low_light_moderate
train,Height_limit_5-7m_468_jpg.rf.b7b155539e23e3c63bc7eddf2fd07b54.jpg,blur_severe
train,Height_limit_5-7m_469_jpg.rf.0c6aa58f2ef789156805a8d23d1925fb.jpg,small_distance_0.61|occlusion_moderate
train,Height_limit_5-7m_46_jpg.rf.586e304f43a26447ebdb8493d9dacf25.jpg,rain_moderate
train,Height_limit_5-7m_470_jpg.rf.fd5c132d281037da34c9df863f083374.jpg,fog_severe
train,Height_limit_5-7m_471_jpg.rf.b55d78591c20139edb78723b83d0b569.jpg,occlusion_severe
train,Height_limit_5-7m_472_jpg.rf.0e2188b051a7f2c57372d4a1523f5457.jpg,small_distance_0.70
train,Height_limit_5-7m_473_jpg.rf.12df4e13e39bd3f38747054e011b015b.jpg,small_distance_0.64
train,Height_limit_5-7m_474_jpg.rf.67c4446519b881f7cea4a6401bc694ba.jpg,clean
train,Height_limit_5-7m_475_jpg.rf.3266026225bf513c80424112ac8da5c4.jpg,glare_moderate
train,Height_limit_5-7m_476_jpg.rf.a1411d6178b184484bc82fac57f502fd.jpg,occlusion_moderate
train,Height_limit_5-7m_477_jpg.rf.9f701063a5a45a93fe4654e740af7871.jpg,small_distance_0.72|glare_moderate
train,Height_limit_5-7m_47_jpg.rf.cfdf751c8f469e077b589e60fa083eba.jpg,clean
train,Height_limit_5-7m_480_jpg.rf.28fb6bae461fce91d19edb0d64f8909d.jpg,small_distance_0.64|fog_moderate
train,Height_limit_5-7m_484_jpg.rf.1618029afb507adca66036538766ce62.jpg,rain_mild
train,Height_limit_5-7m_486_jpg.rf.d2465667535860803bf3a4144bfdbed3.jpg,low_light_severe
train,Height_limit_5-7m_488_jpg.rf.7ba74fc92a651f5eb9d2c8c20f09b9c8.jpg,small_distance_0.58|rain_mild
train,Height_limit_5-7m_494_jpg.rf.bc9c7485144f9ccb0a7e96ddf3de94e5.jpg,small_distance_0.82|rain_mild
train,Height_limit_5-7m_498_jpg.rf.f624da4bbf59a15c04fe8fa553803ff7.jpg,small_distance_0.65|occlusion_mild
train,Height_limit_5-7m_49_jpg.rf.c6afe5a091ac94e0ae449f4f077500d9.jpg,small_distance_0.72
train,Height_limit_5-7m_4_jpg.rf.fa9a1711d79128f12d93c10e6ec8e4d9.jpg,clean
train,Height_limit_5-7m_500_jpg.rf.9dc0e036b336fd863b4670c88c850e4b.jpg,rain_moderate
train,Height_limit_5-7m_504_jpg.rf.ef2e53b0f74af94bac91754ec1bf282d.jpg,small_distance_0.74
train,Height_limit_5-7m_505_jpg.rf.c8a4b58f9005e7c2a59b5c16d6c31c69.jpg,small_distance_0.72|occlusion_mild
train,Height_limit_5-7m_506_jpg.rf.a21a369c22013eadb0e4e14f9c1ec90d.jpg,rain_mild
train,Height_limit_5-7m_507_jpg.rf.72eb11efd42c85001a8410d11c9e9ce5.jpg,glare_mild
train,Height_limit_5-7m_509_jpg.rf.551df298e36ef01fd000613c8f4d5a84.jpg,clean
train,Height_limit_5-7m_510_jpg.rf.52481d2eff7d59beb87523593607740a.jpg,clean
train,Height_limit_5-7m_511_jpg.rf.4a9e58671b8857e034b0aa6334140285.jpg,small_distance_0.72|fog_moderate
train,Height_limit_5-7m_512_jpg.rf.4cabdcf4ddc611ed6f57f2932169ec05.jpg,low_light_moderate
train,Height_limit_5-7m_513_jpg.rf.bac7f8a6cde9e53e97a40fa1ecf41ce6.jpg,low_light_moderate
train,Height_limit_5-7m_514_jpg.rf.e1faf10cc6db3e4cabdedfbb63158426.jpg,small_distance_0.79|occlusion_moderate
train,Height_limit_5-7m_515_jpg.rf.e945dedad209b05747a797a2bc38bd21.jpg,blur_severe
train,Height_limit_5-7m_516_jpg.rf.08a71fb59592384b3b3c76963c908096.jpg,small_distance_0.64|rain_mild
train,Height_limit_5-7m_518_jpg.rf.98156dfb1562ce9009d951dc69d41453.jpg,glare_moderate
train,Height_limit_5-7m_519_jpg.rf.323fdea71317269fbea3af646ef8547d.jpg,occlusion_mild
train,Height_limit_5-7m_51_jpg.rf.b902000118d40288223c604acb13b652.jpg,small_distance_0.59|rain_mild
train,Height_limit_5-7m_520_jpg.rf.2f50db05331a02c7b6dab5c0d0a63631.jpg,small_distance_0.62
train,Height_limit_5-7m_522_jpg.rf.112a37cd63897791f70656801eea78f8.jpg,occlusion_severe
train,Height_limit_5-7m_523_jpg.rf.6342095a2831a7a87389d68f1b0602da.jpg,small_distance_0.75|blur_severe
train,Height_limit_5-7m_525_jpg.rf.24139f4f1a514df8b441267468670c5d.jpg,small_distance_0.64|low_light_severe
train,Height_limit_5-7m_526_jpg.rf.bb948bdda303dea5cc55c92d622601dc.jpg,occlusion_moderate
train,Height_limit_5-7m_527_jpg.rf.2e97a6e8852be7fc65e1fa1d4250975b.jpg,rain_moderate
train,Height_limit_5-7m_528_jpg.rf.f9cbb5bff41003a9054487f8f005883b.jpg,small_distance_0.77|glare_severe
train,Height_limit_5-7m_529_jpg.rf.610da55099274cfa5a2cd0025718f1e3.jpg,low_light_severe
train,Height_limit_5-7m_531_jpg.rf.5151e006c7520a3e156031ddca2337e5.jpg,clean
train,Height_limit_5-7m_533_jpg.rf.9b3398ccef8e72314e9daa46629a3161.jpg,blur_severe
train,Height_limit_5-7m_534_jpg.rf.571ca7650ac33c47ad7e42d71b683d63.jpg,blur_severe
train,Height_limit_5-7m_535_jpg.rf.f162078644b0972d95a37da6cb594199.jpg,small_distance_0.80
train,Height_limit_5-7m_536_jpg.rf.cc62c038d0a60e1ed841f7a6f0a265ba.jpg,small_distance_0.71|low_light_moderate
train,Height_limit_5-7m_539_jpg.rf.7eff9bcfb5ba3bd7d4c822ba67dcf9d1.jpg,small_distance_0.61|blur_severe
train,Height_limit_5-7m_53_jpg.rf.605700968b4c7cc0397d4adf329e54bc.jpg,rain_severe
train,Height_limit_5-7m_540_jpg.rf.2f288a6e4ba3ec4ee5dc6d11b4e4f88f.jpg,low_light_moderate
train,Height_limit_5-7m_541_jpg.rf.feec98b639fac41ee042b7b2592d918a.jpg,blur_moderate
train,Height_limit_5-7m_542_jpg.rf.0e3f7f4ca505e7c6f3f8879289004245.jpg,small_distance_0.55|blur_mild
train,Height_limit_5-7m_543_jpg.rf.6858af30d00bb482e07fe1b91739c957.jpg,low_light_mild
train,Height_limit_5-7m_546_jpg.rf.a20ceb2d543f5b650e7264898835b854.jpg,glare_mild
train,Height_limit_5-7m_549_jpg.rf.462560eea2434e2c17ca93c6b78d7f08.jpg,small_distance_0.60|occlusion_severe
train,Height_limit_5-7m_54_jpg.rf.debd598a980b0a4565d5b509dfcf67cd.jpg,glare_moderate
train,Height_limit_5-7m_550_jpg.rf.c556395439245d345e5e3e3c318d5550.jpg,clean
train,Height_limit_5-7m_551_jpg.rf.c097af07c0e3e2f5b8752d69e57d7065.jpg,occlusion_severe
train,Height_limit_5-7m_552_jpg.rf.0ffe0d41b4f2374bf81094179e2cd388.jpg,small_distance_0.81|low_light_moderate
train,Height_limit_5-7m_553_jpg.rf.277599c45e62b9c6a2d69358f6d94229.jpg,rain_mild
train,Height_limit_5-7m_554_jpg.rf.a84e8319715288d99bf884eb617f68e2.jpg,clean
train,Height_limit_5-7m_555_jpg.rf.429ec68dc72c20240970263a8951e33d.jpg,glare_severe
train,Height_limit_5-7m_556_jpg.rf.3fb20c42bc4310197551e172c6f421b7.jpg,glare_moderate
train,Height_limit_5-7m_559_jpg.rf.934a4c879a40cbb306a82dc947105e18.jpg,small_distance_0.61
train,Height_limit_5-7m_560_jpg.rf.bd0dc213025a670830dff95192c31431.jpg,occlusion_moderate
train,Height_limit_5-7m_561_jpg.rf.3fd5bde060c710194c540245a1d6d692.jpg,clean
train,Height_limit_5-7m_562_jpg.rf.23a92fc8c4bb739abd50a96abca9ebe1.jpg,blur_mild
train,Height_limit_5-7m_563_jpg.rf.0f80282bf1fee89de65368027dc9c167.jpg,occlusion_severe
train,Height_limit_5-7m_564_jpg.rf.6596e7e8c25294453fa24cac25976d94.jpg,blur_moderate
train,Height_limit_5-7m_565_jpg.rf.1ddb463333e1c1a34d38ce0179c43760.jpg,blur_mild
train,Height_limit_5-7m_566_jpg.rf.64dd5dd2527fd88b0cd98975e64ea003.jpg,occlusion_severe
train,Height_limit_5-7m_567_jpg.rf.119f1639406869e38c070703bee41cf9.jpg,small_distance_0.73|fog_mild
train,Height_limit_5-7m_569_jpg.rf.8f36f1fd5a781f778c2a0d5c4ff53a7b.jpg,small_distance_0.59|rain_moderate
train,Height_limit_5-7m_56_jpg.rf.d659e06ea1e39719461b1ea7f4253418.jpg,small_distance_0.57
train,Height_limit_5-7m_570_jpg.rf.7d3ed33c70d61d4cb7732e557f99c4e9.jpg,clean
train,Height_limit_5-7m_572_jpg.rf.71b89113da4f426c32aba47a24144d41.jpg,glare_mild
train,Height_limit_5-7m_573_jpg.rf.3150291c0319ed43af43f349ffc04648.jpg,clean
train,Height_limit_5-7m_574_jpg.rf.6159916a9f30ba34a5dc8445b14fb26e.jpg,clean
train,Height_limit_5-7m_575_jpg.rf.25c1405955755a273e6282dcf79f546b.jpg,small_distance_0.67|glare_mild
train,Height_limit_5-7m_576_jpg.rf.b275f3b029107f1e06e71d43b4528abd.jpg,rain_moderate
train,Height_limit_5-7m_578_jpg.rf.be025ba93862bea431731e61af90ea73.jpg,glare_mild
train,Height_limit_5-7m_579_jpg.rf.4e241c6d7af0faa7ce36fab54e59ade8.jpg,clean
train,Height_limit_5-7m_580_jpg.rf.737ba1f8ab378a6f56fb3e4cd2fe7cbd.jpg,rain_moderate
train,Height_limit_5-7m_581_jpg.rf.bd7ab07c983e1e96c65fb8af4e85e661.jpg,small_distance_0.74
train,Height_limit_5-7m_583_jpg.rf.e1c23beb90f95851edd904968d58996c.jpg,occlusion_mild
train,Height_limit_5-7m_584_jpg.rf.0587d20e846def2b940ac495f9382a2c.jpg,small_distance_0.66|blur_mild
train,Height_limit_5-7m_585_jpg.rf.9b3004c8ea8c66a1cb982cd967809d2b.jpg,small_distance_0.78|low_light_mild
train,Height_limit_5-7m_586_jpg.rf.74aac8deea4ec7fea531c91246062b7f.jpg,clean
train,Height_limit_5-7m_587_jpg.rf.490a497865e90d341a7008fd6641759c.jpg,small_distance_0.84|rain_severe
train,Height_limit_5-7m_589_jpg.rf.8233b4a30a20247951d3355863f12e52.jpg,small_distance_0.85|rain_severe
train,Height_limit_5-7m_58_jpg.rf.59697da6b25f8319f39d1c1abc399c68.jpg,rain_severe
train,Height_limit_5-7m_590_jpg.rf.aa26f28d02972363c4a15ba49f6f013a.jpg,small_distance_0.63|occlusion_moderate
train,Height_limit_5-7m_591_jpg.rf.ddc8c648d2e18c2f3ad1941dfd208194.jpg,small_distance_0.66
train,Height_limit_5-7m_592_jpg.rf.b23bbdb8942f684286ae46d3b43c9243.jpg,clean
train,Height_limit_5-7m_594_jpg.rf.3fe1c1467bfb92e0e0ccd674c163657b.jpg,clean
train,Height_limit_5-7m_595_jpg.rf.5012074534884c60cdce2fe2b672f1ca.jpg,small_distance_0.61|blur_severe
train,Height_limit_5-7m_596_jpg.rf.d1dd7299af0ace9929e5e22cb240050b.jpg,blur_moderate
train,Height_limit_5-7m_598_jpg.rf.5851983fee74972e41c7c1c4d2b7923d.jpg,occlusion_moderate
train,Height_limit_5-7m_599_jpg.rf.f9fb97c8325fc8cbcb68c5e30586d1ac.jpg,small_distance_0.61|low_light_mild
train,Height_limit_5-7m_5_jpg.rf.5c5c07f3fbfb3b37cc4a8b20a34413a1.jpg,occlusion_moderate
train,Height_limit_5-7m_600_jpg.rf.9a80a2892dc55e54cf979db6674ae3c0.jpg,small_distance_0.80
train,Height_limit_5-7m_601_jpg.rf.1d44b799800860afe552be68d975b589.jpg,rain_severe
train,Height_limit_5-7m_602_jpg.rf.a64d869a60b4821bdafddc5cf97c9fec.jpg,occlusion_severe
train,Height_limit_5-7m_603_jpg.rf.3830238595413dd4ae466afcdf42ce37.jpg,clean
train,Height_limit_5-7m_606_jpg.rf.c2f1bd36317af3b2a47d4c7b5eb195cc.jpg,blur_severe
train,Height_limit_5-7m_607_jpg.rf.511f45d857876a7aa8d22b97ec8f53ce.jpg,small_distance_0.80
train,Height_limit_5-7m_608_jpg.rf.7053243b7f1ec6c4326a259b99d3722d.jpg,clean
train,Height_limit_5-7m_609_jpg.rf.b83479c760d3108d2f2beb7dd1c7b4ce.jpg,clean
train,Height_limit_5-7m_610_jpg.rf.f1737fd92dac38e541c0ed2e63777926.jpg,small_distance_0.76|low_light_moderate
train,Height_limit_5-7m_612_jpg.rf.14719cd853c8040232546a2d4a6d4702.jpg,occlusion_severe
train,Height_limit_5-7m_614_jpg.rf.371cd70e37a233332d9fa629bbb6e49f.jpg,blur_mild
train,Height_limit_5-7m_615_jpg.rf.b8e323663104e42c8d2a507c864bf5ed.jpg,blur_severe
train,Height_limit_5-7m_616_jpg.rf.a2f529ebafbc8b7d8a21559957026e5d.jpg,fog_mild
train,Height_limit_5-7m_618_jpg.rf.2477ed02b063a813afcaf1f9513f3428.jpg,glare_mild
train,Height_limit_5-7m_619_jpg.rf.66fb5787643193c5bef61979ff69f4a9.jpg,small_distance_0.58|rain_severe
train,Height_limit_5-7m_61_jpg.rf.3fce61f2525c13d4c2ef1857c1c7462d.jpg,clean
train,Height_limit_5-7m_620_jpg.rf.d60c9e863e90046d5b73d37ad98804da.jpg,small_distance_0.67|glare_moderate
train,Height_limit_5-7m_621_jpg.rf.d24f3d11a03d8d16125f301bcfcaa768.jpg,clean
train,Height_limit_5-7m_622_jpg.rf.ebf13051af82878386377c2f338223af.jpg,small_distance_0.76
train,Height_limit_5-7m_624_jpg.rf.98e0858a92e5c42af945444923324c0f.jpg,clean
train,Height_limit_5-7m_625_jpg.rf.75ed190a52b3b96de990dea49c2d3593.jpg,glare_moderate
train,Height_limit_5-7m_627_jpg.rf.33992da0385f095db71bcf1d735a734f.jpg,blur_severe
train,Height_limit_5-7m_628_jpg.rf.1f1632cb8c549f6e3caae8751a351d8b.jpg,small_distance_0.70|fog_severe
train,Height_limit_5-7m_629_jpg.rf.28b46a8196168f76cb1d5eb2ffd44a41.jpg,clean
train,Height_limit_5-7m_62_jpg.rf.750a2f2280fd206adf74953d6590925d.jpg,clean
train,Height_limit_5-7m_630_jpg.rf.549a6281f90114208b041da2e03c5e65.jpg,small_distance_0.82|low_light_moderate
train,Height_limit_5-7m_632_jpg.rf.25682da8456e32d327481c473fc9a81f.jpg,small_distance_0.83|fog_severe
train,Height_limit_5-7m_633_jpg.rf.32ef90cd58aea5ac955b50edb85579f4.jpg,fog_mild
train,Height_limit_5-7m_634_jpg.rf.acbbd586840748fb567bbeda1ba5ca32.jpg,occlusion_moderate
train,Height_limit_5-7m_636_jpg.rf.8df8b33d4edfbd5eac6128d5a3adc8c1.jpg,low_light_mild
train,Height_limit_5-7m_637_jpg.rf.5b72836ffc0694dcc03d40e766f4574d.jpg,clean
train,Height_limit_5-7m_639_jpg.rf.22ae5649aef8e415a81ca04d6cc100df.jpg,glare_severe
train,Height_limit_5-7m_640_jpg.rf.9e4a1925bc2fee2b040b5ac5e8297318.jpg,small_distance_0.85|low_light_severe
train,Height_limit_5-7m_641_jpg.rf.98de97ab8ac307df96b327c9ef849a0b.jpg,glare_mild
train,Height_limit_5-7m_642_jpg.rf.2f90d2c3e83092a539f7ac00e82ef4d0.jpg,low_light_severe
train,Height_limit_5-7m_644_jpg.rf.5fdc88a1fdce379d7dc769a6c08c31ba.jpg,clean
train,Height_limit_5-7m_645_jpg.rf.27a49c441173064d02794a9ac33d3b9c.jpg,small_distance_0.63
train,Height_limit_5-7m_646_jpg.rf.c9886d9f83a44994ca7a73a3b7b26686.jpg,glare_moderate
train,Height_limit_5-7m_647_jpg.rf.9477d50df1a4b2a37afb65f913b2749b.jpg,small_distance_0.73|low_light_moderate
train,Height_limit_5-7m_649_jpg.rf.9b6978b21445d3b3f7a9cfada3330379.jpg,blur_moderate
train,Height_limit_5-7m_64_jpg.rf.4900cd10bf51fe7b54f26becc20ec0e7.jpg,small_distance_0.76|occlusion_moderate
train,Height_limit_5-7m_650_jpg.rf.67ebe1013350d9d10ae72ad0fda03359.jpg,small_distance_0.58|fog_moderate
train,Height_limit_5-7m_651_jpg.rf.a1bc204af59d35141af6e926f5dbd9d4.jpg,rain_mild
train,Height_limit_5-7m_652_jpg.rf.e53fd7810025ee5db54a21801847baa4.jpg,small_distance_0.68|glare_mild
train,Height_limit_5-7m_653_jpg.rf.ca71b36c7499a7090d6d75e2387eadf9.jpg,small_distance_0.66|low_light_moderate
train,Height_limit_5-7m_654_jpg.rf.2eb7ef089706a2a66ceeaf051b1c4e85.jpg,glare_moderate
train,Height_limit_5-7m_655_jpg.rf.39d369e1d76c28a651a6ec3640492681.jpg,low_light_mild
train,Height_limit_5-7m_658_jpg.rf.c5dd58d22560a20410e805fdc10c8aa9.jpg,glare_mild
train,Height_limit_5-7m_65_jpg.rf.cb36fdb4ce1c32dc469c8c4b76d17dbc.jpg,small_distance_0.64|blur_mild
train,Height_limit_5-7m_661_jpg.rf.482fb6746a98515cdd638443bd149815.jpg,glare_mild
train,Height_limit_5-7m_662_jpg.rf.5964e29120bd4c3e418832c2c0e8671e.jpg,clean
train,Height_limit_5-7m_666_jpg.rf.fb1a5284269b4980d202ebc93aff5662.jpg,low_light_mild
train,Height_limit_5-7m_667_jpg.rf.07374d467208aa3306d7a452f7dcbd14.jpg,blur_moderate
train,Height_limit_5-7m_668_jpg.rf.4ef1304be01d3cefd2666e6b958c08b2.jpg,small_distance_0.74
train,Height_limit_5-7m_66_jpg.rf.059f734e3e2969e1ab73c004be7752e8.jpg,small_distance_0.65
train,Height_limit_5-7m_670_jpg.rf.1f2744b03a2c935cb14a37f2b548af75.jpg,clean
train,Height_limit_5-7m_671_jpg.rf.46371d7c701671ea7dab6d1eb0cdc10b.jpg,small_distance_0.65
train,Height_limit_5-7m_673_jpg.rf.e32a38eaf9ce37b0d06a8df2bfd33b87.jpg,small_distance_0.64
train,Height_limit_5-7m_674_jpg.rf.2446ec046f8032c68f6b3364ead53ccc.jpg,occlusion_severe
train,Height_limit_5-7m_675_jpg.rf.8bf576d0d29fa3d68598e98de3d5f738.jpg,rain_moderate
train,Height_limit_5-7m_676_jpg.rf.be8cdb5aa3e71ce79d1c2d59be230b29.jpg,clean
train,Height_limit_5-7m_677_jpg.rf.bcf84c59117a53c3979750124ba886df.jpg,low_light_mild
train,Height_limit_5-7m_678_jpg.rf.74ed7f32539c4b15d3310a100f2d33ab.jpg,occlusion_severe
train,Height_limit_5-7m_679_jpg.rf.313b4b8d9a1b9e3c317305772398a0a2.jpg,small_distance_0.77
train,Height_limit_5-7m_67_jpg.rf.b8b029e83eac3fbe1c96b7501f55daf3.jpg,small_distance_0.79
train,Height_limit_5-7m_680_jpg.rf.0d6325f64fce5868c8ec93d9912549c2.jpg,small_distance_0.80
train,Height_limit_5-7m_681_jpg.rf.2ebf27f312d3a25aad437408ae64c167.jpg,fog_mild
train,Height_limit_5-7m_682_jpg.rf.f4fcdf985ed3c2917b93a8810fcef2e5.jpg,small_distance_0.60|glare_mild
train,Height_limit_5-7m_683_jpg.rf.589ebb1461c10bf936214dd2213f16be.jpg,low_light_moderate
train,Height_limit_5-7m_684_jpg.rf.0e928ce6a9dd47c12d2d1ff3ca922a20.jpg,clean
train,Height_limit_5-7m_685_jpg.rf.aad53a99875073206935bcf61c4a0d3d.jpg,blur_moderate
train,Height_limit_5-7m_686_jpg.rf.786395cf2cfe88f2a9604c9c901d20b2.jpg,clean
train,Height_limit_5-7m_687_jpg.rf.9a1298a9312a3a1b8a28948bc2b816bb.jpg,clean
train,Height_limit_5-7m_688_jpg.rf.172c79c23252bc4b2b5f2bff3e09cf95.jpg,small_distance_0.62|rain_severe
train,Height_limit_5-7m_691_jpg.rf.399cdaffc6fc869c2e4a13967807dfcf.jpg,occlusion_severe
train,Height_limit_5-7m_692_jpg.rf.af13fdb7972bc842cd3062bf2dc1dd38.jpg,clean
train,Height_limit_5-7m_693_jpg.rf.94d135e9138ee4fb7001c1b0e538bbfe.jpg,small_distance_0.79|blur_moderate
train,Height_limit_5-7m_694_jpg.rf.bdb14a62207f848b4e6c63532e54975f.jpg,small_distance_0.77|occlusion_severe
train,Height_limit_5-7m_69_jpg.rf.33ec824d8e4b2b95cf3d190dd2f5b0ee.jpg,small_distance_0.66|occlusion_severe
train,Height_limit_5-7m_6_jpg.rf.4def4b80e366cc4359ecda420ef7473c.jpg,blur_moderate
train,Height_limit_5-7m_700_jpg.rf.f1789d54289d0b8078939bbc96a172c3.jpg,small_distance_0.67
train,Height_limit_5-7m_702_jpg.rf.e7f13fa65249cbc8b762bdc887c8ebb3.jpg,small_distance_0.83|fog_moderate
train,Height_limit_5-7m_703_jpg.rf.0e2913e9bcb2404da6e5126dcfa6dce3.jpg,glare_moderate
train,Height_limit_5-7m_704_jpg.rf.15031e995705ba451f8d0ec3e3c1c922.jpg,occlusion_moderate
train,Height_limit_5-7m_706_jpg.rf.9536f24b0165f8d63258713753e92a7b.jpg,small_distance_0.64
train,Height_limit_5-7m_707_jpg.rf.e2fdce182475733cbf4a4e5c0ce5a56a.jpg,small_distance_0.80|occlusion_mild
train,Height_limit_5-7m_708_jpg.rf.f7fe6508d96942dcd2065370c4173112.jpg,low_light_mild
train,Height_limit_5-7m_709_jpg.rf.62da8ba2a6e241f4105ce601804f7b8e.jpg,glare_moderate
train,Height_limit_5-7m_710_jpg.rf.d5dbcae55dff83488a2fccf120f72072.jpg,small_distance_0.67|occlusion_severe
train,Height_limit_5-7m_712_jpg.rf.a2f7785e2b754a35fa3e215d88371070.jpg,low_light_mild
train,Height_limit_5-7m_714_jpg.rf.4fec1521b8b52ff74068258428d9a81d.jpg,blur_severe
train,Height_limit_5-7m_717_jpg.rf.2f6b682f6acbc3a320fd7aca6d96d450.jpg,small_distance_0.63|blur_severe
train,Height_limit_5-7m_718_jpg.rf.51ad9356dccebe3dd12ff2b901445d96.jpg,small_distance_0.81|fog_mild
train,Height_limit_5-7m_719_jpg.rf.20bbf6caa15340cfb9e6a5ec3d920980.jpg,glare_severe
train,Height_limit_5-7m_71_jpg.rf.9ee216c327e262396d44a294f8449a5d.jpg,glare_severe
train,Height_limit_5-7m_720_jpg.rf.41596d5e99a3fd00e5b4955d90b43925.jpg,fog_moderate
train,Height_limit_5-7m_721_jpg.rf.f0e157d806352d24d94c026db6c92d64.jpg,clean
train,Height_limit_5-7m_723_jpg.rf.0184e7e758510dd3f97cb4f7862dede0.jpg,low_light_severe
train,Height_limit_5-7m_724_jpg.rf.0cb82ce1f1976d5a521c7527a770e7e7.jpg,small_distance_0.59|fog_mild
train,Height_limit_5-7m_725_jpg.rf.1bcf60f7dc5ec6be0d9f765eefa99128.jpg,small_distance_0.76|glare_severe
train,Height_limit_5-7m_727_jpg.rf.8ad3dfa623db78e0589c53c4c5f73e92.jpg,small_distance_0.67|occlusion_severe
train,Height_limit_5-7m_728_jpg.rf.48c0809821c5768ba83e8e9344c0240a.jpg,rain_severe
train,Height_limit_5-7m_72_jpg.rf.5dd5894e801b7865813587515625af5e.jpg,small_distance_0.64|glare_severe
train,Height_limit_5-7m_730_jpg.rf.e2b1d740b6f9c8e3d2e743971f4f016c.jpg,small_distance_0.66|rain_mild
train,Height_limit_5-7m_731_jpg.rf.2c86ef7bb41b14d769723ef88fa6e4a9.jpg,clean
train,Height_limit_5-7m_732_jpg.rf.6f96f1946a7f798af884cd6239ef9fc4.jpg,occlusion_moderate
train,Height_limit_5-7m_733_jpg.rf.998456d30055f5bb92bad2bdf50042d5.jpg,clean
train,Height_limit_5-7m_735_jpg.rf.4876577cf63ea21b8b605d9aee56ea97.jpg,blur_mild
train,Height_limit_5-7m_736_jpg.rf.25a95b6115ddee6edec9d326904db65b.jpg,small_distance_0.63|rain_moderate
train,Height_limit_5-7m_738_jpg.rf.3f2b2c5f02f3ce4b9c5e58f87434d4c6.jpg,clean
train,Height_limit_5-7m_73_jpg.rf.42a512da344078879f1c266fc205c14a.jpg,low_light_mild
train,Height_limit_5-7m_742_jpg.rf.f433d80a3b2a4037de5b790943d5b2ee.jpg,small_distance_0.71
train,Height_limit_5-7m_743_jpg.rf.9caaff70e0dd379735e0487ab47f82e2.jpg,clean
train,Height_limit_5-7m_744_jpg.rf.da45410da2f56a3b0c6922e4cdf95b12.jpg,rain_moderate
train,Height_limit_5-7m_745_jpg.rf.093004e9d67f075b7f627eee118202a7.jpg,small_distance_0.80
train,Height_limit_5-7m_747_jpg.rf.658dbb5c32627d5814d5fb500e2879ca.jpg,small_distance_0.85|fog_mild
train,Height_limit_5-7m_750_jpg.rf.bec101e0b99b334c7ec993794020746e.jpg,clean
train,Height_limit_5-7m_752_jpg.rf.73d4f19dc8589d3c085e9cc8d10c6df4.jpg,occlusion_severe
train,Height_limit_5-7m_753_jpg.rf.73116fd2df8523025fb2abbd5cd80475.jpg,clean
train,Height_limit_5-7m_756_jpg.rf.459f5d53c26105b282d2715fff71fdd6.jpg,low_light_mild
train,Height_limit_5-7m_758_jpg.rf.dd8027bb7a6077ce45c6414a0a4c236b.jpg,clean
train,Height_limit_5-7m_759_jpg.rf.f22477c1ea3271e7ce2c430c77bd678b.jpg,low_light_moderate
train,Height_limit_5-7m_760_jpg.rf.e3ead06dab59d06abc423f9843dbd45a.jpg,occlusion_moderate
train,Height_limit_5-7m_761_jpg.rf.3d68a95ab2989fab7ba2a8c9d62a051e.jpg,small_distance_0.63
train,Height_limit_5-7m_764_jpg.rf.74053a49ec3f8e7df7984fcae4bc9cfc.jpg,blur_mild
train,Height_limit_5-7m_765_jpg.rf.9ba162abbd1e1f96d8c77d1db4016630.jpg,clean
train,Height_limit_5-7m_766_jpg.rf.27a64365d2dedd6d66415b014789b316.jpg,clean
train,Height_limit_5-7m_767_jpg.rf.e647a1690a81a11c26ff965c5143692e.jpg,rain_mild
train,Height_limit_5-7m_768_jpg.rf.e1f49bb8d5e1eafa515f1479c28a65f0.jpg,small_distance_0.65|occlusion_moderate
train,Height_limit_5-7m_76_jpg.rf.4886f477a5b6063eb5c7c677f5bee834.jpg,fog_severe
train,Height_limit_5-7m_771_jpg.rf.1aee10bdde92210d416e812eabb10057.jpg,occlusion_mild
train,Height_limit_5-7m_772_jpg.rf.006c0bf090a3a2f022fa84093d84604a.jpg,occlusion_moderate
train,Height_limit_5-7m_773_jpg.rf.90e744b9f2ba5fe98b1deecb426496b9.jpg,low_light_mild
train,Height_limit_5-7m_774_jpg.rf.506646bb0114558d2e43c39f15596860.jpg,clean
train,Height_limit_5-7m_775_jpg.rf.1909efec9cb47f8de8cc186eb92f59b3.jpg,small_distance_0.84|occlusion_moderate
train,Height_limit_5-7m_777_jpg.rf.87cf7a5acb1a6089aecd507938843531.jpg,clean
train,Height_limit_5-7m_778_jpg.rf.e2eea94a04cdafeb5437eeb0e2dde610.jpg,clean
train,Height_limit_5-7m_779_jpg.rf.fbaad1d0fcb3eab74dd87a42571d4f61.jpg,fog_moderate
train,Height_limit_5-7m_77_jpg.rf.a9daaf397ddde246c20d06da098b002f.jpg,small_distance_0.72|glare_moderate
train,Height_limit_5-7m_781_jpg.rf.28e03b15ba643e0a5119dea51f49cd22.jpg,clean
train,Height_limit_5-7m_782_jpg.rf.4588ea96f7243c95b7c080ebd9fe53de.jpg,small_distance_0.74
train,Height_limit_5-7m_783_jpg.rf.5a799ec7348a0e6535be0dacf8a185c4.jpg,small_distance_0.83|glare_mild
train,Height_limit_5-7m_784_jpg.rf.598a58d0551d1217068bc32f38d26f68.jpg,occlusion_mild
train,Height_limit_5-7m_785_jpg.rf.00db9137703e6e90880f823e33124ae1.jpg,fog_mild
train,Height_limit_5-7m_786_jpg.rf.0501c716feebba53607be67224c7417d.jpg,fog_severe
train,Height_limit_5-7m_787_jpg.rf.e06d0b82adfd689466b1e44dfa1290d4.jpg,glare_severe
train,Height_limit_5-7m_789_jpg.rf.65c26cf3747621b60551fe6e8173a5bc.jpg,small_distance_0.76|occlusion_mild
train,Height_limit_5-7m_790_jpg.rf.98ae7464eb96181081d0d7ea20a9f256.jpg,glare_mild
train,Height_limit_5-7m_791_jpg.rf.55eecabb3b07995b708f5dfc96823070.jpg,small_distance_0.62|blur_mild
train,Height_limit_5-7m_792_jpg.rf.d3fcf6955119f9ee737d135f7f41980c.jpg,clean
train,Height_limit_5-7m_795_jpg.rf.00edc98aab5f15d42070a74e9bce94ae.jpg,rain_moderate
train,Height_limit_5-7m_796_jpg.rf.d3741f41a99fe67dbe332754c5f77566.jpg,small_distance_0.66|blur_mild
train,Height_limit_5-7m_797_jpg.rf.f44b4d417604599e8f163e272ec37cad.jpg,small_distance_0.81|rain_severe
train,Height_limit_5-7m_798_jpg.rf.6fd8a4ca07150c437940e2e798b3e147.jpg,low_light_severe
train,Height_limit_5-7m_799_jpg.rf.106191f2ddf6e83a296eaf6b04255254.jpg,small_distance_0.75|occlusion_mild
train,Height_limit_5-7m_79_jpg.rf.7dd68f891d5321625dc4c307a7680b3f.jpg,glare_severe
train,Height_limit_5-7m_7_jpg.rf.d3fcfca75258b0aa5d81a3abe5f548ce.jpg,clean
train,Height_limit_5-7m_800_jpg.rf.966d4b7b6c1f605f575be9ca40ffe0fc.jpg,small_distance_0.58
train,Height_limit_5-7m_801_jpg.rf.1c37f4f9864f98de1c4e09c0f312e16b.jpg,glare_moderate
train,Height_limit_5-7m_807_jpg.rf.ba22e4a88770abf6806775b7ce48d32b.jpg,occlusion_mild
train,Height_limit_5-7m_809_jpg.rf.e6130bcd74a0fa17a2240f72dcb07900.jpg,small_distance_0.73|fog_severe
train,Height_limit_5-7m_80_jpg.rf.b43519d17240d69aeedd50c151b9c354.jpg,small_distance_0.80
train,Height_limit_5-7m_814_jpg.rf.af0344e4e9ddd10c5d707d8a950291b0.jpg,small_distance_0.73|glare_moderate
train,Height_limit_5-7m_815_jpg.rf.b181635040ca24ee7a22d5165a20ce9c.jpg,clean
train,Height_limit_5-7m_816_jpg.rf.d2c5e49056e916ca608412858b0b2d42.jpg,glare_mild
train,Height_limit_5-7m_81_jpg.rf.da9f967f72a5c6d4005c5b36fcd47062.jpg,small_distance_0.74|blur_moderate
train,Height_limit_5-7m_822_jpg.rf.365c1527df96be6c60363873b7bd202c.jpg,low_light_moderate
train,Height_limit_5-7m_823_jpg.rf.22d85021fd662fe38d1b6eccb9222603.jpg,glare_mild
train,Height_limit_5-7m_824_jpg.rf.87c4ac365329a5cb43bf2701e732c94b.jpg,small_distance_0.57|blur_mild
train,Height_limit_5-7m_827_jpg.rf.a577c0479e20afd5258ed071546e8d05.jpg,fog_severe
train,Height_limit_5-7m_828_jpg.rf.74718bfb530202137193f035ed787fdd.jpg,clean
train,Height_limit_5-7m_829_jpg.rf.6b167a230af601100b4da466ab2995ed.jpg,occlusion_severe
train,Height_limit_5-7m_82_jpg.rf.4ac7df10e7d39cc9881709426b843d41.jpg,blur_moderate
train,Height_limit_5-7m_830_jpg.rf.93d1d720f19159658ba6e221f088782c.jpg,small_distance_0.83
train,Height_limit_5-7m_831_jpg.rf.6afb6bb5c887d17f6d4cf59183a3998c.jpg,small_distance_0.65|occlusion_severe
train,Height_limit_5-7m_832_jpg.rf.2a766d22b0df54c1e25b31d56207a5e2.jpg,glare_severe
train,Height_limit_5-7m_833_jpg.rf.31bb949c22f605e2dad812c2af0e540c.jpg,rain_mild
train,Height_limit_5-7m_834_jpg.rf.1fec2bd9fff6a6423b82f555c7f5dae0.jpg,low_light_severe
train,Height_limit_5-7m_835_jpg.rf.e41adc577bdb7b90b4d5d3b83121791f.jpg,small_distance_0.75|rain_mild
train,Height_limit_5-7m_836_jpg.rf.49d0030f095e64b08b00cca10edca2ab.jpg,small_distance_0.59|glare_moderate
train,Height_limit_5-7m_837_jpg.rf.2589ab75d8a4e75fe0b0be56b0620ccd.jpg,clean
train,Height_limit_5-7m_838_jpg.rf.f3baf5c505137e8b6521c101495aed5f.jpg,rain_severe
train,Height_limit_5-7m_83_jpg.rf.eba6167cbda41de169326dba725461de.jpg,blur_mild
train,Height_limit_5-7m_840_jpg.rf.6ae0802c2d917e0cd3b3d8ff799751de.jpg,small_distance_0.68|fog_severe
train,Height_limit_5-7m_841_jpg.rf.ed4669a72aab21e4559f05a85c7cb996.jpg,glare_moderate
train,Height_limit_5-7m_842_jpg.rf.2003206e2d590b57a4b298fd84164510.jpg,low_light_mild
train,Height_limit_5-7m_843_jpg.rf.92a40b206e79e01103fbf39c553319f4.jpg,blur_severe
train,Height_limit_5-7m_844_jpg.rf.c1ce50ab6f0c3d8fc1709f3d3a249956.jpg,occlusion_severe
train,Height_limit_5-7m_845_jpg.rf.d2fe6e894fe6aeb7fd416a497472ebe2.jpg,small_distance_0.81|blur_moderate
train,Height_limit_5-7m_846_jpg.rf.5c4071fc695a47ef220273066b5cbdb5.jpg,clean
train,Height_limit_5-7m_848_jpg.rf.a0d5221e8b9429b95394c4d2c186d472.jpg,small_distance_0.84|occlusion_severe
train,Height_limit_5-7m_849_jpg.rf.8121daa988247cce0f697e7472817eef.jpg,rain_moderate
train,Height_limit_5-7m_84_jpg.rf.385ce4c958f5a1abb420000b7ef19edb.jpg,blur_severe
train,Height_limit_5-7m_850_jpg.rf.9382446f6461fe1b447dbadbf2bbd0e3.jpg,blur_mild
train,Height_limit_5-7m_852_jpg.rf.59811c32af40a5b3461840adf9f130be.jpg,small_distance_0.70|glare_mild
train,Height_limit_5-7m_854_jpg.rf.ac7b6759b959086ee7c57bf032bf998f.jpg,clean
train,Height_limit_5-7m_858_jpg.rf.607d38c4caf0b50648615283ec7748f3.jpg,blur_severe
train,Height_limit_5-7m_85_jpg.rf.5c15610d115f2f3519a112f1951dfcb1.jpg,fog_severe
train,Height_limit_5-7m_860_jpg.rf.77203184c203434b9d1e79bf863bb143.jpg,rain_moderate
train,Height_limit_5-7m_861_jpg.rf.1426a5ee1edcb092a078ea3296cc6612.jpg,clean
train,Height_limit_5-7m_862_jpg.rf.5dfa3eadd58feb92fab4997f82fb0272.jpg,clean
train,Height_limit_5-7m_863_jpg.rf.83e74a2c41f9278d32ba36ce1b1569d4.jpg,rain_mild
train,Height_limit_5-7m_866_jpg.rf.f25c8158fb115e459f71af51e4ba55a0.jpg,small_distance_0.67|fog_severe
train,Height_limit_5-7m_867_jpg.rf.606f702e6569106bbc45100b6b6e7237.jpg,clean
train,Height_limit_5-7m_868_jpg.rf.3e3f5e3589f0987376bb5956857bc259.jpg,occlusion_moderate
train,Height_limit_5-7m_869_jpg.rf.40be23331a26b362f6640cbadf8e7719.jpg,blur_mild
train,Height_limit_5-7m_86_jpg.rf.2e0f217004a758fa14e448b8dec401ba.jpg,glare_mild
train,Height_limit_5-7m_870_jpg.rf.45267ed4d03c09957f1557508684cbdc.jpg,fog_mild
train,Height_limit_5-7m_871_jpg.rf.69ffdb2ec79930eecca74542194b9914.jpg,small_distance_0.62
train,Height_limit_5-7m_873_jpg.rf.993de017ec9a5132f21b5c94c73334bb.jpg,clean
train,Height_limit_5-7m_874_jpg.rf.ef31e49a2822ac25d3c54894b9295ad0.jpg,low_light_mild
train,Height_limit_5-7m_875_jpg.rf.bf989ea82db87375d78242e1f24df5c4.jpg,glare_mild
train,Height_limit_5-7m_876_jpg.rf.e222e7eb7da9588a61e860e486622dce.jpg,occlusion_mild
train,Height_limit_5-7m_879_jpg.rf.fba88318d25eee79311ef586a7ceb9b1.jpg,small_distance_0.63|glare_severe
train,Height_limit_5-7m_87_jpg.rf.44c52f9f627172d9dd6ffce37a2e880d.jpg,glare_moderate
train,Height_limit_5-7m_882_jpg.rf.58bb8a99bf911990c2ca0a2645fa216f.jpg,small_distance_0.83|low_light_mild
train,Height_limit_5-7m_883_jpg.rf.0b476568b7284635eaa91129f3ccc999.jpg,small_distance_0.60|glare_mild
train,Height_limit_5-7m_884_jpg.rf.07ecfc713580a37aa54545c0f7a16256.jpg,clean
train,Height_limit_5-7m_886_jpg.rf.b512fa97544477684c629405e2611448.jpg,small_distance_0.64|blur_mild
train,Height_limit_5-7m_888_jpg.rf.486b832373319687d0f81b2db5b3bbe9.jpg,small_distance_0.76
train,Height_limit_5-7m_88_jpg.rf.f6c2d438bc068f8fddb07f890ca4ace9.jpg,fog_mild
train,Height_limit_5-7m_890_jpg.rf.242d4b4fc77055f5365d27490798562e.jpg,small_distance_0.62|low_light_mild
train,Height_limit_5-7m_891_jpg.rf.24f2bf5530f911a0fa9d40994d252b56.jpg,rain_mild
train,Height_limit_5-7m_892_jpg.rf.0f45c84a4daa21aa44951d51738a97fe.jpg,clean
train,Height_limit_5-7m_894_jpg.rf.2e5ab331070ba69ba453535330df0eae.jpg,blur_moderate
train,Height_limit_5-7m_896_jpg.rf.e8218dcb3c97051721e6ce6b86262b7f.jpg,small_distance_0.79|blur_mild
train,Height_limit_5-7m_89_jpg.rf.fc39fdf286ff7de385a1aa9a444bd689.jpg,small_distance_0.80|occlusion_severe
train,Height_limit_5-7m_901_jpg.rf.54085f81824a1be76ba9dea0c247bdcd.jpg,small_distance_0.73
train,Height_limit_5-7m_902_jpg.rf.3e2e4d2f26aa78e6ee2ba9ad2afba65d.jpg,small_distance_0.85|occlusion_moderate
train,Height_limit_5-7m_903_jpg.rf.c0a4991ff3b6f93f9aced96acd2a58c7.jpg,fog_mild
train,Height_limit_5-7m_905_jpg.rf.78d50dda1778d35bdc489fc20f209530.jpg,small_distance_0.69|low_light_moderate
train,Height_limit_5-7m_906_jpg.rf.0a528b1a3fcd0d593155d50ddec3893f.jpg,blur_moderate
train,Height_limit_5-7m_907_jpg.rf.a28e15dcf6ba77ddbdfa2b73e86eff64.jpg,rain_mild
train,Height_limit_5-7m_908_jpg.rf.5553412c2fca1b6d8c63933c8807f65c.jpg,small_distance_0.68|low_light_severe
train,Height_limit_5-7m_909_jpg.rf.7cd087dd6786f39aa4aa842328a55f95.jpg,glare_moderate
train,Height_limit_5-7m_911_jpg.rf.b50e5652c04521f7562348bf31b8526b.jpg,blur_moderate
train,Height_limit_5-7m_912_jpg.rf.ff50db4ce95e9633fa225a171bcc22b9.jpg,occlusion_severe
train,Height_limit_5-7m_913_jpg.rf.37f8aa796fe7830c49f2e5677f21e574.jpg,small_distance_0.85|blur_moderate
train,Height_limit_5-7m_915_jpg.rf.b65275ff31c44dbd9a58fba8fb517bf0.jpg,low_light_moderate
train,Height_limit_5-7m_916_jpg.rf.ddea330f5940385ba571f969df87ddee.jpg,small_distance_0.72|fog_mild
train,Height_limit_5-7m_918_jpg.rf.6053ad531efe98b87b5635faac77e5b2.jpg,small_distance_0.73|fog_mild
train,Height_limit_5-7m_91_jpg.rf.345ccf478f1d0dd9b2d3b7afed652c0d.jpg,fog_severe
train,Height_limit_5-7m_920_jpg.rf.499e5342d82aafeac7358e24d7e04b5f.jpg,clean
train,Height_limit_5-7m_921_jpg.rf.90303c4bae3e2b51b06dc2f5e877e4c4.jpg,small_distance_0.75|occlusion_mild
train,Height_limit_5-7m_922_jpg.rf.5b6eb0470e30d4f95b4155305ee821d7.jpg,clean
train,Height_limit_5-7m_923_jpg.rf.c6ba6c9c2f60be136c95b76afafbfcfa.jpg,clean
train,Height_limit_5-7m_924_jpg.rf.9ba1d6e496a5dbab3b2e625d40bcdc2c.jpg,clean
train,Height_limit_5-7m_925_jpg.rf.6c85badc6335bd0ee1efe4a3063e46ad.jpg,rain_severe
train,Height_limit_5-7m_926_jpg.rf.c6cd2cecb23399cd01caf67f2ad3893c.jpg,small_distance_0.77|low_light_mild
train,Height_limit_5-7m_927_jpg.rf.426e59cb8a844e8e0be678aab4a9555d.jpg,low_light_severe
train,Height_limit_5-7m_928_jpg.rf.6116503b226092cd490163ed30fb199c.jpg,small_distance_0.83
train,Height_limit_5-7m_929_jpg.rf.d7e7d311fd14f14f052cfdfa6774c59f.jpg,clean
train,Height_limit_5-7m_92_jpg.rf.a9f23d81329f28104ee251beaaa1f8a0.jpg,blur_mild
train,Height_limit_5-7m_931_jpg.rf.f65e3c140455901f1316330e98f8f380.jpg,small_distance_0.73|glare_mild
train,Height_limit_5-7m_933_jpg.rf.5d5bbee977e0d31dd729086f1c28d185.jpg,small_distance_0.73
train,Height_limit_5-7m_935_jpg.rf.07bf80a8921ee37e08d524d665e4aa6e.jpg,small_distance_0.60
train,Height_limit_5-7m_936_jpg.rf.f5664b01fd133653db043d9955ff1b7e.jpg,rain_severe
train,Height_limit_5-7m_937_jpg.rf.0a21dda86ccac023420d7ec3714acde5.jpg,blur_severe
train,Height_limit_5-7m_938_jpg.rf.48124c3534455c1a8761ab203c362f8a.jpg,clean
train,Height_limit_5-7m_939_jpg.rf.41654224e32156bc8703d329940c79a4.jpg,clean
train,Height_limit_5-7m_93_jpg.rf.e24e934939c3076b3f2e52a859c06e1e.jpg,fog_moderate
train,Height_limit_5-7m_940_jpg.rf.c283a97ebeeeac5686cf3be4ed2dd122.jpg,small_distance_0.60
train,Height_limit_5-7m_942_jpg.rf.f8ec3a1ee014b67d0868d2bfa8a3458f.jpg,clean
train,Height_limit_5-7m_945_jpg.rf.1c3d6f04836018724fc86f0f57d40055.jpg,low_light_severe
train,Height_limit_5-7m_947_jpg.rf.3b06332fc10ba6d93f252951a8db6281.jpg,fog_mild
train,Height_limit_5-7m_94_jpg.rf.ce3b33de46d36689cf31a8b28dc68a4a.jpg,clean
train,Height_limit_5-7m_951_jpg.rf.0adda90dbfb476c4b2fff8020ec3624c.jpg,fog_mild
train,Height_limit_5-7m_952_jpg.rf.d9d2a471ce940b605aa6c10eb5b74cd2.jpg,small_distance_0.55|low_light_moderate
train,Height_limit_5-7m_953_jpg.rf.4966fd248fa10afc9bd4deb4002a3f2b.jpg,clean
train,Height_limit_5-7m_954_jpg.rf.ba1dc29a0da8d888286b593e205470cd.jpg,fog_severe
train,Height_limit_5-7m_955_jpg.rf.db6ef55d195417889ce45b3fac987715.jpg,small_distance_0.72
train,Height_limit_5-7m_956_jpg.rf.eb0ca71f66e37ee124be6d95e3fbf134.jpg,small_distance_0.77|fog_mild
train,Height_limit_5-7m_957_jpg.rf.69751fc1eaaeaa82ad479f4d900785a9.jpg,clean
train,Height_limit_5-7m_95_jpg.rf.ed2da87483b01f387d36d95991c314ff.jpg,occlusion_moderate
train,Height_limit_5-7m_960_jpg.rf.66372771a618c22bb77281169a591494.jpg,rain_severe
train,Height_limit_5-7m_962_jpg.rf.a83333e9a7f3df84d678b1731cbdece9.jpg,small_distance_0.63|blur_mild
train,Height_limit_5-7m_96_jpg.rf.3f69fa6beb865f9c973ea2ff640000a9.jpg,rain_moderate
train,Height_limit_5-7m_98_jpg.rf.63f5cb2ccce65850e3ea5101244af7a5.jpg,low_light_moderate
train,Height_limit_5-7m_9_jpg.rf.0b1bd41e502ed71fe488754b91b9356f.jpg,small_distance_0.69
train,Hospital_ahead_0_jpg.rf.90032c845440a0aedb05e84ce8d62a6b.jpg,rain_moderate
train,Hospital_ahead_1_jpg.rf.4bdf99a2b157b0489b4cbabbb4b4be6e.jpg,small_distance_0.80|fog_moderate
train,Hospital_ahead_3_jpg.rf.9c3f5bc96a63c10eb0000764acd428db.jpg,rain_moderate
train,Hospital_ahead_6_jpg.rf.28c85c6da3e30a5e7c325f7f0e06fb7d.jpg,small_distance_0.57
train,Hospital_ahead_7_jpg.rf.379bb042d30352e8e64841c69a477ef7.jpg,low_light_moderate
train,Left_lane_for_truck_0_jpg.rf.77762aa46b15237ec895adc3c35e6df8.jpg,occlusion_mild
train,Left_lane_for_truck_11_jpg.rf.ec5ee87c941f9c6ddfc2083c887ddfb1.jpg,blur_mild
train,Left_lane_for_truck_12_jpg.rf.365fd039f1322b4ed5524123af636ee8.jpg,small_distance_0.84|low_light_severe
train,Left_lane_for_truck_13_jpg.rf.d6c9a0739bbf93d320d5d106e1dc1814.jpg,occlusion_moderate
train,Left_lane_for_truck_15_jpg.rf.608abce7df96dd817c3dfb14b8e3d7bf.jpg,small_distance_0.58|low_light_moderate
train,Left_lane_for_truck_17_jpg.rf.b3714ad8c6c846c1e2c3917c3076dbe9.jpg,small_distance_0.66|fog_severe
train,Left_lane_for_truck_18_jpg.rf.318b33d831f2706f82de12e4bc7d82be.jpg,blur_mild
train,Left_lane_for_truck_19_jpg.rf.614daebe0d54d8fb0494d6f663eda577.jpg,small_distance_0.74
train,Left_lane_for_truck_20_jpg.rf.9bd554218d17ed6aced9263cba56e1bf.jpg,glare_moderate
train,Left_lane_for_truck_21_jpg.rf.b5bd3a5f139ae13faefa78f644018e9c.jpg,blur_severe
train,Left_lane_for_truck_23_jpg.rf.e1b919aba41fbea0d47e41627551335f.jpg,glare_moderate
train,Left_lane_for_truck_24_jpg.rf.4771447c6b546901e2e5723237979859.jpg,small_distance_0.56|fog_mild
train,Left_lane_for_truck_25_jpg.rf.c2881dcb2da6cf2c301eb8e2be47eb6d.jpg,rain_severe
train,Left_lane_for_truck_26_jpg.rf.015909ea7307ae9222cfc9b7dffc1bbd.jpg,fog_severe
train,Left_lane_for_truck_27_jpg.rf.2b88f6e73ad05c30c43d07c701c5f801.jpg,clean
train,Left_lane_for_truck_28_jpg.rf.38560436eab725a9c8c04cb101f893e5.jpg,small_distance_0.57|low_light_moderate
train,Left_lane_for_truck_29_jpg.rf.6dc8334bc00066fb6e07b8a5e49741a1.jpg,glare_severe
train,Left_lane_for_truck_30_jpg.rf.8ad364f18573e8a8a1b85652b2c2b158.jpg,blur_moderate
train,Left_lane_for_truck_31_jpg.rf.456fd47b2a12e4aff487a579dbd86e3f.jpg,low_light_severe
train,Left_lane_for_truck_32_jpg.rf.a2498b7239fc15a5f8d14a1fa38628cd.jpg,clean
train,Left_lane_for_truck_33_jpg.rf.cb4c02130ed05606a826fd10ec4d16c0.jpg,blur_moderate
train,Left_lane_for_truck_34_jpg.rf.eefeb2b9877f4f8d26b9d07ecc02f5bb.jpg,small_distance_0.85
train,Left_lane_for_truck_35_jpg.rf.33e589536e31ec0fe257f94675d28f8f.jpg,glare_mild
train,Left_lane_for_truck_36_jpg.rf.c5c5ff1fe7c488194ce05e9e14e5c665.jpg,occlusion_mild
train,Left_lane_for_truck_39_jpg.rf.48178384ca372cc657005915f52a9e64.jpg,occlusion_mild
train,Left_lane_for_truck_3_jpg.rf.2d3028bf931c0439544e996c8e34ede4.jpg,small_distance_0.72|fog_severe
train,Left_lane_for_truck_41_jpg.rf.6443f78f9709c723d8ba7d41628c86d6.jpg,clean
train,Left_lane_for_truck_42_jpg.rf.60ae0633a4a928277ccdc5d93a4ff790.jpg,low_light_moderate
train,Left_lane_for_truck_43_jpg.rf.4e3c375274ec1303981d59f4ac01b467.jpg,small_distance_0.59|low_light_mild
train,Left_lane_for_truck_45_jpg.rf.f5b8aafd24bdec47e6e3ea9c39210368.jpg,blur_moderate
train,Left_lane_for_truck_48_jpg.rf.fd7132d9a8ede835af9d56d04fc3daa3.jpg,clean
train,Left_lane_for_truck_49_jpg.rf.c526dff6c197f2e43bf62d1b1e5c4d63.jpg,occlusion_moderate
train,Left_lane_for_truck_4_jpg.rf.60c70a67951b5717227819f76849edd7.jpg,rain_moderate
train,Left_lane_for_truck_52_jpg.rf.9bf9ad88fe721b0952233a066dbbaf76.jpg,occlusion_severe
train,Left_lane_for_truck_54_jpg.rf.0fda071c748fde8d11d4ba70f8d2c2e6.jpg,fog_severe
train,Left_lane_for_truck_55_jpg.rf.0ffbdeb688b7ffe61a34fc6eaaa3467f.jpg,small_distance_0.77
train,Left_lane_for_truck_56_jpg.rf.cbb64fba5c27e20f739df7c257886b8c.jpg,fog_moderate
train,Left_lane_for_truck_58_jpg.rf.9f0cfdceec2f66127d2ce00bcd486772.jpg,small_distance_0.70|blur_mild
train,Left_lane_for_truck_59_jpg.rf.c35b45dda7d05b0d1cfad74d986a4bd6.jpg,small_distance_0.84|fog_moderate
train,Left_lane_for_truck_5_jpg.rf.59e0fb77d087bcca35134e6c7b7b3530.jpg,blur_mild
train,Left_lane_for_truck_61_jpg.rf.c397f565b5040322b589e8ffa8981d26.jpg,clean
train,Left_lane_for_truck_62_jpg.rf.4cedfd69ff86fcbc86d5230964490c0a.jpg,low_light_moderate
train,Left_lane_for_truck_64_jpg.rf.28eeb68a0ff82ea548a2faf2d0e3df2c.jpg,rain_mild
train,Left_lane_for_truck_65_jpg.rf.b0f64ff6be0abcbbefa40d43b91177b2.jpg,small_distance_0.70|low_light_severe
train,Left_lane_for_truck_66_jpg.rf.a7680fd756b6e9e364b203f9a7f0bcfd.jpg,small_distance_0.61
train,Left_lane_for_truck_69_jpg.rf.300e318a0be0b1f8967c7450e865faf1.jpg,glare_mild
train,Left_lane_for_truck_71_jpg.rf.dc994610b2e56c48b8dddd9abc0df182.jpg,fog_moderate
train,Left_lane_for_truck_75_jpg.rf.818ff058f431bfabfeb2688304fb50f7.jpg,occlusion_mild
train,Left_lane_for_truck_76_jpg.rf.696917c0a7e0e6060f0b6942ae3aa7f3.jpg,glare_severe
train,Left_lane_for_truck_77_jpg.rf.6c971d335dd7becf225182faaf31360c.jpg,clean
train,Left_lane_for_truck_78_jpg.rf.d0c5e15bb31f6573ebe2b760e820ea62.jpg,fog_mild
train,Left_lane_for_truck_79_jpg.rf.ba089b6595856f2237361c326670a91e.jpg,occlusion_mild
train,Left_lane_for_truck_80_jpg.rf.57a14dc33f6a2fd484020df7e6a74087.jpg,small_distance_0.67|low_light_mild
train,Left_lane_for_truck_82_jpg.rf.ec6a022e121d341717b50844b348185a.jpg,occlusion_mild
train,Left_lane_for_truck_87_jpg.rf.d0a9006dd281f51a579f326dd5abeea7.jpg,small_distance_0.67|occlusion_mild
train,Left_lane_for_truck_88_jpg.rf.e4873057bc20221cc113f429a383a4b0.jpg,rain_severe
train,Left_lane_for_truck_89_jpg.rf.8ecba02fc8fe0e07e476f27a678824be.jpg,low_light_moderate
train,Left_lane_for_truck_8_jpg.rf.f46fabcda2c46d37c4bcecd8125a0e04.jpg,fog_moderate
train,Left_lane_for_truck_90_jpg.rf.cbdc4be4a1cdb8ba340b8d09b51d9ea1.jpg,clean
train,Left_lane_for_truck_91_jpg.rf.168bd610b424751b7519f40a392ddffa.jpg,fog_severe
train,Left_lane_for_truck_9_jpg.rf.5fbaeb97e7d3a2a20b8607150b1b9867.jpg,low_light_mild
train,Left_turn_0_jpg.rf.d8dfb932cfd23cb449abb35a48f9e2f6.jpg,small_distance_0.85
train,Left_turn_102_jpg.rf.5984ab939c7dc6bf5c1e81209d4e2e55.jpg,low_light_severe
train,Left_turn_103_jpg.rf.955785aa5e75a7a6e361c9f95d3a7f5d.jpg,small_distance_0.76|fog_moderate
train,Left_turn_107_jpg.rf.1d6273e2608c3a33c0312568c62ff67c.jpg,clean
train,Left_turn_108_jpg.rf.38ba1e3028cbf07ecba3877019ae9210.jpg,small_distance_0.76
train,Left_turn_109_jpg.rf.835af6139a6e40468f27fe5767073b6d.jpg,small_distance_0.59
train,Left_turn_10_jpg.rf.1e960d26a77af4e3ad2afa545848898c.jpg,clean
train,Left_turn_112_jpg.rf.6d31533be11bf0162d41fba6bf02cdc7.jpg,occlusion_moderate
train,Left_turn_113_jpg.rf.abb2e0a72f204193f6335767159df5ea.jpg,occlusion_moderate
train,Left_turn_114_jpg.rf.96cb7d989c20b2c28f1c7b6a880e7732.jpg,glare_moderate
train,Left_turn_115_jpg.rf.d82e8ee56ca887518b0b44708ff9fcf7.jpg,occlusion_severe
train,Left_turn_116_jpg.rf.b79f5ae380937f6c33968d3c9bb3bf8d.jpg,occlusion_mild
train,Left_turn_117_jpg.rf.bea0acc8dbc0814bad7ea2b6aeaf426e.jpg,glare_severe
train,Left_turn_118_jpg.rf.4a591e792ebb2a97986e3abbf851df2c.jpg,rain_severe
train,Left_turn_11_jpg.rf.ae7cfc59ddf3e54ca316cfbea5bee111.jpg,blur_moderate
train,Left_turn_121_jpg.rf.9547f5296feab00974bfb730fc2f397b.jpg,small_distance_0.63
train,Left_turn_122_jpg.rf.eb3b2e41be46172bbe967a3fae47e7ca.jpg,occlusion_moderate
train,Left_turn_123_jpg.rf.310997e3900fec46c729badd7ffe5075.jpg,rain_severe
train,Left_turn_124_jpg.rf.4b7f504ce542a340dcc87a2253fc70ee.jpg,fog_moderate
train,Left_turn_125_jpg.rf.1ecf855cbd892058ac23ea53140ec163.jpg,small_distance_0.64
train,Left_turn_126_jpg.rf.75cc94b3f195db2ad38cefb61d1d7dc7.jpg,clean
train,Left_turn_128_jpg.rf.8690561eca1785e9fcd796548e323553.jpg,clean
train,Left_turn_129_jpg.rf.998953c3ba04be9f7dfb95220725ddbf.jpg,small_distance_0.82|occlusion_moderate
train,Left_turn_12_jpg.rf.3dcd1e3cf5f7de7d5e9f3372d0f7182c.jpg,rain_mild
train,Left_turn_131_jpg.rf.76f45961cad94d58bcef0445fcdc11ee.jpg,low_light_moderate
train,Left_turn_133_jpg.rf.8ccf38c2b2ca229093ef47268d315f4d.jpg,small_distance_0.81|blur_moderate
train,Left_turn_134_jpg.rf.b0e223b7f76c2bc7cfd29fe5eda2c03b.jpg,small_distance_0.85|blur_mild
train,Left_turn_138_jpg.rf.68c8418566a507eab6d4829f25699301.jpg,rain_severe
train,Left_turn_139_jpg.rf.910aa104fbd0d221eb13e6b4c2aa6fce.jpg,blur_mild
train,Left_turn_142_jpg.rf.9abe2f65736b249071eb1194f91c8aac.jpg,glare_moderate
train,Left_turn_143_jpg.rf.fa37ac1324b8da590b6f75d5b7f287e6.jpg,blur_severe
train,Left_turn_144_jpg.rf.01901806332123b89dfb8e067cf8b99a.jpg,small_distance_0.66|fog_severe
train,Left_turn_145_jpg.rf.54275463f556c86ea1348cfd7ea1eb19.jpg,small_distance_0.75|rain_mild
train,Left_turn_146_jpg.rf.d245a31b5cb072a73e546737297268f6.jpg,rain_mild
train,Left_turn_148_jpg.rf.f611bc768b49327b04f3d94021bb70e8.jpg,rain_mild
train,Left_turn_149_jpg.rf.b0df39542e41112951bdb2b528f76aa0.jpg,fog_moderate
train,Left_turn_14_jpg.rf.b168078e94024a67fcc6c94c6c6d4962.jpg,fog_moderate
train,Left_turn_150_jpg.rf.e43998e0877812d222c13029391a86e6.jpg,clean
train,Left_turn_152_jpg.rf.7e30a9e58d32586e5bd0eeb525cdf0f5.jpg,small_distance_0.82|rain_mild
train,Left_turn_153_jpg.rf.5eda01f011ecb6cc816a05ecad684852.jpg,clean
train,Left_turn_155_jpg.rf.d9e88d70c19d7ce51e80a7a1c8a55029.jpg,occlusion_mild
train,Left_turn_158_jpg.rf.0ed72e6565662fe3b8db4e1f61685d6d.jpg,small_distance_0.56|blur_moderate
train,Left_turn_15_jpg.rf.6607d6d4d6784b11e6970f0b4c2667a6.jpg,clean
train,Left_turn_160_jpg.rf.fb7f38f05c0e7d0d84853f693ee6b514.jpg,low_light_severe
train,Left_turn_161_jpg.rf.284ee213fe72a59d972eb5b52414a990.jpg,small_distance_0.85|occlusion_mild
train,Left_turn_162_jpg.rf.c57a49f4403df8bdd02d2e68aee6d9fa.jpg,small_distance_0.58|blur_severe
train,Left_turn_163_jpg.rf.1142febfcd0054b2326c0a77bfddfbd4.jpg,small_distance_0.76|occlusion_severe
train,Left_turn_164_jpg.rf.8f5deaa4d20072176fb8a99cd1483a70.jpg,small_distance_0.68|low_light_moderate
train,Left_turn_165_jpg.rf.5a087151e44154a443102f01d7cb9a01.jpg,glare_mild
train,Left_turn_166_jpg.rf.90b7097e9a4f74b13d9a1fcc087ec7d4.jpg,fog_mild
train,Left_turn_167_jpg.rf.f1334c526a9b0c41a51ea47b0dcae2dd.jpg,low_light_mild
train,Left_turn_169_jpg.rf.26f3d31f1ce0ebf2ad72bb3d9965c574.jpg,clean
train,Left_turn_170_jpg.rf.21f87c0db7b53a462678deee49140662.jpg,glare_moderate
train,Left_turn_171_jpg.rf.8f949234644dcf4e6aed8ef805bcfbdc.jpg,small_distance_0.71
train,Left_turn_173_jpg.rf.fcfa317220d87a5b3afeb72114ca9012.jpg,rain_mild
train,Left_turn_175_jpg.rf.3bac269f55b4ddee1cb498a6ed33149e.jpg,small_distance_0.58|low_light_severe
train,Left_turn_176_jpg.rf.4647977e33e4f0506c960b1db5e2c9aa.jpg,clean
train,Left_turn_179_jpg.rf.7fce7761431f4d766f2fa7a50fd6dddc.jpg,occlusion_mild
train,Left_turn_17_jpg.rf.717893368142e6955b5748e90c5c2f6a.jpg,glare_moderate
train,Left_turn_181_jpg.rf.9baad2cf9f580660198ab73bb963d7a0.jpg,small_distance_0.57
train,Left_turn_182_jpg.rf.d718b3ec2ca1c96a599f51b9ff7400b5.jpg,clean
train,Left_turn_184_jpg.rf.4608eb4afa3517fb613873f5d81b34b6.jpg,glare_severe
train,Left_turn_186_jpg.rf.1705b7e62b61a998f897c06d3286bf39.jpg,small_distance_0.81
train,Left_turn_187_jpg.rf.b37165307d8286ec61f44d495cad3b6a.jpg,small_distance_0.59|fog_moderate
train,Left_turn_188_jpg.rf.4f72e36bf05a892f8a6dfa5a638feda8.jpg,clean
train,Left_turn_189_jpg.rf.b91653bcd3931dde01a39dea70354195.jpg,small_distance_0.77|fog_mild
train,Left_turn_18_jpg.rf.ec2f9097960774550917d5643b96c95f.jpg,small_distance_0.67|glare_severe
train,Left_turn_191_jpg.rf.f38fa0924d57968eecd87e64ddcd69f0.jpg,clean
train,Left_turn_192_jpg.rf.7c14fea0b351bf8dcbdd29ae1f6dc0c7.jpg,clean
train,Left_turn_193_jpg.rf.8c70de1f54aaf3733210c7dea01536c0.jpg,small_distance_0.76|rain_mild
train,Left_turn_194_jpg.rf.d216c650533aeefbb91f26e24f074d37.jpg,low_light_severe
train,Left_turn_196_jpg.rf.499d318c165a94ad37a541c024dee42c.jpg,fog_severe
train,Left_turn_197_jpg.rf.63f37d9a109527ade3d6dfaf9cac8773.jpg,small_distance_0.76
train,Left_turn_198_jpg.rf.0f28906882b6ad6ff0144e8952798bee.jpg,glare_mild
train,Left_turn_199_jpg.rf.90b8fe561e8459a50fddbaa058935ffc.jpg,blur_moderate
train,Left_turn_19_jpg.rf.a53229c48f4fb199ae4e1d76527e9ff5.jpg,occlusion_severe
train,Left_turn_1_jpg.rf.7646f427e051ec473ce7574be547b76f.jpg,low_light_mild
train,Left_turn_203_jpg.rf.ef3fc1789948cb9c6ddfa64658934c19.jpg,fog_severe
train,Left_turn_207_jpg.rf.0b3d7e9a04f9ac9401ae41d2856a554d.jpg,blur_moderate
train,Left_turn_208_jpg.rf.20f6c9fa0813726248ae96bc84d6cab4.jpg,fog_severe
train,Left_turn_20_jpg.rf.3b13b081ebbb0771dee1a95ed2039ff8.jpg,low_light_severe
train,Left_turn_210_jpg.rf.4896bdc1d672a84a9424346149c82b8e.jpg,small_distance_0.74|glare_moderate
train,Left_turn_212_jpg.rf.2f75b465804fd36617de0ebe767cd60d.jpg,glare_moderate
train,Left_turn_213_jpg.rf.da6f931efb3e3b22f33109add35abf3e.jpg,small_distance_0.84|rain_severe
train,Left_turn_214_jpg.rf.f3e56eead3535e2770575d6c8651082e.jpg,rain_mild
train,Left_turn_216_jpg.rf.ac788e3e50d74d88f9e437746f122861.jpg,clean
train,Left_turn_217_jpg.rf.05f2b2201bb471a21eead86b875d7b49.jpg,clean
train,Left_turn_218_jpg.rf.1641f87d8bc9c46384305eeb3806f843.jpg,glare_severe
train,Left_turn_219_jpg.rf.ef7b348e5bc389ca9e503f681d815eea.jpg,glare_mild
train,Left_turn_220_jpg.rf.e0c7144b71a05bd7eb05693809718f5b.jpg,blur_severe
train,Left_turn_221_jpg.rf.cca5d8e866680d1227fb20fe1bfa38e9.jpg,low_light_severe
train,Left_turn_222_jpg.rf.c8dc8c7f28ada999bf9aea4ab9b44eb5.jpg,small_distance_0.75
train,Left_turn_225_jpg.rf.880196119ccd1925f5b39a424775e482.jpg,rain_moderate
train,Left_turn_226_jpg.rf.8a4aed99bf332e422d50e178aeb5905c.jpg,small_distance_0.78|occlusion_severe
train,Left_turn_227_jpg.rf.6e2e70ed569e20786b8e395cea8a879d.jpg,blur_severe
train,Left_turn_22_jpg.rf.4d013bc5217f0c8337149edbabfcf473.jpg,small_distance_0.65
train,Left_turn_230_jpg.rf.3918c01a5f9c805fc6cd79d7077b72d5.jpg,low_light_moderate
train,Left_turn_232_jpg.rf.dd078cfcc64734573e95899b54ec885a.jpg,rain_moderate
train,Left_turn_233_jpg.rf.1b6a9e073ea30df150d0643913515968.jpg,small_distance_0.77|blur_moderate
train,Left_turn_234_jpg.rf.f0e6c0ff6f99f89e6f0fea0ff05a1167.jpg,glare_mild
train,Left_turn_235_jpg.rf.0d07e97c1943cb4fe48b3a880e2730e8.jpg,clean
train,Left_turn_236_jpg.rf.65ec60dae488dafac857c52626ee9c2b.jpg,glare_mild
train,Left_turn_238_jpg.rf.a09bd07356b66eb0595a206458d4642e.jpg,clean
train,Left_turn_239_jpg.rf.c7d96e5e053b6c2e4151cb8de6d5e09f.jpg,clean
train,Left_turn_23_jpg.rf.04444de5ddf6f110c23a80e54ee392ce.jpg,low_light_mild
train,Left_turn_240_jpg.rf.3b9d21a3218b1c1f078f8b76c3d6c8b6.jpg,occlusion_mild
train,Left_turn_241_jpg.rf.cee41e034ca018351e47d6828dccc4a2.jpg,low_light_moderate
train,Left_turn_243_jpg.rf.875d4a99d4fec30d82b1767ed7821bb8.jpg,clean
train,Left_turn_244_jpg.rf.f1fb4f50a6ab2bb719dbb4c416c6a775.jpg,rain_severe
train,Left_turn_245_jpg.rf.3b5fd665304e8e8286b1e80dc2a2d4a1.jpg,occlusion_severe
train,Left_turn_247_jpg.rf.5bade645d4a935ad397fc836af2c3700.jpg,glare_moderate
train,Left_turn_24_jpg.rf.611e55c7f1dc1ccaff0e6cb4ae05d9d5.jpg,clean
train,Left_turn_253_jpg.rf.83fab0ab10dfeef62dfebb5e776890fc.jpg,fog_moderate
train,Left_turn_254_jpg.rf.fb441274a892b877e48391e7228fb21b.jpg,glare_severe
train,Left_turn_256_jpg.rf.09a741a4be21e3202680891624f0602d.jpg,fog_severe
train,Left_turn_257_jpg.rf.eaa9669598d2d4a5a89f2375aa98a80e.jpg,occlusion_severe
train,Left_turn_259_jpg.rf.110a72d268078dc34668407d9cf996fd.jpg,low_light_severe
train,Left_turn_25_jpg.rf.cb8411678f2e86da49a326dc17e41bf2.jpg,small_distance_0.65|occlusion_severe
train,Left_turn_260_jpg.rf.9f77b56c4242cf8d220653faf725359c.jpg,low_light_severe
train,Left_turn_261_jpg.rf.89eb1c09edfaa4225b4844b7fdaa5ea4.jpg,fog_severe
train,Left_turn_265_jpg.rf.b5abe2717a256a49052d8a41d9cc2693.jpg,occlusion_severe
train,Left_turn_266_jpg.rf.c56614e93cf355aaffc46ef3f90ea775.jpg,low_light_moderate
train,Left_turn_267_jpg.rf.9f01d390cd26ab3c8eb4f9212ad794ca.jpg,blur_severe
train,Left_turn_268_jpg.rf.e0f1faabbf0ea02298ae0b335078e301.jpg,small_distance_0.66|blur_mild
train,Left_turn_269_jpg.rf.d1c9efffcb269f4cb28475a18d258c16.jpg,small_distance_0.79
train,Left_turn_26_jpg.rf.c103166fbf7b1dfda96c2d8562560d92.jpg,blur_severe
train,Left_turn_271_jpg.rf.30c5899931bf814ac7ddd03a5e80e9b5.jpg,low_light_mild
train,Left_turn_273_jpg.rf.b11b52d15c19b67c453276f7c67472d7.jpg,low_light_severe
train,Left_turn_274_jpg.rf.0ef9a74d2f9a26e6eba04b4d9ed77d06.jpg,clean
train,Left_turn_275_jpg.rf.d1f631480d25b62c5d07b4ec592a9051.jpg,rain_severe
train,Left_turn_277_jpg.rf.938b0111ea16e044263c877685dffccd.jpg,clean
train,Left_turn_278_jpg.rf.81454c5635dc29dd25a9a02f8b8b55b4.jpg,small_distance_0.75
train,Left_turn_279_jpg.rf.a4413bf712898c408d524f3c3cab0e2c.jpg,clean
train,Left_turn_280_jpg.rf.1244730edc4194ae52f05ac10d8d507e.jpg,low_light_mild
train,Left_turn_281_jpg.rf.9453daee5ce716b736748592da6a3372.jpg,small_distance_0.63|glare_mild
train,Left_turn_282_jpg.rf.a1bb5438904d5e817e2a06c6e35e0a3c.jpg,occlusion_moderate
train,Left_turn_283_jpg.rf.c28b752b74ec8146e52c543436cbc62b.jpg,low_light_mild
train,Left_turn_286_jpg.rf.a9e65a45662f66791290e82889d05a02.jpg,clean
train,Left_turn_288_jpg.rf.b7d93cf549b5670f38766e6cd001dad8.jpg,small_distance_0.60|rain_mild
train,Left_turn_289_jpg.rf.fb8316d734f274cd69832a2648900533.jpg,blur_moderate
train,Left_turn_28_jpg.rf.b050f9fe05fe004ba56201d1df4c44d3.jpg,small_distance_0.63|fog_mild
train,Left_turn_290_jpg.rf.f61bb943c8da0b2511b8171a24d5de51.jpg,small_distance_0.76|rain_moderate
train,Left_turn_291_jpg.rf.9545503e70db0f865a2ff35dc3f8d430.jpg,clean
train,Left_turn_293_jpg.rf.e7eb13b10279bbad1cd0aabe2d5ec9c3.jpg,clean
train,Left_turn_295_jpg.rf.58a84dad2578e7057c128ac6701da2e7.jpg,small_distance_0.79|blur_severe
train,Left_turn_296_jpg.rf.203b022d608eafa86d688cb59fef6dc0.jpg,small_distance_0.62|blur_severe
train,Left_turn_297_jpg.rf.5e530d500f01f3f253ffd57c1645b61e.jpg,small_distance_0.71|fog_mild
train,Left_turn_29_jpg.rf.eb8be3ffa6057b94866a3cb471b4800b.jpg,fog_moderate
train,Left_turn_300_jpg.rf.efd2a43db15c21f89dfbe67d5bee55a0.jpg,small_distance_0.84|glare_severe
train,Left_turn_301_jpg.rf.daf5ceb4f80554090cb964c9407bc44d.jpg,clean
train,Left_turn_302_jpg.rf.56831b7a0358eccc669150d6880b54a1.jpg,small_distance_0.75|occlusion_severe
train,Left_turn_303_jpg.rf.4980c2597865e6beed28c67dfb519c7d.jpg,blur_severe
train,Left_turn_304_jpg.rf.4f48dc080ea54038792dfe1380b3d7ae.jpg,blur_moderate
train,Left_turn_308_jpg.rf.d36c03a77d720b08d98e3388967f3b98.jpg,small_distance_0.77|low_light_moderate
train,Left_turn_30_jpg.rf.4e189a06849f8d7811bd021535eefbac.jpg,glare_mild
train,Left_turn_310_jpg.rf.931ef5cb2374e6ed520cd425b8746dc6.jpg,small_distance_0.75|blur_mild
train,Left_turn_311_jpg.rf.9c2581e6f4fc781244ea5a891a3487f8.jpg,small_distance_0.84|blur_severe
train,Left_turn_312_jpg.rf.ab590bae337fcbc00d098437e035b08a.jpg,small_distance_0.75
train,Left_turn_313_jpg.rf.01cb47b3245f5eb8069f9975120ac84e.jpg,blur_mild
train,Left_turn_314_jpg.rf.2920b771b27b2ed9459b7ba75aa1cddf.jpg,occlusion_moderate
train,Left_turn_315_jpg.rf.000effbb8bdf2693de7ffb46ffc663fe.jpg,clean
train,Left_turn_316_jpg.rf.1bda4c18583ed1d216ac01c5e1cb2d99.jpg,glare_severe
train,Left_turn_317_jpg.rf.96c901ccb5de65e8f13b061310340765.jpg,small_distance_0.58|fog_severe
train,Left_turn_319_jpg.rf.8c8932e43e04db615d0c5f53b2edf0bb.jpg,small_distance_0.80
train,Left_turn_31_jpg.rf.b05455862ab8f55b3142948e6bacdbf1.jpg,glare_moderate
train,Left_turn_32_jpg.rf.94e12e4bfa21ed1b8cc2c1880571c4aa.jpg,small_distance_0.67|blur_severe
train,Left_turn_33_jpg.rf.9af9eda58bd627f6f18dcafc2cbea642.jpg,occlusion_severe
train,Left_turn_35_jpg.rf.0efc7add808c7c8e081cf6c321b7f1c5.jpg,small_distance_0.80|low_light_mild
train,Left_turn_36_jpg.rf.f3925c700d4e5911116cda0ad527c1cf.jpg,small_distance_0.76|fog_moderate
train,Left_turn_37_jpg.rf.724443fa149461b1c00ee04d8f6d0812.jpg,clean
train,Left_turn_38_jpg.rf.d3aaa6ae4adccbfb1a77ff758fc7b60f.jpg,small_distance_0.60|occlusion_moderate
train,Left_turn_3_jpg.rf.1d04fd340ba3dc6817fb38a71f88196a.jpg,clean
train,Left_turn_41_jpg.rf.1d9bdb1cea18bc817a3b7a2f744db702.jpg,small_distance_0.74|occlusion_severe
train,Left_turn_42_jpg.rf.da71b4a1e623de997ef8376270a117f9.jpg,clean
train,Left_turn_44_jpg.rf.8dfdd2ae3be0baff58234861f483925e.jpg,blur_mild
train,Left_turn_46_jpg.rf.830e9d88e45de81670771ba20957fafc.jpg,small_distance_0.73|blur_moderate
train,Left_turn_4_jpg.rf.b33a727a0234fcfa36b5458a772e2de3.jpg,small_distance_0.77|rain_moderate
train,Left_turn_50_jpg.rf.0982103a688269162558efb71edbaf12.jpg,clean
train,Left_turn_51_jpg.rf.ee5ed743fa99cd1299152bde308ab38a.jpg,small_distance_0.61|fog_mild
train,Left_turn_52_jpg.rf.69dc5cba20c89a500449289a857a9310.jpg,small_distance_0.75|blur_severe
train,Left_turn_54_jpg.rf.f8d3cd8ead6fa5b2dde5824c68904772.jpg,fog_severe
train,Left_turn_58_jpg.rf.5669efc35ffa5b2253b3fd76b9a9a8e6.jpg,small_distance_0.58|glare_moderate
train,Left_turn_60_jpg.rf.8588b4974d1321e8b57e64968979944e.jpg,rain_mild
train,Left_turn_62_jpg.rf.20d9f79a2fbb3d1d31e9648955f7a630.jpg,small_distance_0.57|glare_moderate
train,Left_turn_63_jpg.rf.1d15324a7921cab591321260dfd9daba.jpg,small_distance_0.75|rain_severe
train,Left_turn_65_jpg.rf.caa00f41fdbb7ef2ae92f9b56aafa000.jpg,clean
train,Left_turn_66_jpg.rf.4e85867dfd391f5f1b70685d00963e01.jpg,fog_mild
train,Left_turn_67_jpg.rf.bcdf2cec41e46f62093f6d0264792d6b.jpg,occlusion_moderate
train,Left_turn_68_jpg.rf.dce96120478e332da50c66d42e875d2d.jpg,small_distance_0.66|fog_moderate
train,Left_turn_6_jpg.rf.6a40b64d24d690cb206ae29738ef2e75.jpg,fog_moderate
train,Left_turn_70_jpg.rf.5025147a6c3dbfbcf333e6cc9d4b00b4.jpg,low_light_mild
train,Left_turn_72_jpg.rf.3d941ada2fe175fb2563ead3da6107c4.jpg,clean
train,Left_turn_75_jpg.rf.daa938446d8ea3c538e43ec6b818710a.jpg,small_distance_0.71|occlusion_mild
train,Left_turn_76_jpg.rf.a1f2524adb315d3e4bdcdcc900617f52.jpg,clean
train,Left_turn_78_jpg.rf.f39911045a729118cd2a2d1d3912a410.jpg,low_light_severe
train,Left_turn_79_jpg.rf.4fb9edf843636636a3de0373361bc077.jpg,blur_severe
train,Left_turn_83_jpg.rf.501babbf03f174a9da834f311dbc2b68.jpg,small_distance_0.82|occlusion_mild
train,Left_turn_86_jpg.rf.0d663e8dbb6b53e845bf98827ab77ee7.jpg,low_light_severe
train,Left_turn_87_jpg.rf.33ff52465759217481374e210ef9da49.jpg,low_light_severe
train,Left_turn_88_jpg.rf.c89357b6b1d05fefb559ca866ba6fcc2.jpg,small_distance_0.66|rain_severe
train,Left_turn_89_jpg.rf.c614199cfa7337b3894aec8b86443d68.jpg,clean
train,Left_turn_8_jpg.rf.58494f8cab7527618ff6b366b79d5bac.jpg,small_distance_0.60|low_light_severe
train,Left_turn_90_jpg.rf.d2f78f64a0e2fa53fbf1c0102c540430.jpg,occlusion_moderate
train,Left_turn_91_jpg.rf.f160cdd8f8b86abda4dbdb3a2f8a87e4.jpg,glare_mild
train,Left_turn_92_jpg.rf.0c51f5b89fda978dc41ff84a33fb1fe3.jpg,small_distance_0.66|rain_severe
train,Left_turn_93_jpg.rf.33a906db3ea55464e3aa9c5aafbca95d.jpg,glare_moderate
train,Left_turn_94_jpg.rf.ae85adbc4d07500579a27240d5bcf33a.jpg,occlusion_moderate
train,Left_turn_95_jpg.rf.bf3597291d4e5581d64eef013f430a56.jpg,small_distance_0.84|fog_severe
train,Left_turn_96_jpg.rf.a39d1ecae8cf2b24259a20657e2f3691.jpg,small_distance_0.71|occlusion_moderate
train,Left_turn_98_jpg.rf.5b0cf1a3f94167760d295749aeb80be6.jpg,blur_severe
train,Left_turn_99_jpg.rf.96a0bc41965bd14647e1060611180f4d.jpg,small_distance_0.84|glare_moderate
train,Left_turn_9_jpg.rf.443d014b74bc46e35250bdd2e3a9d332.jpg,glare_severe
train,Let_go_first_100_jpg.rf.756fe8ef7d2bee1c8bb5c0f9de1a4ca9.jpg,small_distance_0.81|rain_mild
train,Let_go_first_101_jpg.rf.6080dd1b43f56775623ee3219ca07b50.jpg,rain_mild
train,Let_go_first_102_jpg.rf.5673043849ea1c6f868a74064f9b3f8e.jpg,small_distance_0.73
train,Let_go_first_103_jpg.rf.4d87c6c4d954bc06935a61d858e5e15b.jpg,fog_severe
train,Let_go_first_104_jpg.rf.4a861c3dd870570a6613b9f842646d38.jpg,small_distance_0.75|low_light_mild
train,Let_go_first_105_jpg.rf.43774e95cbba990ac57f73a33dae9486.jpg,rain_mild
train,Let_go_first_106_jpg.rf.d1aa59e23c472c69ca1738f849c96160.jpg,small_distance_0.73|low_light_mild
train,Let_go_first_107_jpg.rf.9092d61d8c16a0a938b1f6cd82607ded.jpg,rain_moderate
train,Let_go_first_108_jpg.rf.e556c219891cc20a69f14f71184e55c4.jpg,glare_severe
train,Let_go_first_10_jpg.rf.9ec863f7aaacc6530e6fb497225cd8c8.jpg,occlusion_severe
train,Let_go_first_110_jpg.rf.c3cf0c9550b1223f2c6fa1f342a63286.jpg,blur_mild
train,Let_go_first_111_jpg.rf.2046e63b2d61169f53cf2a9b6f4d8f51.jpg,clean
train,Let_go_first_112_jpg.rf.5933ef9255cda706b9a0bac43a1ba9ca.jpg,glare_severe
train,Let_go_first_113_jpg.rf.f3cdea93514d31505f748f72001270c0.jpg,small_distance_0.72
train,Let_go_first_114_jpg.rf.510712a005ed44c65ebe17a08de22224.jpg,rain_severe
train,Let_go_first_116_jpg.rf.846c9c407eee4c67015faf8f1e51c8e7.jpg,clean
train,Let_go_first_117_jpg.rf.afa0a1a301c5d8b233d964fb0d2bb0df.jpg,glare_moderate
train,Let_go_first_119_jpg.rf.a072a87f8ca13c5e9a2c5c9be0457ec6.jpg,small_distance_0.55|low_light_severe
train,Let_go_first_120_jpg.rf.8d83936dd272f2c5c188f0e019ea7e48.jpg,blur_mild
train,Let_go_first_123_jpg.rf.ef2b9ff4a1025d897b5623d0af8a945b.jpg,blur_severe
train,Let_go_first_125_jpg.rf.84eeb467c380a83577f26ee7ad27738e.jpg,glare_severe
train,Let_go_first_126_jpg.rf.8b2162c20fb47864c95df2be5c222b6e.jpg,small_distance_0.73
train,Let_go_first_127_jpg.rf.7b0656c889599dd0b1278d2b31de991f.jpg,clean
train,Let_go_first_12_jpg.rf.f1ad904564e88d71f00a4af9a6d95ce1.jpg,fog_mild
train,Let_go_first_130_jpg.rf.c47ee5e10b66a954d5985f537cbb9ecc.jpg,glare_moderate
train,Let_go_first_131_jpg.rf.d43852318d12a3a0ea353a0658b2702e.jpg,clean
train,Let_go_first_132_jpg.rf.a0378ce5108522da41dab62f5b5730dd.jpg,clean
train,Let_go_first_134_jpg.rf.14c6c55aede10d4b6b3804c209cef6b7.jpg,fog_moderate
train,Let_go_first_135_jpg.rf.3a9a722b4016ad56942f3900a16165be.jpg,clean
train,Let_go_first_136_jpg.rf.05762b2a6d6700ddc6f5a7ab44f4578b.jpg,small_distance_0.73|fog_mild
train,Let_go_first_137_jpg.rf.b0bfa88009df3ae1b2f46dd83730656e.jpg,small_distance_0.77|low_light_mild
train,Let_go_first_138_jpg.rf.19e75c086d89a6d8df282dc64355f9bb.jpg,rain_severe
train,Let_go_first_139_jpg.rf.5393b914fd6ff0a44949e7869b5706e4.jpg,blur_mild
train,Let_go_first_13_jpg.rf.dd1224bd2d12b2ff76b8497dca839e93.jpg,fog_severe
train,Let_go_first_140_jpg.rf.ce221ab580c5265131b7f04060d37336.jpg,fog_severe
train,Let_go_first_141_jpg.rf.ad100a79746e9295823cfffb0be6e187.jpg,low_light_severe
train,Let_go_first_142_jpg.rf.4a4942b0b17e1f45948d5a755cc7b458.jpg,low_light_moderate
train,Let_go_first_143_jpg.rf.b2476e7ce61134eca223c107f990b082.jpg,small_distance_0.64|occlusion_moderate
train,Let_go_first_144_jpg.rf.1c5977455f809cec4e67a4a5ddd67a2d.jpg,clean
train,Let_go_first_147_jpg.rf.d52dcd3f4c5d806520b57d54ff577b7a.jpg,glare_severe
train,Let_go_first_148_jpg.rf.a199929c8379c87a31ed7147c477c728.jpg,low_light_moderate
train,Let_go_first_149_jpg.rf.036ecf52905f45ef9b809d82f7270649.jpg,clean
train,Let_go_first_14_jpg.rf.b6a1bc1a081c7811225d42cf8fe8a995.jpg,blur_mild
train,Let_go_first_150_jpg.rf.22c20bac1269a5e6866d4d6be95b4089.jpg,blur_mild
train,Let_go_first_151_jpg.rf.ebe73a93a04326e5a69544f33baaa71b.jpg,blur_mild
train,Let_go_first_15_jpg.rf.2b68e1db6768f1888d9a6f924d72ce8f.jpg,small_distance_0.66|occlusion_moderate
train,Let_go_first_16_jpg.rf.2bc3fa58e24fab12f1696c6bc1958cad.jpg,occlusion_severe
train,Let_go_first_18_jpg.rf.f9b1d01f65b674839245c799280f7934.jpg,small_distance_0.84|rain_severe
train,Let_go_first_1_jpg.rf.6b031da34908ce9edc2f63b1c0727954.jpg,occlusion_severe
train,Let_go_first_20_jpg.rf.861472be8e5d23415d15a7f991683354.jpg,small_distance_0.56|low_light_severe
train,Let_go_first_22_jpg.rf.d3444b2bca772bda01bd866ecc613495.jpg,small_distance_0.60|rain_severe
train,Let_go_first_23_jpg.rf.c56719521dd560d33821c7a3b26d35f2.jpg,small_distance_0.60
train,Let_go_first_26_jpg.rf.07a23c6605991b0a69b70fb988dca78c.jpg,glare_moderate
train,Let_go_first_27_jpg.rf.2233d564050385e964bd15609bfe4b7b.jpg,occlusion_severe
train,Let_go_first_28_jpg.rf.7106df18d62830358d3747abf3c4ae00.jpg,small_distance_0.58|low_light_severe
train,Let_go_first_29_jpg.rf.09a6d0870a0e71b2567be9df852f78f4.jpg,small_distance_0.84|low_light_mild
train,Let_go_first_30_jpg.rf.6a324640cb572174467eba5e453346be.jpg,blur_moderate
train,Let_go_first_31_jpg.rf.2034e77e354c4711bdac32358398a8ac.jpg,small_distance_0.70|low_light_moderate
train,Let_go_first_32_jpg.rf.e25af84dc1e236a1c4b6f19c3b603764.jpg,small_distance_0.59|fog_severe
train,Let_go_first_33_jpg.rf.aa090d89ce502013a87ebe4cbb8c43d7.jpg,occlusion_moderate
train,Let_go_first_35_jpg.rf.6acb54e88160049fe174dfb82cb396ed.jpg,rain_moderate
train,Let_go_first_37_jpg.rf.796f8b01132b266c4ac7e2f978f69967.jpg,glare_severe
train,Let_go_first_38_jpg.rf.e913f2a4d59b04dd88ac804d9582a1af.jpg,fog_mild
train,Let_go_first_39_jpg.rf.1457534b01077cb5c9ffb1223aa1de2b.jpg,clean
train,Let_go_first_3_jpg.rf.7214ccb45aeec37bfcb40225db5fc91e.jpg,small_distance_0.76
train,Let_go_first_40_jpg.rf.a44210a706e8ba7813711f531ddaa066.jpg,low_light_mild
train,Let_go_first_47_jpg.rf.b04f8634630bae0d6ee7a32e4f36fe71.jpg,fog_mild
train,Let_go_first_48_jpg.rf.e4fb2af77bb8a7837a6c5fd2987ec212.jpg,fog_mild
train,Let_go_first_51_jpg.rf.9519b7cf1be9bda03e9831b0732b4588.jpg,fog_moderate
train,Let_go_first_52_jpg.rf.37139ddd10d5a1d0ac7acd690f5a8d59.jpg,small_distance_0.72|occlusion_severe
train,Let_go_first_53_jpg.rf.803db90fadcfca709b99f5466cab53de.jpg,occlusion_mild
train,Let_go_first_54_jpg.rf.c8045e53d111dee7f2efa4aa565b84d7.jpg,small_distance_0.62|rain_mild
train,Let_go_first_55_jpg.rf.cb502ec994520017eba4e0ceef374f6a.jpg,clean
train,Let_go_first_56_jpg.rf.415f235c80aa3ff94213e891e60d4f0e.jpg,clean
train,Let_go_first_57_jpg.rf.f8748bfcd05760a9159ff42103684c67.jpg,small_distance_0.57
train,Let_go_first_58_jpg.rf.3165b3d7a502fc2b5fb060fbe6248247.jpg,low_light_mild
train,Let_go_first_59_jpg.rf.46b69fbde18aff1027b45df496961a6f.jpg,fog_moderate
train,Let_go_first_60_jpg.rf.3e09508e714c02c6bc7cc88a6979924f.jpg,clean
train,Let_go_first_61_jpg.rf.0798dcb593bd7cbdfab2c71bb383c8d2.jpg,rain_severe
train,Let_go_first_63_jpg.rf.3b53843eaa1b2fdb184e1eaa27bb1855.jpg,small_distance_0.62|blur_severe
train,Let_go_first_6_jpg.rf.da2f2c5aff503b7973cc015ec1494d9c.jpg,low_light_mild
train,Let_go_first_70_jpg.rf.0ccde907e2bdedf4a822215e93206802.jpg,occlusion_mild
train,Let_go_first_71_jpg.rf.a764039b7a55b4b392df83310b2f3a16.jpg,low_light_moderate
train,Let_go_first_73_jpg.rf.3258f4d1d5468ba31dc85b6887a71021.jpg,small_distance_0.55|glare_severe
train,Let_go_first_74_jpg.rf.56bde01b139e7806c588ec0f46f0f281.jpg,small_distance_0.66
train,Let_go_first_76_jpg.rf.7c3f27b4dcbacfb6e577a78e53f6498f.jpg,small_distance_0.63|low_light_moderate
train,Let_go_first_77_jpg.rf.571ead9f8b49f2583dbb930f9c30317f.jpg,rain_moderate
train,Let_go_first_79_jpg.rf.b2ebac0e0be94da328810b0daba389fc.jpg,glare_moderate
train,Let_go_first_7_jpg.rf.c2763ff002a9ecc397f87a3460489995.jpg,low_light_severe
train,Let_go_first_81_jpg.rf.01e811f1610137f54b9dedcf4dca86c6.jpg,small_distance_0.58|rain_severe
train,Let_go_first_82_jpg.rf.9a56b952954057ce93b103ca5fab21a6.jpg,rain_severe
train,Let_go_first_83_jpg.rf.3c11e8ea898cd4976e87b726ae5d93ec.jpg,small_distance_0.79|glare_mild
train,Let_go_first_85_jpg.rf.3b2f8f17ed1dfd42dc8e314b870d8e43.jpg,clean
train,Let_go_first_86_jpg.rf.3b87d4872ae35f4c92d2492ba9b02a53.jpg,glare_moderate
train,Let_go_first_89_jpg.rf.0657569346f499eec9131b5dcbbbe459.jpg,small_distance_0.81|blur_severe
train,Let_go_first_8_jpg.rf.76fa4639fe949649dea7861b58bd107b.jpg,small_distance_0.61|occlusion_mild
train,Let_go_first_90_jpg.rf.ba152090d8df8d705ed670333140ef5b.jpg,fog_moderate
train,Let_go_first_91_jpg.rf.708f798a17764a2e4c60f23885477c2e.jpg,clean
train,Let_go_first_92_jpg.rf.7473c9234b13e1338843d5e1ab5a36e5.jpg,small_distance_0.56|occlusion_severe
train,Let_go_first_93_jpg.rf.0b5e6edcf370eeedbae3aa2f13bdd86b.jpg,small_distance_0.72|rain_moderate
train,Let_go_first_94_jpg.rf.03bda86f7e4c258feea93f993764b292.jpg,glare_severe
train,Let_go_first_95_jpg.rf.3847a87114a95302d3287adf25dd4cc2.jpg,low_light_moderate
train,Let_go_first_96_jpg.rf.f203e56b787dc24a1ccec2f2675f9e75.jpg,clean
train,Let_go_first_98_jpg.rf.1d93faf4338a7e2715e167f26284954b.jpg,fog_moderate
train,Let_go_first_9_jpg.rf.533c65780622a057c25dca5512a8fad2.jpg,blur_mild
train,Mosque_ahead_0_jpg.rf.0323b44d07f2bd447be314e4f138d479.jpg,small_distance_0.62|fog_severe
train,Mosque_ahead_100_jpg.rf.9738f56176ac83a9d1f10ce6d5a412c7.jpg,small_distance_0.74|glare_moderate
train,Mosque_ahead_101_jpg.rf.8402d4acf6ee95daa4cafb8e3027f83a.jpg,glare_moderate
train,Mosque_ahead_102_jpg.rf.4706fce162d5c9c5fe290dc3ad319c7c.jpg,small_distance_0.81|rain_severe
train,Mosque_ahead_104_jpg.rf.9bd8a8bcedde6fc23b2f9af89f13c4a7.jpg,small_distance_0.77|rain_mild
train,Mosque_ahead_105_jpg.rf.557e39e5dc04769820e32d800d55d3aa.jpg,glare_severe
train,Mosque_ahead_108_jpg.rf.631231843f42eb8ae7d5e6cbd9b12f0a.jpg,small_distance_0.78|blur_mild
train,Mosque_ahead_110_jpg.rf.53b2680eb3eb6c6ca8c056138ee982de.jpg,small_distance_0.60|glare_moderate
train,Mosque_ahead_112_jpg.rf.d6a773735cc959536610e4413a119b61.jpg,small_distance_0.77|rain_mild
train,Mosque_ahead_113_jpg.rf.97b800019fc8cd9ffcaf881083738563.jpg,blur_severe
train,Mosque_ahead_114_jpg.rf.3703cb4cbdb710f1d0eeb830e502e02a.jpg,clean
train,Mosque_ahead_115_jpg.rf.b6c534396474bb7f5cef3cd15a23093e.jpg,low_light_moderate
train,Mosque_ahead_116_jpg.rf.56c0f521dbeb509063c885c1a5af6f8f.jpg,occlusion_severe
train,Mosque_ahead_118_jpg.rf.dc75e59046f83dfc75a9ef12ed68eb31.jpg,small_distance_0.73|occlusion_severe
train,Mosque_ahead_119_jpg.rf.9021240ca7afc7861b9e05f72f5c7bba.jpg,low_light_moderate
train,Mosque_ahead_11_jpg.rf.7d507c2f3ec0d8740fefb88c5429b6d8.jpg,rain_mild
train,Mosque_ahead_121_jpg.rf.370620048286b82886a9dae117e93bd8.jpg,fog_mild
train,Mosque_ahead_122_jpg.rf.0fbccb194fe526de29ee07de496f6202.jpg,small_distance_0.55
train,Mosque_ahead_124_jpg.rf.98023d06240fc1c636b04b976926c56d.jpg,glare_severe
train,Mosque_ahead_125_jpg.rf.61d2a06221dc703a2e94634902f41d65.jpg,small_distance_0.83
train,Mosque_ahead_126_jpg.rf.e4d7ff4aac88a6071d8e2b981ffb20fe.jpg,glare_moderate
train,Mosque_ahead_127_jpg.rf.2426fa619a7261e2d52c455555b80130.jpg,clean
train,Mosque_ahead_129_jpg.rf.5973e59784c45a631bae1e792ab58ee3.jpg,low_light_moderate
train,Mosque_ahead_12_jpg.rf.0ba6b67409fdd7cb17ba082d1286374b.jpg,occlusion_severe
train,Mosque_ahead_130_jpg.rf.15acfdf23f94f343cad356e34c4f8678.jpg,fog_mild
train,Mosque_ahead_133_jpg.rf.d5741485218d402227b33c64db960790.jpg,low_light_severe
train,Mosque_ahead_134_jpg.rf.1c868bd169612b8c34d38b09c75d79fe.jpg,occlusion_severe
train,Mosque_ahead_135_jpg.rf.d9dff9a512b1becc133246ae9ef129d5.jpg,blur_mild
train,Mosque_ahead_136_jpg.rf.a1ec6d14a89bd63a364ab7e903173937.jpg,small_distance_0.58|glare_moderate
train,Mosque_ahead_137_jpg.rf.a3660f22edebf1758dff9065eb2de4c1.jpg,fog_mild
train,Mosque_ahead_138_jpg.rf.61b0ffcc43d5ecbc481396738c4f29c4.jpg,small_distance_0.84|blur_moderate
train,Mosque_ahead_13_jpg.rf.8ee7db25e261b24d7abd9d86b0de6f05.jpg,small_distance_0.76|rain_mild
train,Mosque_ahead_140_jpg.rf.f69bb548be8c4a4e16aa522c6fdff0c4.jpg,small_distance_0.70|fog_moderate
train,Mosque_ahead_143_jpg.rf.23193fc79ac08f5d6c6f01176ba267c6.jpg,blur_moderate
train,Mosque_ahead_144_jpg.rf.428ef7ea9a7fa589c4224616ad17de3d.jpg,small_distance_0.78|fog_moderate
train,Mosque_ahead_145_jpg.rf.c13aa895d2ccd757b78825fc925ec0cd.jpg,small_distance_0.69|fog_moderate
train,Mosque_ahead_146_jpg.rf.59cccbc76b6c611714ff078481955677.jpg,occlusion_mild
train,Mosque_ahead_147_jpg.rf.89df3cde0902abc16043eb281bab12e0.jpg,clean
train,Mosque_ahead_148_jpg.rf.78c91ec665dd967cfdc7188c148f5348.jpg,small_distance_0.85|occlusion_mild
train,Mosque_ahead_150_jpg.rf.3c98b0d5c4908113b63dd092be4088de.jpg,clean
train,Mosque_ahead_152_jpg.rf.d7f9febfe616de01e8264bde05db91ae.jpg,fog_moderate
train,Mosque_ahead_153_jpg.rf.5f5575bfdef9ed8856f756c222c8e5ad.jpg,small_distance_0.77|low_light_severe
train,Mosque_ahead_155_jpg.rf.358e980ec2b4acff98492456dd5a0143.jpg,small_distance_0.69|fog_mild
train,Mosque_ahead_156_jpg.rf.54df973113053d6af5e0ac6bf74704df.jpg,blur_mild
train,Mosque_ahead_157_jpg.rf.25845b5e7dd7be96d1812bee9c9e0284.jpg,rain_moderate
train,Mosque_ahead_158_jpg.rf.86eaee4d911b0dc31bbbf1c5e7450325.jpg,rain_mild
train,Mosque_ahead_159_jpg.rf.227955f0a7525568193baf3e3598384a.jpg,occlusion_moderate
train,Mosque_ahead_15_jpg.rf.e68c77a1f8fec06bc8bd246a5d5e682a.jpg,blur_mild
train,Mosque_ahead_160_jpg.rf.c84c4ec0a9085119d119eee5fe10cb43.jpg,small_distance_0.58|occlusion_mild
train,Mosque_ahead_161_jpg.rf.fe78332c299ffb8e178ae7f572f1c9bd.jpg,small_distance_0.74|blur_mild
train,Mosque_ahead_162_jpg.rf.120a546e67feea007cc5f906a85f0245.jpg,low_light_severe
train,Mosque_ahead_164_jpg.rf.1c9fce8b068fab21d06b65810834ecbe.jpg,clean
train,Mosque_ahead_168_jpg.rf.f03a1c809e7cc88d13a50db74a23cb85.jpg,occlusion_moderate
train,Mosque_ahead_169_jpg.rf.e25c218b10d50109cc24cabe101c22dc.jpg,blur_moderate
train,Mosque_ahead_16_jpg.rf.0c946bba2da8cb3b1a5ff327c3b10b4a.jpg,low_light_severe
train,Mosque_ahead_170_jpg.rf.883aa4db7769b599c3df02faf05aafef.jpg,low_light_moderate
train,Mosque_ahead_171_jpg.rf.1400e098295974741152eec1ad53916c.jpg,small_distance_0.69
train,Mosque_ahead_172_jpg.rf.36308376f213a278b5f0acef5ded3606.jpg,clean
train,Mosque_ahead_173_jpg.rf.d606450e2ec5d32f7efd624a3cbe8c0f.jpg,small_distance_0.71|fog_severe
train,Mosque_ahead_174_jpg.rf.78ac5ac00aa4aedfb84ac505232a1872.jpg,occlusion_severe
train,Mosque_ahead_177_jpg.rf.42dccd002310eae8dae8c38903d19c20.jpg,blur_severe
train,Mosque_ahead_178_jpg.rf.18a83579b008da5d7651659d34916319.jpg,clean
train,Mosque_ahead_180_jpg.rf.39de48549e954b77a10575d8396296b5.jpg,small_distance_0.77|low_light_moderate
train,Mosque_ahead_183_jpg.rf.5aea4c6a8336626e6fa5ddf3c97d5eef.jpg,small_distance_0.75
train,Mosque_ahead_184_jpg.rf.ea11b85553fd4886aa0e974d442124cc.jpg,small_distance_0.63|fog_mild
train,Mosque_ahead_185_jpg.rf.0a841d7164ddd4f8681b704695b7e929.jpg,small_distance_0.75|rain_mild
train,Mosque_ahead_186_jpg.rf.138017f06e8e42d88afecc9c82b91c00.jpg,glare_mild
train,Mosque_ahead_187_jpg.rf.a44b31cf9493f524ed33a3139d8dc9c9.jpg,small_distance_0.72
train,Mosque_ahead_189_jpg.rf.6219d749271c0840905f9c4a7826e25d.jpg,occlusion_severe
train,Mosque_ahead_18_jpg.rf.5175db2543b8b03f47941d4ae9adcbe6.jpg,small_distance_0.66|blur_mild
train,Mosque_ahead_190_jpg.rf.7fe1e5b93178752c3fca9129e7f56147.jpg,glare_mild
train,Mosque_ahead_192_jpg.rf.299cbe51ddeb1996cdc46cd5b239a31f.jpg,fog_severe
train,Mosque_ahead_194_jpg.rf.3959bbf50efedeb7e2ef51d9f17cdcb9.jpg,clean
train,Mosque_ahead_196_jpg.rf.f7bd4f763e4b49e680fcadf284ed4bef.jpg,clean
train,Mosque_ahead_197_jpg.rf.d72e3dae03457db35fd80b85aff685c8.jpg,small_distance_0.74|occlusion_mild
train,Mosque_ahead_198_jpg.rf.33064f7e38d3f79b848acf1f12ea870d.jpg,rain_severe
train,Mosque_ahead_199_jpg.rf.081c84a56c555ad12941cd4dae9dedf2.jpg,small_distance_0.77|rain_mild
train,Mosque_ahead_19_jpg.rf.f41198b995122d0f3b8f7afda81060d7.jpg,occlusion_mild
train,Mosque_ahead_1_jpg.rf.eac4993369a3882a0c4dd35070280e5c.jpg,occlusion_mild
train,Mosque_ahead_200_jpg.rf.f8f0d9cb727b3279966bf11372706c58.jpg,occlusion_moderate
train,Mosque_ahead_201_jpg.rf.e1db6604decebfefd6a43747ad68d09e.jpg,blur_mild
train,Mosque_ahead_202_jpg.rf.06472fcf80c4cc571ea134c6b5010382.jpg,low_light_moderate
train,Mosque_ahead_203_jpg.rf.0092d91d84de7f864ac6ae32360f1565.jpg,low_light_moderate
train,Mosque_ahead_204_jpg.rf.d7ea763bd28cff620156052ff9924d48.jpg,clean
train,Mosque_ahead_205_jpg.rf.8374936d76acba3c43cd1a3cc2c93ae9.jpg,clean
train,Mosque_ahead_206_jpg.rf.49d262ca583446e47109ce4099301db4.jpg,occlusion_moderate
train,Mosque_ahead_209_jpg.rf.31c860b31f22bb1fe6cd97bc17172be8.jpg,rain_severe
train,Mosque_ahead_210_jpg.rf.d2e447322d5fdc6a2c425aae6163d57d.jpg,low_light_severe
train,Mosque_ahead_212_jpg.rf.f98baa621c56fa881fea1bb6b91347de.jpg,small_distance_0.84|glare_mild
train,Mosque_ahead_214_jpg.rf.0739740d96b5d6e1b853802bf489e5b1.jpg,clean
train,Mosque_ahead_215_jpg.rf.908f7bb0cd8802bb31073012b2928a82.jpg,fog_mild
train,Mosque_ahead_216_jpg.rf.9a0cce926072523b0aa33b624aad6b84.jpg,small_distance_0.62
train,Mosque_ahead_217_jpg.rf.696c57937ea89a8a0f4eb9beb31241dc.jpg,small_distance_0.80|fog_severe
train,Mosque_ahead_218_jpg.rf.63834e6c12eab435d68e9340a0db4bcf.jpg,low_light_mild
train,Mosque_ahead_219_jpg.rf.aa0c5f7f9a25c042abe84b1aa13fb35c.jpg,small_distance_0.69|fog_moderate
train,Mosque_ahead_21_jpg.rf.eef7e68dcf772742e28ea889305ec2bb.jpg,fog_moderate
train,Mosque_ahead_221_jpg.rf.e76a9611f3a2fb82b135de2888e67bf5.jpg,small_distance_0.67
train,Mosque_ahead_223_jpg.rf.3de977e2acf173562d23a42e35494be6.jpg,glare_mild
train,Mosque_ahead_224_jpg.rf.90321b9d789396a828a030aca43d8036.jpg,clean
train,Mosque_ahead_225_jpg.rf.ba616a6566898f59e437e3a4f73d18b5.jpg,clean
train,Mosque_ahead_226_jpg.rf.646187822a0d9b47c8742bb7bac329d7.jpg,small_distance_0.74|low_light_moderate
train,Mosque_ahead_227_jpg.rf.c13c7f271a8e5d03bfe92b174d6bce3a.jpg,small_distance_0.57
train,Mosque_ahead_228_jpg.rf.e99fcf0e4cd4f5131b626f029a1d3c0f.jpg,small_distance_0.80|blur_mild
train,Mosque_ahead_229_jpg.rf.6ba3fbe8aaa4c2b977bdb66e15f99758.jpg,clean
train,Mosque_ahead_22_jpg.rf.3530c1aab226e98b72768cdc6dc604d6.jpg,occlusion_moderate
train,Mosque_ahead_230_jpg.rf.fc2977419a2944c705dcb0dfbda3323b.jpg,small_distance_0.71|low_light_mild
train,Mosque_ahead_232_jpg.rf.84f743ae6388b95fe8b458315a206bb1.jpg,small_distance_0.76|occlusion_severe
train,Mosque_ahead_234_jpg.rf.b170367e61d8c1def9f2c6ba2d2c176f.jpg,clean
train,Mosque_ahead_235_jpg.rf.d0da1c097b165d3ce7942883bb7ffe0d.jpg,blur_mild
train,Mosque_ahead_236_jpg.rf.b307ac0463be0624592c0e4c3db64a34.jpg,clean
train,Mosque_ahead_238_jpg.rf.32fce6bc7e2653e061651ede05a13b17.jpg,small_distance_0.65|occlusion_mild
train,Mosque_ahead_239_jpg.rf.40d0eaa964147b080e6bc0225a9244df.jpg,glare_severe
train,Mosque_ahead_23_jpg.rf.7e3922648f33ab625a387711dbdfacfb.jpg,rain_moderate
train,Mosque_ahead_241_jpg.rf.a18fa264157d3da089b3c558a801c8d5.jpg,occlusion_severe
train,Mosque_ahead_243_jpg.rf.39716ac8d7df4bc39eac4b4aee896424.jpg,small_distance_0.73|rain_mild
train,Mosque_ahead_244_jpg.rf.3346e9cedfd7b920da09f2d86da122c5.jpg,small_distance_0.78|low_light_mild
train,Mosque_ahead_245_jpg.rf.b0bcd6ed9acc0ffe75ae4555d09fcde3.jpg,small_distance_0.67|rain_moderate
train,Mosque_ahead_247_jpg.rf.c22821d880c968e820cee3f39a4c61a5.jpg,small_distance_0.75
train,Mosque_ahead_248_jpg.rf.8469644b54c9f76312e99763d41569c9.jpg,small_distance_0.65
train,Mosque_ahead_24_jpg.rf.d54baa10cbfc47ac4f129906ed2452ec.jpg,glare_mild
train,Mosque_ahead_253_jpg.rf.bd88c83e3d022bf15ad63b85ca5a4dfa.jpg,occlusion_moderate
train,Mosque_ahead_256_jpg.rf.547858e4e99beadb34ff39b580590215.jpg,small_distance_0.77|occlusion_mild
train,Mosque_ahead_257_jpg.rf.bdb681be20ce897a6b0aea781bc07e1d.jpg,small_distance_0.74|fog_mild
train,Mosque_ahead_258_jpg.rf.3ab4c62fd24f50725efe26f9a08585f2.jpg,small_distance_0.79|glare_mild
train,Mosque_ahead_261_jpg.rf.c14e84a81d31edf50e496ba8d60f5891.jpg,small_distance_0.77|low_light_severe
train,Mosque_ahead_262_jpg.rf.a8de3b621e8c783686acd9508807e654.jpg,low_light_severe
train,Mosque_ahead_263_jpg.rf.8769701646717c33dc532d0d623ffc53.jpg,occlusion_mild
train,Mosque_ahead_265_jpg.rf.5f65c705e989259b4583085f9a9a20d4.jpg,clean
train,Mosque_ahead_266_jpg.rf.f74248500bdac4f5120498e27d37017d.jpg,blur_moderate
train,Mosque_ahead_267_jpg.rf.e8c9dd4ad0d5a3acca614a116d614044.jpg,small_distance_0.76|glare_severe
train,Mosque_ahead_268_jpg.rf.1c9ed5c37d9ce9d271a0df307b22026c.jpg,occlusion_moderate
train,Mosque_ahead_269_jpg.rf.55674fd952b574bea36a0334c2e550e5.jpg,clean
train,Mosque_ahead_270_jpg.rf.aab11e8afe2dc32e80071d68de400037.jpg,fog_severe
train,Mosque_ahead_272_jpg.rf.755c04ffa2ea80e3d60a0af70aa477e6.jpg,clean
train,Mosque_ahead_273_jpg.rf.baea0892392460a58addb09671564ff9.jpg,fog_moderate
train,Mosque_ahead_275_jpg.rf.1d75a61dc75b85aecf239ec05276821e.jpg,rain_mild
train,Mosque_ahead_276_jpg.rf.6cb41536589cbf36ece0309d84fa72fc.jpg,occlusion_mild
train,Mosque_ahead_277_jpg.rf.060bf914d38b2811964e04ba779acc5b.jpg,small_distance_0.83|glare_moderate
train,Mosque_ahead_278_jpg.rf.f4900f7809573ae1cd8703224b3b0988.jpg,occlusion_moderate
train,Mosque_ahead_279_jpg.rf.772f294dcf9822000011e5ee69fa33af.jpg,low_light_moderate
train,Mosque_ahead_27_jpg.rf.9c97c624554c55bda05acf2c4ecea3ac.jpg,glare_mild
train,Mosque_ahead_280_jpg.rf.5c9fd12c7e22d2027b83ade38746f23f.jpg,clean
train,Mosque_ahead_282_jpg.rf.29e66810c5e50c6c34b5065d41bf516a.jpg,small_distance_0.65|rain_mild
train,Mosque_ahead_283_jpg.rf.6ec1ef03afa126e3652f43f225df2aa0.jpg,occlusion_severe
train,Mosque_ahead_285_jpg.rf.4c33bd84fc35b9bc825cf77e84309b54.jpg,glare_mild
train,Mosque_ahead_286_jpg.rf.52db90689c0319fef3ba2845823b651e.jpg,fog_severe
train,Mosque_ahead_287_jpg.rf.daf6ecdc9607640228e3fd40cb02afb7.jpg,small_distance_0.71|rain_severe
train,Mosque_ahead_288_jpg.rf.8df3d6625cf61a02fa15f8a8f25ed8ce.jpg,clean
train,Mosque_ahead_289_jpg.rf.ae5fbb181a76a6ad032a1e668f67e49b.jpg,occlusion_severe
train,Mosque_ahead_28_jpg.rf.d9bbe6c832dd45620ab56c82454abf76.jpg,rain_severe
train,Mosque_ahead_290_jpg.rf.aeb4737e0e717b0d9931d4ea339ff0bb.jpg,clean
train,Mosque_ahead_291_jpg.rf.9f967cf9f7ca95ed2b561044776cc086.jpg,small_distance_0.72
train,Mosque_ahead_292_jpg.rf.07041cb720b9370abe149ad1539e5d6c.jpg,small_distance_0.65
train,Mosque_ahead_293_jpg.rf.f11c300d89604b5ea5c9209dcfc8cb6f.jpg,clean
train,Mosque_ahead_294_jpg.rf.1dc635168e801145811088a125b67241.jpg,glare_moderate
train,Mosque_ahead_296_jpg.rf.8a1db9d9486d61ad4bf337a497dda797.jpg,clean
train,Mosque_ahead_298_jpg.rf.031d23e12e0a6fc70b25840d9be73bb0.jpg,clean
train,Mosque_ahead_299_jpg.rf.35ca335192841a4fc33d5674c4ec5586.jpg,small_distance_0.78|rain_mild
train,Mosque_ahead_300_jpg.rf.d3b651d536bea11759736bce3513a1e7.jpg,fog_severe
train,Mosque_ahead_301_jpg.rf.fed460f3a4253b38957c946c23ae9cd7.jpg,rain_mild
train,Mosque_ahead_302_jpg.rf.dc2322eba8cf01ed9595b34d480a9d19.jpg,occlusion_moderate
train,Mosque_ahead_303_jpg.rf.2019f92239100dddea967880aac444c9.jpg,small_distance_0.80|occlusion_moderate
train,Mosque_ahead_305_jpg.rf.f3df30ed096ff07501dcde5263f46af2.jpg,small_distance_0.67|rain_mild
train,Mosque_ahead_307_jpg.rf.f3c36b23017d03d4640397ac64ef52bd.jpg,small_distance_0.67
train,Mosque_ahead_309_jpg.rf.9c11c8e472151e16cdd558f3fa9dbdd4.jpg,clean
train,Mosque_ahead_310_jpg.rf.ea49143ebbde5bd2251aaba9279a16b5.jpg,small_distance_0.75|rain_mild
train,Mosque_ahead_312_jpg.rf.a667c119c9e9ec3f04aca0c618a9e7ae.jpg,small_distance_0.84|low_light_moderate
train,Mosque_ahead_313_jpg.rf.45499f6c53551d834055aa50471f3f93.jpg,clean
train,Mosque_ahead_314_jpg.rf.c12bd28b3231bd2bf891c011b9ab2388.jpg,blur_severe
train,Mosque_ahead_315_jpg.rf.b6f5b0e5f3e0d8dc581387d687fc4597.jpg,fog_moderate
train,Mosque_ahead_316_jpg.rf.b666bbfeae3588c69a91e2a8a261f83f.jpg,low_light_severe
train,Mosque_ahead_318_jpg.rf.91ddc45696dc908c7f79e54f715851bd.jpg,clean
train,Mosque_ahead_31_jpg.rf.002bc63b7a033711bc63ec68d0b3ff95.jpg,glare_moderate
train,Mosque_ahead_320_jpg.rf.d057e6df79e7de47d7a8af76199d8429.jpg,rain_severe
train,Mosque_ahead_322_jpg.rf.7ea40b6e66c147d8ba7b856b51dc70af.jpg,clean
train,Mosque_ahead_325_jpg.rf.e4ee5982255d8fa53b11bb281736119f.jpg,small_distance_0.67
train,Mosque_ahead_326_jpg.rf.5e48e9f9b3168c32f19bb1c3311d963d.jpg,glare_moderate
train,Mosque_ahead_328_jpg.rf.785671bff84e7cbb79cada977d7b1483.jpg,clean
train,Mosque_ahead_330_jpg.rf.741ce4c41e42aa7246b8b4937fb5a70b.jpg,small_distance_0.60|blur_severe
train,Mosque_ahead_333_jpg.rf.5b5286affd1d481bd4edf16ecff82728.jpg,occlusion_moderate
train,Mosque_ahead_336_jpg.rf.c467b5636c60d437e45a1537135ff852.jpg,small_distance_0.70|low_light_severe
train,Mosque_ahead_338_jpg.rf.41ebd9d7690dec567241b47adf586611.jpg,fog_moderate
train,Mosque_ahead_33_jpg.rf.ed1885f6df5fd6496895cece80486e60.jpg,small_distance_0.69
train,Mosque_ahead_340_jpg.rf.6a573cc4809b083c8913bf1c67c703e4.jpg,clean
train,Mosque_ahead_343_jpg.rf.8be10f2dc202823062db8eeb42618afe.jpg,small_distance_0.65|occlusion_mild
train,Mosque_ahead_344_jpg.rf.b5e58bcfa861928f4cc8b375e4edf29d.jpg,blur_severe
train,Mosque_ahead_345_jpg.rf.88b6b3706b785aa40d4c43fba10c9930.jpg,low_light_severe
train,Mosque_ahead_348_jpg.rf.42943aa6dd6b164b9a5458e0da880164.jpg,clean
train,Mosque_ahead_349_jpg.rf.7ce874574c3ba64dd960bd79ffca3840.jpg,clean
train,Mosque_ahead_350_jpg.rf.bb2500bc93039180e50cd568ea2f936a.jpg,rain_moderate
train,Mosque_ahead_351_jpg.rf.2ab3f0014f7970cfa163bf84457c5f05.jpg,rain_mild
train,Mosque_ahead_353_jpg.rf.69a3f2ae519d4fe8509e01c94f0b3c49.jpg,occlusion_mild
train,Mosque_ahead_354_jpg.rf.db5a498b829028ca2c050a77483a247c.jpg,glare_moderate
train,Mosque_ahead_357_jpg.rf.f65223671d3f8054b3cab733e0b9f0a0.jpg,rain_mild
train,Mosque_ahead_358_jpg.rf.53bfecc0dde287546e4dac8c5471da05.jpg,small_distance_0.78|glare_moderate
train,Mosque_ahead_35_jpg.rf.de91ca7005c42c19cf662e6e13ba9cdb.jpg,glare_mild
train,Mosque_ahead_360_jpg.rf.ba3c0145f4f1a97f4f3055cc41853ab6.jpg,small_distance_0.75|glare_mild
train,Mosque_ahead_361_jpg.rf.8da579bd2b9bac1c9299c5606da2b28d.jpg,low_light_moderate
train,Mosque_ahead_362_jpg.rf.3c387832327178b2bba66ac1b458e8b9.jpg,rain_mild
train,Mosque_ahead_363_jpg.rf.6fd97201af41d17f9802e8ee6448699d.jpg,small_distance_0.57|rain_mild
train,Mosque_ahead_365_jpg.rf.82a4a2ee0e21ecdbf0a4dd2128126f33.jpg,clean
train,Mosque_ahead_366_jpg.rf.31d8ed2b6375c8a211717298f012a85a.jpg,small_distance_0.83|glare_mild
train,Mosque_ahead_368_jpg.rf.2111e67042095776560e64daf7a33048.jpg,small_distance_0.64|occlusion_severe
train,Mosque_ahead_36_jpg.rf.575571006fcf9b478d6e696b5fa51b11.jpg,glare_severe
train,Mosque_ahead_370_jpg.rf.a0d0f6957000c41061293ed6c3b70d01.jpg,clean
train,Mosque_ahead_372_jpg.rf.974b7de6a613408130fc02330b6a62ce.jpg,small_distance_0.64|glare_mild
train,Mosque_ahead_373_jpg.rf.ff11962309739d6a0bb37f84429040a7.jpg,clean
train,Mosque_ahead_374_jpg.rf.b59e37c0b28c050c7b17a5ba3b850db5.jpg,small_distance_0.69|fog_moderate
train,Mosque_ahead_375_jpg.rf.abf89e1346dd37636d4b919d4c655550.jpg,occlusion_mild
train,Mosque_ahead_376_jpg.rf.db1c81f062f774a8b362ed850f3032c3.jpg,occlusion_severe
train,Mosque_ahead_377_jpg.rf.e320ae75e938c9b966bf3f6ce91de3f3.jpg,occlusion_severe
train,Mosque_ahead_379_jpg.rf.274cbfda2649f00b957449551af3a875.jpg,clean
train,Mosque_ahead_37_jpg.rf.1efc27654eba8f26e6f01c89ad90c0c1.jpg,fog_moderate
train,Mosque_ahead_380_jpg.rf.a8a1a56fb2724539440d7e8bca4dfbff.jpg,clean
train,Mosque_ahead_381_jpg.rf.e7226530289093b7dae178f4e2898a34.jpg,low_light_moderate
train,Mosque_ahead_382_jpg.rf.4a186db74648b64d41a4e4772af2ca53.jpg,glare_mild
train,Mosque_ahead_383_jpg.rf.91a7e2cc5fd69ba1906e96a63919eab7.jpg,fog_mild
train,Mosque_ahead_385_jpg.rf.6cd722beead26fed26b9ef778acea0d7.jpg,small_distance_0.56|blur_severe
train,Mosque_ahead_386_jpg.rf.7e1ba31f17f788d6d45d6934ec6745dd.jpg,clean
train,Mosque_ahead_387_jpg.rf.4664afb9012bf754a65d644fd1f4ddc1.jpg,fog_moderate
train,Mosque_ahead_388_jpg.rf.d3b72430290b42d514f7282d5707b599.jpg,blur_severe
train,Mosque_ahead_389_jpg.rf.d90f439cb171b0292bbb59438f572800.jpg,small_distance_0.63
train,Mosque_ahead_38_jpg.rf.21b8a275848946a54a934f985fedc848.jpg,small_distance_0.70|blur_mild
train,Mosque_ahead_390_jpg.rf.1718e79388f65282ca7c88e5e923cff1.jpg,occlusion_severe
train,Mosque_ahead_392_jpg.rf.d90b25fb14a3f562836cd498dfd3049a.jpg,rain_mild
train,Mosque_ahead_395_jpg.rf.e5fc1e1201d779c2326aaaaf80851dae.jpg,small_distance_0.65|glare_mild
train,Mosque_ahead_396_jpg.rf.8c225c9586db8082db0444f4fb778826.jpg,occlusion_moderate
train,Mosque_ahead_397_jpg.rf.21e549e090286eea9b1d496968d4a84c.jpg,fog_moderate
train,Mosque_ahead_398_jpg.rf.5d07aa75bd5a102078c3f97762866b18.jpg,occlusion_mild
train,Mosque_ahead_399_jpg.rf.a9e8532e0184ce8514f4632945010e52.jpg,occlusion_severe
train,Mosque_ahead_3_jpg.rf.8c226924a1799d95d048091bdd147279.jpg,small_distance_0.71|occlusion_moderate
train,Mosque_ahead_402_jpg.rf.3551d7ee3a0b772749b9a8f4ccb33a22.jpg,clean
train,Mosque_ahead_403_jpg.rf.420651672baa988b144b11b27fff270a.jpg,clean
train,Mosque_ahead_405_jpg.rf.121fe1cb57f326d85d6ee912f280982a.jpg,small_distance_0.56
train,Mosque_ahead_406_jpg.rf.2501359068cdb00e3245777c671848d9.jpg,clean
train,Mosque_ahead_408_jpg.rf.c7291b92a1765836b30e0283dc4784f9.jpg,low_light_mild
train,Mosque_ahead_409_jpg.rf.526f9a9a537b9ae7641629e8a3bb6812.jpg,clean
train,Mosque_ahead_410_jpg.rf.04e18f557d47db478a77a0c5b0e915cc.jpg,blur_moderate
train,Mosque_ahead_411_jpg.rf.e088e79c40fc2a0df08306d99399097c.jpg,rain_moderate
train,Mosque_ahead_413_jpg.rf.27ca889a0b64e77b63b54278dd53968e.jpg,clean
train,Mosque_ahead_414_jpg.rf.7336cae5ca19caad0addf69e7ac106d2.jpg,small_distance_0.64|blur_mild
train,Mosque_ahead_416_jpg.rf.c4e2870aff5a8fcb3b55f21ad4ab0ae3.jpg,blur_moderate
train,Mosque_ahead_417_jpg.rf.64ffa80013c794eb19ebaf52e1c930b3.jpg,fog_moderate
train,Mosque_ahead_418_jpg.rf.36f9a6f4e6b0de1a75a9c762775d3594.jpg,fog_mild
train,Mosque_ahead_420_jpg.rf.56e60503503ccc070cc0df150e7601d7.jpg,low_light_severe
train,Mosque_ahead_421_jpg.rf.f68edcad612ea59ffb06ab95422dfc76.jpg,blur_moderate
train,Mosque_ahead_422_jpg.rf.41a04c842e0b90abb02f2cc277c58fca.jpg,clean
train,Mosque_ahead_423_jpg.rf.a5badc318c552a6039f2d987502e2932.jpg,small_distance_0.64|low_light_mild
train,Mosque_ahead_424_jpg.rf.b282817b8cda5047e4ac1af23404ecbd.jpg,small_distance_0.82|occlusion_severe
train,Mosque_ahead_426_jpg.rf.b9f347a03c473750c1a85f914a48523a.jpg,small_distance_0.72|rain_moderate
train,Mosque_ahead_428_jpg.rf.eb47380e3afab55d6990eba1eb7c0097.jpg,small_distance_0.64|glare_severe
train,Mosque_ahead_42_jpg.rf.eca6c1188e6e745d9a70c1c6d0b0662c.jpg,small_distance_0.59|blur_severe
train,Mosque_ahead_430_jpg.rf.8285c83b0ba27f16e78467267ea463ff.jpg,low_light_moderate
train,Mosque_ahead_431_jpg.rf.3b6d387eb2f2c6822e3ed83e31989a1b.jpg,occlusion_moderate
train,Mosque_ahead_433_jpg.rf.4e746e1bdb0cf245369c76f28bd4051b.jpg,fog_severe
train,Mosque_ahead_434_jpg.rf.29da127e94e14d1e3f6bdc25f088e156.jpg,blur_mild
train,Mosque_ahead_435_jpg.rf.a11922f9e18ab3763cd3dec6e07c95a0.jpg,small_distance_0.82|glare_mild
train,Mosque_ahead_436_jpg.rf.866af3ee167d7278f8967a7ec0e74c82.jpg,small_distance_0.67|low_light_severe
train,Mosque_ahead_437_jpg.rf.2ddfe935d0bb3973e5c87f5e977cf038.jpg,low_light_moderate
train,Mosque_ahead_439_jpg.rf.e5e50472b46c994fdc441ebc07013cf9.jpg,small_distance_0.80|occlusion_severe
train,Mosque_ahead_43_jpg.rf.990727d25ddc97831da05d79a00f37f8.jpg,small_distance_0.83
train,Mosque_ahead_443_jpg.rf.911eca1ff250a96282ca6f576d334879.jpg,occlusion_moderate
train,Mosque_ahead_445_jpg.rf.a2ac0a9a0f6582029207161a6fdabd01.jpg,small_distance_0.64|glare_moderate
train,Mosque_ahead_446_jpg.rf.ab4e6aef7079c7695d16f66a770b1ce9.jpg,small_distance_0.62
train,Mosque_ahead_447_jpg.rf.ffd9a1f2aa49d139e05c31c465b77986.jpg,clean
train,Mosque_ahead_449_jpg.rf.697a3a7ee8e7807e0a41c86bc5521835.jpg,occlusion_moderate
train,Mosque_ahead_44_jpg.rf.06e65b92ab478e0a00b6508c02ed0b2b.jpg,clean
train,Mosque_ahead_451_jpg.rf.3866cb4b1d8b9fcdd532cc3abd05d493.jpg,glare_mild
train,Mosque_ahead_453_jpg.rf.5071ed1db74f38854ba7a1efada40481.jpg,rain_moderate
train,Mosque_ahead_454_jpg.rf.c4b8a9e2b5589532271c7e7b802211a0.jpg,rain_severe
train,Mosque_ahead_456_jpg.rf.2fd2b676d47f87b7f5868b50b7626367.jpg,small_distance_0.80
train,Mosque_ahead_457_jpg.rf.e9fbfdbbe9cc8acdcd2586addda89169.jpg,small_distance_0.74
train,Mosque_ahead_458_jpg.rf.3dd62cf9b0d4b38256c81d0c62c884d1.jpg,glare_mild
train,Mosque_ahead_45_jpg.rf.16c1c62d06292ff3a5739d79303b1f8d.jpg,glare_moderate
train,Mosque_ahead_460_jpg.rf.a4d834f0066b5628d58e8a5983ad1460.jpg,small_distance_0.61|glare_moderate
train,Mosque_ahead_461_jpg.rf.db22b4cc0ee82be1081b19063a01935a.jpg,occlusion_mild
train,Mosque_ahead_462_jpg.rf.e4247bec31f4e3d7acfe05b0a854cd8c.jpg,small_distance_0.75|occlusion_severe
train,Mosque_ahead_464_jpg.rf.209c63a7d2524383d06fc53a05a11aaf.jpg,low_light_moderate
train,Mosque_ahead_468_jpg.rf.10f214a33a1c1d2314e6178e8f7f5f92.jpg,small_distance_0.58|fog_moderate
train,Mosque_ahead_470_jpg.rf.711556c0e5d113c74de774f40ef81795.jpg,small_distance_0.58
train,Mosque_ahead_472_jpg.rf.79ca310a9bd1a6fc4482434960896ab5.jpg,glare_severe
train,Mosque_ahead_473_jpg.rf.0f69133a6411fc5e23d478c8df7d9fce.jpg,rain_severe
train,Mosque_ahead_474_jpg.rf.0f35517ff77ccd3b72cb006899b840b9.jpg,blur_mild
train,Mosque_ahead_475_jpg.rf.775f02d85f16b271b18f68c2c8dad5b1.jpg,fog_moderate
train,Mosque_ahead_476_jpg.rf.4fe938618c8c89dbdb6efe1107397bcf.jpg,rain_severe
train,Mosque_ahead_477_jpg.rf.b7ab11d128930c75d82ab3467ab55244.jpg,occlusion_moderate
train,Mosque_ahead_478_jpg.rf.f3749d20145ba40d732bf2b33bc38c21.jpg,clean
train,Mosque_ahead_479_jpg.rf.37afcf9103903513c5ee28b4c246a66a.jpg,clean
train,Mosque_ahead_47_jpg.rf.35eb8b7e676ae8d608009f3a23b683cb.jpg,low_light_severe
train,Mosque_ahead_480_jpg.rf.5e4229a1210c2b2d801ee0572277d2f0.jpg,fog_mild
train,Mosque_ahead_481_jpg.rf.44980071f64793086e7b6ec7475e9692.jpg,blur_mild
train,Mosque_ahead_482_jpg.rf.9eed6b7ebf75121c55a37fa0061bae26.jpg,clean
train,Mosque_ahead_484_jpg.rf.6fff6ce05042a82da9e9001f875f472c.jpg,clean
train,Mosque_ahead_486_jpg.rf.c0e5beecb4c8859152abcab590361178.jpg,occlusion_severe
train,Mosque_ahead_487_jpg.rf.f24e1efba750da8c4e1379621591fa4b.jpg,glare_moderate
train,Mosque_ahead_488_jpg.rf.78fe624c37d979a3b07ddd9a07880330.jpg,occlusion_mild
train,Mosque_ahead_489_jpg.rf.41516df16fae7b11d529abb62ffad7ed.jpg,glare_moderate
train,Mosque_ahead_48_jpg.rf.64d582ff037efcbe08db281d86ec5987.jpg,occlusion_mild
train,Mosque_ahead_490_jpg.rf.6cfaa40adce29b8857565a3097320339.jpg,small_distance_0.57|occlusion_moderate
train,Mosque_ahead_491_jpg.rf.e6bc2a3c28dc01fc5cce5c76898834f5.jpg,clean
train,Mosque_ahead_493_jpg.rf.89cb62162b80c2cd4262e94fe404f0de.jpg,small_distance_0.59
train,Mosque_ahead_494_jpg.rf.2693a8da91cf369520282a03a8dfff78.jpg,clean
train,Mosque_ahead_495_jpg.rf.45560b30bfdab6a7a65ba00b8ad6d977.jpg,clean
train,Mosque_ahead_496_jpg.rf.12b2b65072f3ff3d4332026e080beda4.jpg,glare_severe
train,Mosque_ahead_497_jpg.rf.c680bb01be896de43b5b90727bc9b3b3.jpg,rain_mild
train,Mosque_ahead_498_jpg.rf.57829eab7bcf93dfcbf94c2f88643829.jpg,glare_severe
train,Mosque_ahead_499_jpg.rf.3d7587cb6dfcbdb0c4ffdaf0e2e30164.jpg,small_distance_0.70|low_light_severe
train,Mosque_ahead_4_jpg.rf.c2caea96834f8173e88cfc83bf68c8b9.jpg,clean
train,Mosque_ahead_500_jpg.rf.2c43fe3452c7b8795b026211d45890b4.jpg,blur_severe
train,Mosque_ahead_501_jpg.rf.aa5b7a761e64a4fb0015e02e700c1e06.jpg,rain_severe
train,Mosque_ahead_502_jpg.rf.69acf58c6925b7ac643a71f289ace39d.jpg,clean
train,Mosque_ahead_503_jpg.rf.e49b0f7073c8ddf1169037a7024a6b90.jpg,clean
train,Mosque_ahead_506_jpg.rf.a8804cf21e92941787765fd528cf5115.jpg,low_light_mild
train,Mosque_ahead_507_jpg.rf.a2f6d0c880b05fd4333200c08069a5f2.jpg,small_distance_0.74|occlusion_mild
train,Mosque_ahead_509_jpg.rf.eddee5d6ddd65f2bd82ad942dcdc149e.jpg,low_light_moderate
train,Mosque_ahead_510_jpg.rf.92ff33e2fb09a8d428921268381060e9.jpg,clean
train,Mosque_ahead_512_jpg.rf.762811beceef966388886f12c5680688.jpg,glare_severe
train,Mosque_ahead_513_jpg.rf.7fa0323180fea9f127fb442150e40de2.jpg,fog_moderate
train,Mosque_ahead_514_jpg.rf.70ce025dc7fc84ce9fb3835427cc73ea.jpg,clean
train,Mosque_ahead_515_jpg.rf.c5a041a9b21554080136dd65bea31d81.jpg,small_distance_0.60|low_light_severe
train,Mosque_ahead_516_jpg.rf.5487e10ca363a53179c8cc8bb94e63e0.jpg,small_distance_0.79|occlusion_moderate
train,Mosque_ahead_517_jpg.rf.d349fa7201ffa7eeff40b6464c62f343.jpg,occlusion_moderate
train,Mosque_ahead_518_jpg.rf.bfd7bb8501a70442bfcd9921646deb38.jpg,fog_moderate
train,Mosque_ahead_519_jpg.rf.1022c48be43f9d8f2d62a532cb824a67.jpg,small_distance_0.70
train,Mosque_ahead_51_jpg.rf.adf1a8ba7d1b15026e76cc45b4370b19.jpg,small_distance_0.59|fog_mild
train,Mosque_ahead_520_jpg.rf.c3641b69169c0b8d89ed6ef1a4df6f4e.jpg,low_light_severe
train,Mosque_ahead_521_jpg.rf.72ceec1553e2fedbdbc1ac9e21ed4d42.jpg,small_distance_0.68
train,Mosque_ahead_522_jpg.rf.2060d656a6dbb335ba6db8447a2dca06.jpg,small_distance_0.76|low_light_mild
train,Mosque_ahead_523_jpg.rf.214604f9fa5f133f3c8845b80fc82641.jpg,small_distance_0.58|rain_moderate
train,Mosque_ahead_524_jpg.rf.065b8832f98c2039ef6e3fe99eac91d2.jpg,glare_mild
train,Mosque_ahead_525_jpg.rf.e3343c43e5c52db429414790996974f8.jpg,rain_mild
train,Mosque_ahead_526_jpg.rf.61667c9ddba05bac6289db2f22dd1870.jpg,clean
train,Mosque_ahead_528_jpg.rf.d5b6b4357c6b66bfd4573e9e21e42c4c.jpg,small_distance_0.63
train,Mosque_ahead_529_jpg.rf.e93afca0e6bbe1a943da6e4707c55133.jpg,small_distance_0.69|glare_severe
train,Mosque_ahead_530_jpg.rf.ccca00379ded04925d65010789228e61.jpg,clean
train,Mosque_ahead_531_jpg.rf.5b490fb30e1c6817d27177513cd135d6.jpg,small_distance_0.76|fog_mild
train,Mosque_ahead_532_jpg.rf.d7a3a875d2d7e3d6b8cd11578d63ed4e.jpg,fog_moderate
train,Mosque_ahead_533_jpg.rf.841cf3fb512a84ee98b62ef52119bd09.jpg,low_light_severe
train,Mosque_ahead_534_jpg.rf.21d1855345a0781ee71d6fe9fd10bffe.jpg,low_light_severe
train,Mosque_ahead_535_jpg.rf.911529f6011aba82ff6d2ca584943ac7.jpg,clean
train,Mosque_ahead_536_jpg.rf.29972a594aca13319c9654a955cbfe77.jpg,fog_moderate
train,Mosque_ahead_537_jpg.rf.cee6869a14f51fd95939553835c6e26c.jpg,small_distance_0.79|low_light_moderate
train,Mosque_ahead_538_jpg.rf.279a2f9b11bd9260336e6d061bc6246b.jpg,rain_severe
train,Mosque_ahead_539_jpg.rf.24ce9076eb0f665daec4f86f7687f23e.jpg,clean
train,Mosque_ahead_53_jpg.rf.8cb57b4a67b3dc501f05972a05bd7bf9.jpg,rain_moderate
train,Mosque_ahead_540_jpg.rf.5ca4d9eeeedc087aa3d21ffa1a907c3a.jpg,blur_mild
train,Mosque_ahead_541_jpg.rf.fd0e88e6ac929e89b1443c6acaa2c555.jpg,occlusion_moderate
train,Mosque_ahead_542_jpg.rf.82f1c44210f5982f2f6751bc87eba9e3.jpg,fog_mild
train,Mosque_ahead_543_jpg.rf.1b6f1d1cdff719a97db94432e3eb8a7e.jpg,small_distance_0.74|low_light_severe
train,Mosque_ahead_544_jpg.rf.30d2ec615d132b74d9b1d1d6c430e92f.jpg,low_light_severe
train,Mosque_ahead_545_jpg.rf.1e89b1409a72ef563b3d89496a21623e.jpg,small_distance_0.84|low_light_mild
train,Mosque_ahead_546_jpg.rf.6e2981c7636f4116afbc35ca1bf9e747.jpg,clean
train,Mosque_ahead_547_jpg.rf.70994d87477aa2c8e8a8aeb4b782e93f.jpg,clean
train,Mosque_ahead_548_jpg.rf.8da9dd63c70b1e2565f53736ebbbacd7.jpg,small_distance_0.58|fog_moderate
train,Mosque_ahead_549_jpg.rf.6ebc34b2eac5a998e8e9c27b3033d197.jpg,glare_moderate
train,Mosque_ahead_54_jpg.rf.355f66b89bbd530395c9fec6ee00ae6b.jpg,occlusion_moderate
train,Mosque_ahead_550_jpg.rf.1e36f3669a92e0add537afb88efc28c8.jpg,small_distance_0.78|blur_moderate
train,Mosque_ahead_551_jpg.rf.3a5b27417a677a45a8c5f5da624c5a49.jpg,clean
train,Mosque_ahead_553_jpg.rf.5b98dfec2ed4b1ca7248f8fa7293f76d.jpg,small_distance_0.79|blur_moderate
train,Mosque_ahead_554_jpg.rf.670d6df89b6ad5c1d980cf40562512bc.jpg,glare_mild
train,Mosque_ahead_555_jpg.rf.71d9ad2119aa67bc419f528adcdb7f37.jpg,low_light_moderate
train,Mosque_ahead_556_jpg.rf.5a0b163e86cf468ef5c54bf8017e8ab6.jpg,small_distance_0.74
train,Mosque_ahead_557_jpg.rf.85fb81aad44a7f709007facab6c22876.jpg,blur_mild
train,Mosque_ahead_558_jpg.rf.feb98c0f01ddc9732b9874630cfa353b.jpg,glare_mild
train,Mosque_ahead_559_jpg.rf.9f603570c635a6315a123cf217a1e624.jpg,occlusion_mild
train,Mosque_ahead_560_jpg.rf.41c7c6b62586e133eb77386e49967569.jpg,fog_mild
train,Mosque_ahead_561_jpg.rf.4620ddc5c762f56fce115461e9e281c6.jpg,clean
train,Mosque_ahead_563_jpg.rf.24a6f0c5ac89ea20aa2e26099c756915.jpg,glare_moderate
train,Mosque_ahead_566_jpg.rf.da421fd0f07b4038193e63a587a66f79.jpg,clean
train,Mosque_ahead_568_jpg.rf.9cb8b7b49d446e314bff4290951cee1e.jpg,clean
train,Mosque_ahead_569_jpg.rf.e6ed9ed4f0fa7b0bf4f9f246e6e64a58.jpg,occlusion_moderate
train,Mosque_ahead_56_jpg.rf.c3d562b2cfd86121deb7e32a5db9ae19.jpg,small_distance_0.71
train,Mosque_ahead_571_jpg.rf.cf7c79c3492aeb5cc797e3a664f235ef.jpg,small_distance_0.64|occlusion_mild
train,Mosque_ahead_572_jpg.rf.9903226837b7eab8fbc69020baa65c2d.jpg,clean
train,Mosque_ahead_573_jpg.rf.022b35c09e3c914f7b6086c2344433cf.jpg,small_distance_0.80
train,Mosque_ahead_574_jpg.rf.310304dfc77e6069bf1adcccff53857c.jpg,small_distance_0.61|glare_severe
train,Mosque_ahead_577_jpg.rf.3255a7d837adc5480adb138b6e7a9c46.jpg,small_distance_0.76
train,Mosque_ahead_578_jpg.rf.a190b821303ed28e8adeca394ef4ddf7.jpg,blur_severe
train,Mosque_ahead_580_jpg.rf.8230d000f5b40674d4fa72561e5ec6d7.jpg,blur_mild
train,Mosque_ahead_582_jpg.rf.6153edbe9470e495a0f3ed765c9c45e4.jpg,small_distance_0.85|glare_mild
train,Mosque_ahead_583_jpg.rf.952fa2c4e83fba35f7643d3a0a82e761.jpg,glare_severe
train,Mosque_ahead_584_jpg.rf.cf232fb476537d73b0bc42fb7259a0fa.jpg,clean
train,Mosque_ahead_58_jpg.rf.fac4b03fe81bb55fa2ea3f20bc4c7013.jpg,fog_mild
train,Mosque_ahead_59_jpg.rf.d48c8dabf17494006357e614dd628a5c.jpg,small_distance_0.77|rain_severe
train,Mosque_ahead_5_jpg.rf.20f0ecb2dde438d78084c6dd1eae1360.jpg,occlusion_severe
train,Mosque_ahead_60_jpg.rf.cc02478a4a691ccd5f3794b3d37310a8.jpg,small_distance_0.72
train,Mosque_ahead_61_jpg.rf.9916debefb5114e8ff462c82e4745d14.jpg,small_distance_0.59|glare_severe
train,Mosque_ahead_62_jpg.rf.e2db4d8cbd9273e8ecdb480f85bd72c0.jpg,small_distance_0.76|rain_severe
train,Mosque_ahead_66_jpg.rf.721c64db142fd8d0e58d9ab1470e12c3.jpg,small_distance_0.64
train,Mosque_ahead_67_jpg.rf.61024ed88ee0d450eda8f8d3b57fd677.jpg,low_light_mild
train,Mosque_ahead_68_jpg.rf.2484db6f42db50db5ffac5d667910ea9.jpg,glare_severe
train,Mosque_ahead_69_jpg.rf.1b6853793d87f2b65c16e5ad7707c177.jpg,rain_moderate
train,Mosque_ahead_6_jpg.rf.a5ebf2791ed625f53f0d3988291a0c06.jpg,small_distance_0.80|glare_moderate
train,Mosque_ahead_71_jpg.rf.90dc2dc51252fb785f026e90ecdec9e0.jpg,small_distance_0.76|fog_mild
train,Mosque_ahead_72_jpg.rf.57826fc6eda00b818a297e6677e498b0.jpg,fog_mild
train,Mosque_ahead_73_jpg.rf.e5beba5119d700e1a8409d200d816630.jpg,small_distance_0.59|occlusion_moderate
train,Mosque_ahead_74_jpg.rf.40e0eb1a076f662a5e9992689c611071.jpg,low_light_mild
train,Mosque_ahead_75_jpg.rf.ebf02592e9b5581cced93838b49bdaec.jpg,small_distance_0.79|glare_mild
train,Mosque_ahead_76_jpg.rf.5425ab83b518bf89f3bfe03a5e3acef9.jpg,small_distance_0.70|rain_mild
train,Mosque_ahead_77_jpg.rf.208b12a90ef5c05896213287ee7eb98f.jpg,fog_moderate
train,Mosque_ahead_79_jpg.rf.932afc5748a6af200768f88672349751.jpg,clean
train,Mosque_ahead_7_jpg.rf.e128026feb682970b5844672f86526c8.jpg,rain_severe
train,Mosque_ahead_80_jpg.rf.f3b8d93220183a17f4be0a8ebf80706c.jpg,small_distance_0.69|rain_severe
train,Mosque_ahead_81_jpg.rf.2d5ce3cba82b6810867573d9e85e6d98.jpg,occlusion_moderate
train,Mosque_ahead_82_jpg.rf.444847f2ce30624859621f7b4b49cdbc.jpg,fog_moderate
train,Mosque_ahead_83_jpg.rf.0bee75acb2efd0a82acaf7836988b42b.jpg,rain_mild
train,Mosque_ahead_84_jpg.rf.dbb6a952887437301b021961bd6d2064.jpg,clean
train,Mosque_ahead_87_jpg.rf.e880111ce3037c06103fa13106dde941.jpg,clean
train,Mosque_ahead_88_jpg.rf.1edf545da09050fbf59df2e408ee6410.jpg,glare_severe
train,Mosque_ahead_89_jpg.rf.08fc820aa549d2e30077259c9430c623.jpg,rain_mild
train,Mosque_ahead_8_jpg.rf.c53f2dd91fef8147ba73c52ddcf33c4d.jpg,glare_moderate
train,Mosque_ahead_90_jpg.rf.5a55ca99643cbd1bb477c3e5a084f9a5.jpg,small_distance_0.75|occlusion_moderate
train,Mosque_ahead_91_jpg.rf.df3b2ab440b7a824a48965a9587f4537.jpg,small_distance_0.68|glare_mild
train,Mosque_ahead_92_jpg.rf.36cc882b11636afba86a8a4e6bf812fb.jpg,small_distance_0.57|rain_mild
train,Mosque_ahead_93_jpg.rf.03336f94f2fafe17f289c83b29e1606f.jpg,rain_severe
train,Mosque_ahead_94_jpg.rf.db9d9755fa533ec06bb6c8b476c5ca3b.jpg,glare_mild
train,Mosque_ahead_95_jpg.rf.cdd7fd12f91795194ab289e54aa2fdc7.jpg,clean
train,Mosque_ahead_96_jpg.rf.51c0d77c3de7083e92c6ca1e0c85ea38.jpg,small_distance_0.58|rain_severe
train,Mosque_ahead_97_jpg.rf.6cf2682e604277d5a5ec215536b4a242.jpg,rain_mild
train,Mosque_ahead_99_jpg.rf.53ed5dcffd5fb7775d8b18861d718e93.jpg,glare_mild
train,Mosque_ahead_9_jpg.rf.c1b818c11f77ab6a02e1eecdb01808e9.jpg,small_distance_0.73|fog_mild
train,Narrow_crossing_road_ahead_0_jpg.rf.bc882888910f8102d323d8719547a791.jpg,fog_moderate
train,Narrow_crossing_road_ahead_10_jpg.rf.62b12de13f30dcc8f66e55de0680e3e8.jpg,small_distance_0.59|blur_moderate
train,Narrow_crossing_road_ahead_11_jpg.rf.622568a639511276e56703a7b2694284.jpg,small_distance_0.81|rain_moderate
train,Narrow_crossing_road_ahead_12_jpg.rf.7514914b2d7e966994b3a538a9079f3e.jpg,small_distance_0.64|occlusion_severe
train,Narrow_crossing_road_ahead_13_jpg.rf.4bb4d606c4308ec44c95c16ebbd86d14.jpg,low_light_mild
train,Narrow_crossing_road_ahead_14_jpg.rf.8be42f8ba2b124f185f10fc0e7f9b5a3.jpg,small_distance_0.81|rain_severe
train,Narrow_crossing_road_ahead_15_jpg.rf.02394ab319b0cb1da3c70b0a29d8a14f.jpg,blur_severe
train,Narrow_crossing_road_ahead_18_jpg.rf.5409e10d956b17b80d3ecd55bcf30131.jpg,clean
train,Narrow_crossing_road_ahead_19_jpg.rf.af2bcbd3db47f004f8c1c7586b530bbb.jpg,small_distance_0.68|low_light_mild
train,Narrow_crossing_road_ahead_24_jpg.rf.61aa5ff7dea64168177b5d90614f03a2.jpg,clean
train,Narrow_crossing_road_ahead_25_jpg.rf.97c887502b7ecbf97610d074ffcab750.jpg,glare_severe
train,Narrow_crossing_road_ahead_26_jpg.rf.d5356193aa98db65b7847ee9eafb8830.jpg,low_light_moderate
train,Narrow_crossing_road_ahead_27_jpg.rf.54a45a0315959b616837d473b770d7e3.jpg,clean
train,Narrow_crossing_road_ahead_28_jpg.rf.1d61a2a1f7dd285ee23375c07c8f5aff.jpg,rain_mild
train,Narrow_crossing_road_ahead_29_jpg.rf.124443c77b7854699a45460eeaed444c.jpg,occlusion_moderate
train,Narrow_crossing_road_ahead_2_jpg.rf.e2d5c9b084547d3ad7ed84dae5c8f658.jpg,fog_mild
train,Narrow_crossing_road_ahead_30_jpg.rf.56b876d8b709343eb1f2637c344ec350.jpg,glare_severe
train,Narrow_crossing_road_ahead_33_jpg.rf.b18335b99b1486dbfaaca16fe120e0c1.jpg,small_distance_0.76
train,Narrow_crossing_road_ahead_36_jpg.rf.1e04a07385f830e36a395f9b518204c0.jpg,glare_moderate
train,Narrow_crossing_road_ahead_37_jpg.rf.c6f718e0779f759a635a118079ca0df8.jpg,clean
train,Narrow_crossing_road_ahead_38_jpg.rf.e55c7dee7eb6ca9ee60e5c04b6607048.jpg,clean
train,Narrow_crossing_road_ahead_39_jpg.rf.8a89f46b66b54cf9473a9ec5e06a8cf6.jpg,occlusion_mild
train,Narrow_crossing_road_ahead_3_jpg.rf.98b2c4c65947e0ff5f1357ee20248fc4.jpg,occlusion_moderate
train,Narrow_crossing_road_ahead_40_jpg.rf.d8becce6c96ba85dc04a97f0f06c5895.jpg,fog_severe
train,Narrow_crossing_road_ahead_41_jpg.rf.da0d31b1794d45bfa51a511914bdb3c4.jpg,rain_severe
train,Narrow_crossing_road_ahead_42_jpg.rf.d3d66af91f6ad914c682f55a93571f62.jpg,small_distance_0.81|blur_severe
train,Narrow_crossing_road_ahead_44_jpg.rf.f9d16569205a8cadd0d4ee3f7b26af1a.jpg,blur_mild
train,Narrow_crossing_road_ahead_45_jpg.rf.d4fc516d5e2042b13c4a826fcf045086.jpg,blur_moderate
train,Narrow_crossing_road_ahead_47_jpg.rf.2f1c25c8c79fe3bff949e06b5cd70424.jpg,occlusion_mild
train,Narrow_crossing_road_ahead_48_jpg.rf.74ce9ef73cb8baa920424aeb36895e71.jpg,clean
train,Narrow_crossing_road_ahead_4_jpg.rf.60fbfecd8239c82781a6cd43256bae78.jpg,small_distance_0.65|occlusion_moderate
train,Narrow_crossing_road_ahead_51_jpg.rf.3b57faf54456af569dea2fcd69f208ad.jpg,clean
train,Narrow_crossing_road_ahead_52_jpg.rf.05aed92dd3adfd3bb2d0231ed113121d.jpg,occlusion_mild
train,Narrow_crossing_road_ahead_53_jpg.rf.3532a6d177740a6660dda8e276f7868c.jpg,small_distance_0.82|glare_moderate
train,Narrow_crossing_road_ahead_55_jpg.rf.ce670a33050efba358cd430e203ef232.jpg,small_distance_0.66|low_light_severe
train,Narrow_crossing_road_ahead_56_jpg.rf.0d0a6f6d0d0e82ec2f8698c54cb5b9c4.jpg,low_light_severe
train,Narrow_crossing_road_ahead_58_jpg.rf.54464e5c6ba91576320ad139e1345840.jpg,clean
train,Narrow_crossing_road_ahead_5_jpg.rf.ffa2f6ddceca460a27f4d8937cdcb3bf.jpg,occlusion_severe
train,Narrow_crossing_road_ahead_60_jpg.rf.f3b006496fec34b658461284715a5743.jpg,clean
train,Narrow_crossing_road_ahead_61_jpg.rf.8a6e30109bd5d2c93d16cddf65eda034.jpg,small_distance_0.82|blur_moderate
train,Narrow_crossing_road_ahead_63_jpg.rf.1592de0c37c3fd87be2696a4e9eb3a91.jpg,blur_mild
train,Narrow_crossing_road_ahead_65_jpg.rf.c7d7d8738c403b7978d5be914b418728.jpg,small_distance_0.58|rain_mild
train,Narrow_crossing_road_ahead_67_jpg.rf.0c70b2a66b13699d513795d6bb893cdc.jpg,fog_moderate
train,Narrow_crossing_road_ahead_68_jpg.rf.897a057121281168df56249364a6ee7e.jpg,rain_moderate
train,Narrow_crossing_road_ahead_6_jpg.rf.4d4010ae3f6f2e77e1e38ccc0e169c94.jpg,small_distance_0.68|fog_mild
train,Narrow_crossing_road_ahead_70_jpg.rf.0c3d62367c0c7ab67e60aa0e7d6488bc.jpg,small_distance_0.81|low_light_severe
train,Narrow_crossing_road_ahead_71_jpg.rf.2649088bfa90986862ae2ea691fe4b30.jpg,small_distance_0.72|fog_moderate
train,Narrow_crossing_road_ahead_72_jpg.rf.11f62f65dc1918d147ea11027e3775d4.jpg,low_light_moderate
train,Narrow_crossing_road_ahead_74_jpg.rf.b16ba0ea48d3b242a3e7cb59c751b37c.jpg,fog_mild
train,Narrow_crossing_road_ahead_75_jpg.rf.9826927905663fc3eb80dbc4a6a7f581.jpg,fog_moderate
train,Narrow_crossing_road_ahead_77_jpg.rf.f0e0233ac3cef8d6a2434579a4f4e9db.jpg,fog_moderate
train,Narrow_crossing_road_ahead_78_jpg.rf.2cdc37237beab47c2a0aea3b29e38ce9.jpg,rain_severe
train,Narrow_crossing_road_ahead_79_jpg.rf.2e9e47b5398b76d93ab241768cb33eab.jpg,rain_severe
train,Narrow_crossing_road_ahead_81_jpg.rf.bbe4eed0e518bbdde037ff10cf1f2705.jpg,rain_mild
train,Narrow_crossing_road_ahead_82_jpg.rf.500f1a17935c9c28814221b08c6df5d6.jpg,small_distance_0.56|rain_moderate
train,Narrow_crossing_road_ahead_83_jpg.rf.3ebc591c1bb3211446e71862e2454edf.jpg,small_distance_0.61|blur_severe
train,Narrow_crossing_road_ahead_84_jpg.rf.b96ba050380710dfe45a6db988d69d6b.jpg,small_distance_0.65|low_light_mild
train,Narrow_crossing_road_ahead_85_jpg.rf.7e5ecf8dcafae92099cd8e7eb33ba17c.jpg,blur_moderate
train,Narrow_crossing_road_ahead_86_jpg.rf.a06f4d05bc3e8032e3ca10e842257bbd.jpg,clean
train,Narrow_crossing_road_ahead_88_jpg.rf.1c0c6ced40fd619e7eb8c85e8eb9a8fa.jpg,clean
train,Narrow_crossing_road_ahead_89_jpg.rf.f418e2c3082b2a0eac0532152aede6a6.jpg,small_distance_0.84|low_light_moderate
train,Narrow_crossing_road_ahead_8_jpg.rf.4c31c8f45d5d97fe1de827e59e874b61.jpg,fog_severe
train,Narrow_crossing_road_ahead_90_jpg.rf.9f7f10dc7e80127cd42118a25d260c2f.jpg,clean
train,Narrow_crossing_road_ahead_9_jpg.rf.70d8ad24a4fcfd02e9d8bb6aa3e5b1de.jpg,clean
train,Narrow_roads_ahead_both_sides_0_jpg.rf.2677faade25ddf71d0b1045f7131b98b.jpg,small_distance_0.58|blur_mild
train,Narrow_roads_ahead_both_sides_10_jpg.rf.205e9051f276c8003b591841fbfe4205.jpg,blur_moderate
train,Narrow_roads_ahead_both_sides_11_jpg.rf.9937d4be268736e075fdd2634973d53f.jpg,fog_mild
train,Narrow_roads_ahead_both_sides_12_jpg.rf.0c50cf6b43c3c604c2fea7d83b0a36e9.jpg,small_distance_0.73|low_light_mild
train,Narrow_roads_ahead_both_sides_13_jpg.rf.5f8cd169a5d4c85d90370ca6a7210f13.jpg,clean
train,Narrow_roads_ahead_both_sides_14_jpg.rf.35905f5bc27e81f2600dc3d948a97fd9.jpg,small_distance_0.58
train,Narrow_roads_ahead_both_sides_16_jpg.rf.97787eeb048dc6959e81024433e28596.jpg,clean
train,Narrow_roads_ahead_both_sides_18_jpg.rf.637ccda4cb68073a8c54c52a3eed24c9.jpg,glare_moderate
train,Narrow_roads_ahead_both_sides_19_jpg.rf.e3f68d1a0a0b06a9d671b84cd95de82f.jpg,blur_severe
train,Narrow_roads_ahead_both_sides_21_jpg.rf.34a255e9d47aba4613b8aa165f53b1de.jpg,glare_moderate
train,Narrow_roads_ahead_both_sides_22_jpg.rf.81bd3867cc64b3975813c8ac9032b646.jpg,fog_moderate
train,Narrow_roads_ahead_both_sides_23_jpg.rf.5c2991f1a6fa4f983a98e10f4e902d02.jpg,small_distance_0.68|rain_severe
train,Narrow_roads_ahead_both_sides_25_jpg.rf.405fd5491939b6d26a0897121eebbea2.jpg,glare_moderate
train,Narrow_roads_ahead_both_sides_26_jpg.rf.f068f8d16dea7173296d18294ed6c699.jpg,small_distance_0.79
train,Narrow_roads_ahead_both_sides_27_jpg.rf.301ed1ef56fafa531e4dab3423365fd9.jpg,clean
train,Narrow_roads_ahead_both_sides_28_jpg.rf.eed2163d80123b7d00af50d60f03492e.jpg,small_distance_0.73|rain_moderate
train,Narrow_roads_ahead_both_sides_29_jpg.rf.466d07d30e046c423cb5c06f0855a989.jpg,clean
train,Narrow_roads_ahead_both_sides_2_jpg.rf.9975c0265b6d9df6733801df2214bcb9.jpg,low_light_moderate
train,Narrow_roads_ahead_both_sides_30_jpg.rf.ed72f4e36a654ab994402fe5ec3e6912.jpg,small_distance_0.67
train,Narrow_roads_ahead_both_sides_32_jpg.rf.236fe83dadba19c7be8853b096447789.jpg,occlusion_severe
train,Narrow_roads_ahead_both_sides_33_jpg.rf.0c93664ee6fafe95f47b24dc6bdeeb4f.jpg,rain_moderate
train,Narrow_roads_ahead_both_sides_34_jpg.rf.7cd9bea92d8abd8353df57efb166b319.jpg,small_distance_0.70
train,Narrow_roads_ahead_both_sides_35_jpg.rf.5b3b10137a9a89ec69d25f6c23cd6fbb.jpg,small_distance_0.73|occlusion_moderate
train,Narrow_roads_ahead_both_sides_36_jpg.rf.26e70b16a416b69faea1343a9bc12c6c.jpg,small_distance_0.79|fog_severe
train,Narrow_roads_ahead_both_sides_37_jpg.rf.5ab0ff94b54bad1fa86068b521d3ebe0.jpg,occlusion_severe
train,Narrow_roads_ahead_both_sides_39_jpg.rf.334ecd69b877334ef7f3460fab1526b7.jpg,glare_severe
train,Narrow_roads_ahead_both_sides_3_jpg.rf.590a383ea8febf8df76b3ad073b6fc71.jpg,fog_moderate
train,Narrow_roads_ahead_both_sides_40_jpg.rf.f6bb96d0efbdaf1e5f1472340ff92ea2.jpg,occlusion_moderate
train,Narrow_roads_ahead_both_sides_41_jpg.rf.942994708b93276a0fde29783a72d30c.jpg,fog_severe
train,Narrow_roads_ahead_both_sides_42_jpg.rf.b2aa586f6ca48635a0bf525b10e3ffc4.jpg,clean
train,Narrow_roads_ahead_both_sides_44_jpg.rf.e01201f3ae9cff2ce140fcf47df6da3b.jpg,occlusion_severe
train,Narrow_roads_ahead_both_sides_45_jpg.rf.0cf7160206398c0304ac30f471881e79.jpg,small_distance_0.63|rain_moderate
train,Narrow_roads_ahead_both_sides_46_jpg.rf.29c3922c8f23f32ef9e5c96c3411a26f.jpg,fog_mild
train,Narrow_roads_ahead_both_sides_47_jpg.rf.cfe89591b14061e39128c8b6f16a9067.jpg,small_distance_0.66|fog_mild
train,Narrow_roads_ahead_both_sides_48_jpg.rf.36db263af5d0890847db1a3f7c784620.jpg,small_distance_0.71
train,Narrow_roads_ahead_both_sides_5_jpg.rf.e4ecff2995b50ab5ad541f6bb4a6731f.jpg,clean
train,Narrow_roads_ahead_both_sides_7_jpg.rf.6abb24881d6779e5c536f4ecad00238a.jpg,small_distance_0.58
train,Narrow_roads_ahead_both_sides_8_jpg.rf.ae930b4f9056212e6dfd8737ca8b04ea.jpg,clean
train,Narrow_roads_ahead_both_sides_9_jpg.rf.1dfbf651857a9d987713f4a751084d30.jpg,fog_moderate
train,No_entry_101_jpg.rf.457e3252aeab91547d950f214ffea796.jpg,blur_severe
train,No_entry_103_jpg.rf.802213479cf35f29a50bb2e92ce952e0.jpg,clean
train,No_entry_105_jpg.rf.02eacb9eec1182f25520c5091cc0a33e.jpg,small_distance_0.71|glare_moderate
train,No_entry_107_jpg.rf.7382a4d3a9d7af0b174de5e364014a7b.jpg,small_distance_0.82|rain_severe
train,No_entry_108_jpg.rf.ca10b636a85a2f4cc5a66d99dbbb028a.jpg,small_distance_0.61
train,No_entry_10_jpg.rf.51f7bd4669ee514b75a020eecaafc0cf.jpg,clean
train,No_entry_110_jpg.rf.407a1f4da083ccad0adcaf11d25b266e.jpg,low_light_severe
train,No_entry_111_jpg.rf.c7ef0caafd70c799f1f4ac4f827410a1.jpg,glare_mild
train,No_entry_112_jpg.rf.7bdc549df6586a8cb26a5e4390178c7e.jpg,small_distance_0.59|fog_moderate
train,No_entry_116_jpg.rf.e42c1935b1951deebd292207af82fb74.jpg,glare_severe
train,No_entry_117_jpg.rf.6c26c45b2210850593057a5eed704197.jpg,clean
train,No_entry_118_jpg.rf.09855da850539f328d6d1b56f92abb0b.jpg,small_distance_0.64|blur_mild
train,No_entry_119_jpg.rf.08bf9c1d8aed273beb314b4467d0e580.jpg,small_distance_0.76|fog_mild
train,No_entry_11_jpg.rf.2ea89a27e2bda6233deb7f650ad013f3.jpg,small_distance_0.84|blur_mild
train,No_entry_122_jpg.rf.a24e187bcd3406d5b2b957be3e276262.jpg,small_distance_0.70|rain_mild
train,No_entry_123_jpg.rf.3fd34a29773b755e41af0d93cbf6e162.jpg,small_distance_0.75|glare_mild
train,No_entry_125_jpg.rf.e7578a06e12cd50b3725ca9dafbe5ea4.jpg,fog_severe
train,No_entry_126_jpg.rf.69b454fd2123335198917a467208f5b1.jpg,small_distance_0.58|low_light_mild
train,No_entry_127_jpg.rf.6ed4278f00d36e404977e053f64d37d3.jpg,occlusion_moderate
train,No_entry_128_jpg.rf.e2e8878b1854a9edae3874082ed6a795.jpg,small_distance_0.59|fog_severe
train,No_entry_129_jpg.rf.98677bc5860128d8c8bc54d655913d15.jpg,small_distance_0.60|occlusion_severe
train,No_entry_132_jpg.rf.ac2c00439e141bc04c9f7d737a684aeb.jpg,small_distance_0.72|low_light_mild
train,No_entry_133_jpg.rf.aba666e9555419f06112922f4858071b.jpg,fog_mild
train,No_entry_134_jpg.rf.e6c5edee5135c45778db69e5f4e2c42a.jpg,occlusion_mild
train,No_entry_135_jpg.rf.a91f381f640c8bf7ca6ee5c4e2716ddf.jpg,clean
train,No_entry_136_jpg.rf.d9d2fd404addf3ee5eae7a2dd4991fa5.jpg,occlusion_severe
train,No_entry_139_jpg.rf.70c77ef66bb7cb95f974d5b04a1b8c79.jpg,small_distance_0.75|fog_moderate
train,No_entry_13_jpg.rf.358ff941c9c5a6dfb82bc671ef0d0a54.jpg,glare_mild
train,No_entry_141_jpg.rf.c7058d43a8e574e7b5d4a7da31b36e65.jpg,glare_mild
train,No_entry_142_jpg.rf.97ca592d4c19c1dc1dd9e5c886e57110.jpg,fog_severe
train,No_entry_143_jpg.rf.1ad790ffac6a65483428a1fe17765665.jpg,small_distance_0.77|glare_mild
train,No_entry_144_jpg.rf.6fd079ad9619fe964d8888e49b7f9929.jpg,occlusion_moderate
train,No_entry_146_jpg.rf.0e317b41bb8bd0a07a44dac9f794678b.jpg,clean
train,No_entry_147_jpg.rf.a4aa437c72c0a38593ed8f89fd70fc60.jpg,small_distance_0.67
train,No_entry_148_jpg.rf.4558e8b7fa8939d979464650f3f70b74.jpg,clean
train,No_entry_149_jpg.rf.e761a62a13537be893335b78af81f4f3.jpg,clean
train,No_entry_14_jpg.rf.02704f5cd750f6e48cbc7adda83af7eb.jpg,blur_severe
train,No_entry_150_jpg.rf.bf2f55f8d8d210e41ca5e72dd990b74b.jpg,glare_severe
train,No_entry_152_jpg.rf.853e07af38a566c3e6599955c9bd345b.jpg,rain_moderate
train,No_entry_155_jpg.rf.8133e141f6635f4d4e5619b23d5a12de.jpg,blur_severe
train,No_entry_156_jpg.rf.e7a3f76a669ef62fd7c036043d8e03ff.jpg,clean
train,No_entry_157_jpg.rf.238b792ab3b31c8bbdceece05473f1e8.jpg,small_distance_0.84|low_light_moderate
train,No_entry_158_jpg.rf.4a64efbed4f75e56a1387ce204580b7e.jpg,small_distance_0.80|fog_severe
train,No_entry_159_jpg.rf.e6d797eb6d1b3321f40cd95c733b8462.jpg,occlusion_moderate
train,No_entry_15_jpg.rf.26a1773d408dc09b9f8e0a6a63fec39e.jpg,glare_moderate
train,No_entry_160_jpg.rf.ab742a7168b6c732f641d0b493b11739.jpg,glare_mild
train,No_entry_161_jpg.rf.80a8343b35f26b82f9327fdf890aa35c.jpg,small_distance_0.70|rain_mild
train,No_entry_162_jpg.rf.66e808188abd8a5356c6abe8f6cbef5c.jpg,small_distance_0.57|occlusion_mild
train,No_entry_165_jpg.rf.cf26ce3daf98fe26ffc556eecd09759e.jpg,occlusion_moderate
train,No_entry_166_jpg.rf.4a2c675eda3fb0d122d60ab1f5c8353c.jpg,small_distance_0.74|blur_severe
train,No_entry_16_jpg.rf.4c056b21464c9cee39628eddcef6686d.jpg,clean
train,No_entry_170_jpg.rf.ca3069c3cb5f8e9b3dcadfe89f4535a4.jpg,occlusion_moderate
train,No_entry_171_jpg.rf.ce8a3264161408ea1152e9b32cc542f6.jpg,fog_severe
train,No_entry_173_jpg.rf.c89533bce137b0474ca01ebc2eba6a70.jpg,clean
train,No_entry_175_jpg.rf.f6ce4948947c2d3fe166d7bb372afd82.jpg,small_distance_0.68
train,No_entry_176_jpg.rf.838cf15189bb9dd2d87505f70464cd17.jpg,glare_moderate
train,No_entry_178_jpg.rf.6d67c8909b9bc14c8573ddf56bdbca8b.jpg,low_light_severe
train,No_entry_17_jpg.rf.c2e689eaa554ac05a5e84488f5f4cc15.jpg,occlusion_mild
train,No_entry_18_jpg.rf.dd5f75cf668e31cfdf8bdff2c18141c7.jpg,occlusion_moderate
train,No_entry_1_jpg.rf.8c6b53e9cea775cd1139b827a766a4d1.jpg,occlusion_moderate
train,No_entry_21_jpg.rf.ed071935107bdcd24acdb6abfedc88be.jpg,low_light_moderate
train,No_entry_23_jpg.rf.0643c681dafa4d3f7f8cc99974ae1bd8.jpg,clean
train,No_entry_24_jpg.rf.33423b557354c38ff2deb6550f3f54a5.jpg,glare_severe
train,No_entry_27_jpg.rf.9076c019554c7a50d0a88ee5f41569f6.jpg,fog_moderate
train,No_entry_28_jpg.rf.73199ed9d4fc95b2db4d988d132d70ec.jpg,small_distance_0.56|fog_moderate
train,No_entry_29_jpg.rf.39ae2cdd9e5a2836e6e61dbac7de3726.jpg,occlusion_moderate
train,No_entry_31_jpg.rf.b61038154439f2baacbebc9a0795b156.jpg,fog_moderate
train,No_entry_32_jpg.rf.27bda7f6c5abd441a5cb43b6eac95a02.jpg,rain_mild
train,No_entry_33_jpg.rf.bcffe16159fd70133c638bb8bcb1d3f8.jpg,occlusion_mild
train,No_entry_37_jpg.rf.eb998df3bfce3cfc1713c8415d2109d6.jpg,rain_mild
train,No_entry_38_jpg.rf.823ae1eb0c5df8763c3e1be1c70bea62.jpg,occlusion_moderate
train,No_entry_39_jpg.rf.88e7ad2084316ff0a460b4fbef0d32b3.jpg,clean
train,No_entry_3_jpg.rf.16f291b4a5ab6b9ebb078bcf4714eba9.jpg,small_distance_0.76|fog_moderate
train,No_entry_41_jpg.rf.261f7fa9612085919fb1226cae5ffab4.jpg,blur_moderate
train,No_entry_42_jpg.rf.e20d91922f8874f61e60cf3713230894.jpg,small_distance_0.75|low_light_severe
train,No_entry_43_jpg.rf.21a731640af81fec6205cbc03211b0a2.jpg,small_distance_0.73|glare_mild
train,No_entry_45_jpg.rf.7acd14ac8db02d5462f46ce41aa11b02.jpg,clean
train,No_entry_46_jpg.rf.bcc2c7a10bc45e95bfa10c827615d36d.jpg,clean
train,No_entry_47_jpg.rf.3b29eb9fc77ec4b917bf3a317891eef6.jpg,blur_moderate
train,No_entry_48_jpg.rf.22ff6042a4d79bb40586fc5166c4fdb1.jpg,rain_severe
train,No_entry_49_jpg.rf.dd297f5ff778842f7278df8fcf164ecd.jpg,low_light_mild
train,No_entry_4_jpg.rf.c22534bdb53fc3f0f2fa15c235d4d5b6.jpg,low_light_severe
train,No_entry_51_jpg.rf.3d205b07df8d2e7f90759bee10961d37.jpg,blur_severe
train,No_entry_52_jpg.rf.f6b1eea8d393c6b9862e12cef2c005ac.jpg,fog_moderate
train,No_entry_53_jpg.rf.353db6bfe8fb01b230262a4a7c76026b.jpg,glare_moderate
train,No_entry_54_jpg.rf.9b2611dd285d02ee00981642e04b0fad.jpg,small_distance_0.70|low_light_mild
train,No_entry_55_jpg.rf.dab2e4820d49602e0bd2b5e39f58e81c.jpg,low_light_mild
train,No_entry_56_jpg.rf.1d886315b076b22fdc453b8076b9b62c.jpg,occlusion_moderate
train,No_entry_57_jpg.rf.9b888191d316ea8d2a4c9a5889c4aabc.jpg,small_distance_0.74
train,No_entry_5_jpg.rf.d48910b0c756366aa74ffb704eb3cd02.jpg,clean
train,No_entry_60_jpg.rf.6b6556934a9ae9ebfab6b877738b930f.jpg,blur_severe
train,No_entry_61_jpg.rf.b3f6c6505c28c461faf304dc3b904ad7.jpg,small_distance_0.69|occlusion_severe
train,No_entry_62_jpg.rf.07f1c0e9c531672f1d96b1953d31d20a.jpg,clean
train,No_entry_63_jpg.rf.c53137fcf55d7460ac2645f73eb1fa46.jpg,clean
train,No_entry_64_jpg.rf.c4e27e8689a8b147b52761c97f864822.jpg,glare_moderate
train,No_entry_65_jpg.rf.6af1e553b1e59845454ec4f1b7cd6b81.jpg,fog_severe
train,No_entry_66_jpg.rf.dee8f66776fed0c4cd0dc9bbb3ba2d5d.jpg,blur_mild
train,No_entry_67_jpg.rf.e5b3443d1adff419d3c4b075184e35cd.jpg,small_distance_0.62
train,No_entry_70_jpg.rf.9655840261f45c9889d1016c4a7bf1a6.jpg,glare_moderate
train,No_entry_72_jpg.rf.a7c1f268a8ddffa2fd56ba102613b089.jpg,rain_moderate
train,No_entry_73_jpg.rf.c67ddb2f5dc76fb8554509364431bd51.jpg,small_distance_0.63
train,No_entry_76_jpg.rf.87565a510c0e68250e7f371bf3040f32.jpg,blur_severe
train,No_entry_78_jpg.rf.96abe5bd3d97e4da6e45a572b70d9762.jpg,blur_moderate
train,No_entry_79_jpg.rf.d6bffb4600cf95f9ac7c6efea9376f84.jpg,clean
train,No_entry_7_jpg.rf.05061ea8ccb102df7e27d45ae5ccec9a.jpg,fog_severe
train,No_entry_80_jpg.rf.c7552365fb7959fa0fe45171a2d97564.jpg,occlusion_mild
train,No_entry_81_jpg.rf.9a3a8f9139d64b1ff776c31d78d93a19.jpg,small_distance_0.72|blur_severe
train,No_entry_83_jpg.rf.bb96042cfe80c3b61081ed7577face9a.jpg,low_light_moderate
train,No_entry_84_jpg.rf.b8f5922afae808639c1883def3d9d867.jpg,low_light_mild
train,No_entry_85_jpg.rf.2c241dbb2550d925fe8bf2a818a653e5.jpg,low_light_severe
train,No_entry_86_jpg.rf.9266bcca3f4bfa32c6777925524831d0.jpg,rain_moderate
train,No_entry_87_jpg.rf.4280a470ede8641fe02484d80aacc878.jpg,small_distance_0.58|fog_moderate
train,No_entry_88_jpg.rf.fa83d60b8c699921065604e244b42992.jpg,clean
train,No_entry_89_jpg.rf.2acccbc3e223a1dff2935a1f20030e49.jpg,small_distance_0.71|blur_moderate
train,No_entry_8_jpg.rf.4a6db44833256723e8d84c0d37d05a43.jpg,rain_moderate
train,No_entry_90_jpg.rf.766237681f1498e607c32b53a1261ff9.jpg,clean
train,No_entry_91_jpg.rf.0b730118fe0609cbb4b5fda696bf47a1.jpg,fog_mild
train,No_entry_92_jpg.rf.c09dbf401540c67cfec43c85e2d48de2.jpg,clean
train,No_entry_94_jpg.rf.b588e59deec543e00c04ae4d7869fc7a.jpg,small_distance_0.77
train,No_entry_95_jpg.rf.33db880f8c5b3b6f4eb90760674a4bd1.jpg,small_distance_0.83|fog_severe
train,No_entry_96_jpg.rf.38937bef28e0d06aabcb5b442859e230.jpg,occlusion_moderate
train,No_entry_98_jpg.rf.c76c5b455621247a23fa57f255070647.jpg,low_light_mild
train,No_entry_99_jpg.rf.b0f3e732d8f76afb28a82b45ad933db5.jpg,glare_moderate
train,No_entry_9_jpg.rf.ba2c2a13517969a56c8d99ac33bff80a.jpg,small_distance_0.83
train,No_overtaking_0_jpg.rf.6fb2aea15295842a94c22ea6b11e7697.jpg,small_distance_0.81|glare_severe
train,No_overtaking_100_jpg.rf.86df56b5228dc61926a6c1aa6de25aa0.jpg,small_distance_0.79|blur_moderate
train,No_overtaking_101_jpg.rf.767e10b0f31c5f156eba83b108576aea.jpg,clean
train,No_overtaking_102_jpg.rf.5d0fc153f6473fe10ed9239e077af7f2.jpg,glare_moderate
train,No_overtaking_103_jpg.rf.ec05aefd636f24d3f1e955da0ccbc910.jpg,clean
train,No_overtaking_104_jpg.rf.59baa6c40d134e55f5ab31f8fc31db1d.jpg,clean
train,No_overtaking_105_jpg.rf.c02f0abb2d8f0eea97910ec249da9146.jpg,fog_moderate
train,No_overtaking_106_jpg.rf.598d876ef6d4e996a0d14cdda9f1597e.jpg,clean
train,No_overtaking_108_jpg.rf.8378348305910c43b96864cc87ba6b76.jpg,blur_mild
train,No_overtaking_109_jpg.rf.d6ddb5a7a8007f45466748af3f170224.jpg,glare_severe
train,No_overtaking_10_jpg.rf.8268afb76ed569fb8c7ae26ac94f9cc0.jpg,small_distance_0.67|fog_severe
train,No_overtaking_111_jpg.rf.9156a2892002c888f316503eb74228f4.jpg,small_distance_0.60|occlusion_mild
train,No_overtaking_114_jpg.rf.9414d7cec806a4485b59a76c633648b0.jpg,fog_moderate
train,No_overtaking_115_jpg.rf.c57cb8ae5caf7024ff527ca799d9f71f.jpg,fog_mild
train,No_overtaking_116_jpg.rf.7b35516fae33b936b1b3482c7ec49824.jpg,clean
train,No_overtaking_117_jpg.rf.006192cf21ab9698ea4fcb967d31e03e.jpg,glare_moderate
train,No_overtaking_118_jpg.rf.0b3aaab82dcf10e2c51a928ce92a8ff1.jpg,small_distance_0.81
train,No_overtaking_119_jpg.rf.87fa5182e55ca25f2670f21e9acdcb75.jpg,blur_severe
train,No_overtaking_120_jpg.rf.023270c9e37cf9cdc5926faf4d92762c.jpg,blur_moderate
train,No_overtaking_121_jpg.rf.41b4ff8dab7be6bc50fdcf44988faf35.jpg,small_distance_0.76|glare_severe
train,No_overtaking_125_jpg.rf.7964baa53ea3b59db91649c1101be7b8.jpg,blur_moderate
train,No_overtaking_127_jpg.rf.131d66cecc27b6b019a03c0e10fcda90.jpg,small_distance_0.72|low_light_moderate
train,No_overtaking_128_jpg.rf.ffd6ff1e110a9a70a19c64abaf6da07e.jpg,clean
train,No_overtaking_129_jpg.rf.e44b6857efc0c2f3d395c3e1ca933f54.jpg,rain_severe
train,No_overtaking_12_jpg.rf.ad95502b0ce75e94890b72934735972e.jpg,small_distance_0.83
train,No_overtaking_130_jpg.rf.bbb589aa9677615feea38cee82db6913.jpg,small_distance_0.77|glare_mild
train,No_overtaking_131_jpg.rf.e1b67355f5ef77ac23d8e5f40153e61e.jpg,clean
train,No_overtaking_132_jpg.rf.3c4404ce3a8e8b69312c580ad03a8afb.jpg,small_distance_0.75|glare_mild
train,No_overtaking_133_jpg.rf.9a101d3787c6440560b5fd08c0149bd5.jpg,small_distance_0.84|glare_mild
train,No_overtaking_135_jpg.rf.7b8469d56c087f465e8a9f1077cf3a1b.jpg,glare_mild
train,No_overtaking_136_jpg.rf.ac52b94d9a54b7a655b24d6be7b1d793.jpg,small_distance_0.59|occlusion_moderate
train,No_overtaking_138_jpg.rf.eb8d908d2f90e5dea7d1538092ebd8bb.jpg,occlusion_moderate
train,No_overtaking_139_jpg.rf.2c22e4c32a4c9befbf24f645ed2e1fa3.jpg,blur_severe
train,No_overtaking_13_jpg.rf.9bb8b6bfa6db0f936925975c465ed84c.jpg,small_distance_0.65|fog_severe
train,No_overtaking_140_jpg.rf.69b3871d5b0cb3677261c99878b9eb0e.jpg,clean
train,No_overtaking_141_jpg.rf.5cbc0269dd14437ab6bf288cba8ece4d.jpg,blur_mild
train,No_overtaking_142_jpg.rf.8a58a20043b65daf42f789d2591d3fd5.jpg,small_distance_0.74|glare_severe
train,No_overtaking_143_jpg.rf.f31f466b34377dcbcaf98ff4dc832808.jpg,clean
train,No_overtaking_145_jpg.rf.00ea3e25c2e8b8618bf9e14307e7e408.jpg,fog_mild
train,No_overtaking_146_jpg.rf.71f3e98285b6aed3e6bdbb15cd037faf.jpg,clean
train,No_overtaking_147_jpg.rf.9279fa3e6c8fa5c93d31839987d99a4a.jpg,fog_severe
train,No_overtaking_148_jpg.rf.64ccf9035e2e3d125cb55d32e46fe5e5.jpg,blur_moderate
train,No_overtaking_14_jpg.rf.b5406122752f07cdb1cab92b3cc4c74b.jpg,small_distance_0.59
train,No_overtaking_154_jpg.rf.fb7c62f7d27080f6c84f715daa07c0b8.jpg,glare_moderate
train,No_overtaking_155_jpg.rf.02985c6361ee0abc75b8f19fe76a521a.jpg,fog_severe
train,No_overtaking_157_jpg.rf.42fb942dc3bee565802f9838850f1f12.jpg,small_distance_0.82|glare_mild
train,No_overtaking_158_jpg.rf.fea70ade5f4410e425ba2eea6d99cc67.jpg,clean
train,No_overtaking_159_jpg.rf.d3af3d93eb48326bd20b5da6d8d8b3cc.jpg,rain_mild
train,No_overtaking_160_jpg.rf.10025dc9dd324da9acf1e82dabb82e9f.jpg,small_distance_0.60|rain_severe
train,No_overtaking_161_jpg.rf.1398a00c3215fed0c61754e8adaa23ec.jpg,glare_mild
train,No_overtaking_162_jpg.rf.e2aaeeb9e48921712cbf2b35530db8b0.jpg,clean
train,No_overtaking_164_jpg.rf.8d71b37ddd182016cee05fdd90dddba0.jpg,blur_severe
train,No_overtaking_165_jpg.rf.5df16d91f90d2441edc7f3f1178849bd.jpg,blur_mild
train,No_overtaking_168_jpg.rf.fa51a86179e25a88b02c7610e8239431.jpg,rain_severe
train,No_overtaking_172_jpg.rf.9f64faabe31aa0f7aa3967d064836cb4.jpg,occlusion_severe
train,No_overtaking_174_jpg.rf.7ae318fb9f80b13287973cf4877f7d3f.jpg,small_distance_0.85|low_light_mild
train,No_overtaking_175_jpg.rf.4420a2b40b4cd4a5f9a1fc275f9bd54e.jpg,glare_severe
train,No_overtaking_176_jpg.rf.97d69a220397aee81e06061422519918.jpg,small_distance_0.65|occlusion_mild
train,No_overtaking_180_jpg.rf.d8f83f41e94ac884507465d884401e27.jpg,blur_moderate
train,No_overtaking_182_jpg.rf.0320f14af870eeb4e342202a94023d6d.jpg,small_distance_0.57
train,No_overtaking_184_jpg.rf.3fa38f210de8f742537c03c0da6d1806.jpg,fog_severe
train,No_overtaking_185_jpg.rf.04b82bcded9c8637c06c9850dc754f43.jpg,blur_severe
train,No_overtaking_186_jpg.rf.6c88ba1d2aa96feba9557cb28c53e035.jpg,occlusion_severe
train,No_overtaking_188_jpg.rf.e91873c991aa1eb0ed1954f78d93d8e3.jpg,clean
train,No_overtaking_18_jpg.rf.4b5567cd50325f6d6d41e13b08924182.jpg,small_distance_0.81
train,No_overtaking_190_jpg.rf.c3922d9c419638c2c081def3b244546b.jpg,small_distance_0.79|low_light_severe
train,No_overtaking_191_jpg.rf.9992bd1e2197d97166c6add6d5431804.jpg,rain_mild
train,No_overtaking_192_jpg.rf.23b8807a8e2e97f6ddf2d845027809de.jpg,clean
train,No_overtaking_193_jpg.rf.f1d80cfda5109dc1fb071048fd49263a.jpg,small_distance_0.81|glare_moderate
train,No_overtaking_194_jpg.rf.3a2f88ff768c89429b14babe8b8acd2d.jpg,clean
train,No_overtaking_195_jpg.rf.545004cbc2f7d2b54b6c31c49b259e2a.jpg,small_distance_0.64
train,No_overtaking_196_jpg.rf.cdfee23cec61993d996364a15c6ed791.jpg,clean
train,No_overtaking_197_jpg.rf.85ddce915cbba018e8ca84c8a83db525.jpg,fog_severe
train,No_overtaking_198_jpg.rf.92e1856dbe28dc9d6eff4ef747c041ae.jpg,small_distance_0.66|glare_moderate
train,No_overtaking_199_jpg.rf.514aafa86815865e7046af96ce82dda8.jpg,glare_mild
train,No_overtaking_19_jpg.rf.536fdfbc7874cc4436f9e58d4803f2b3.jpg,clean
train,No_overtaking_200_jpg.rf.e4d1d3782ddfe706903756c1ce90da98.jpg,glare_mild
train,No_overtaking_203_jpg.rf.7efdfb0ee095aa586162f3de6898ff45.jpg,small_distance_0.65|rain_severe
train,No_overtaking_204_jpg.rf.cf3012006fbb9c58273cd7bc545d5534.jpg,glare_severe
train,No_overtaking_205_jpg.rf.65681cd3753046033e657074a86470eb.jpg,fog_moderate
train,No_overtaking_206_jpg.rf.6edf245cce82f716dac78c5a16fd4566.jpg,clean
train,No_overtaking_207_jpg.rf.06dec3a9934efc51e94f26868cea2f43.jpg,rain_severe
train,No_overtaking_208_jpg.rf.2ec3c4b2cb289e5e61d51bd68e2d56ac.jpg,clean
train,No_overtaking_209_jpg.rf.fae98dd28cb61418726af4f6a29f5adf.jpg,blur_severe
train,No_overtaking_20_jpg.rf.37a443264f0f8b7fb86801f55294d5a5.jpg,small_distance_0.56|glare_moderate
train,No_overtaking_210_jpg.rf.2360834deabe77e5c0a729475957e0a5.jpg,small_distance_0.75|fog_moderate
train,No_overtaking_211_jpg.rf.5639cd37d9b6929216ff8585fd0f8280.jpg,small_distance_0.57|blur_severe
train,No_overtaking_212_jpg.rf.810e6f566885142beeb8f556b3bf7d9b.jpg,rain_moderate
train,No_overtaking_213_jpg.rf.5d35c11cd8dd2436b7d13d02ae27c228.jpg,small_distance_0.67|fog_severe
train,No_overtaking_214_jpg.rf.a160f1b011559b8b9c53e7ce71a322de.jpg,clean
train,No_overtaking_215_jpg.rf.c38d38adee9f3200a77d8634f0108599.jpg,clean
train,No_overtaking_216_jpg.rf.1afaabc0ebbdb7cb9dfec5568ae3534a.jpg,small_distance_0.83
train,No_overtaking_217_jpg.rf.46682e5b3f37bbc58c5a29a28e73775e.jpg,small_distance_0.57
train,No_overtaking_218_jpg.rf.b01b1b98d20d72c97be6651a6436e838.jpg,small_distance_0.75|blur_mild
train,No_overtaking_219_jpg.rf.8f4fd711c94aa479f5725687f79e5cae.jpg,occlusion_moderate
train,No_overtaking_21_jpg.rf.2a9d3bfdb3db641755dafee4b4a8f86a.jpg,occlusion_severe
train,No_overtaking_221_jpg.rf.e66733991d82c7588c0efad2b4f39c8e.jpg,low_light_severe
train,No_overtaking_223_jpg.rf.af050607b5677f39f09fedb2b24234e9.jpg,occlusion_severe
train,No_overtaking_224_jpg.rf.01815cc767b3207b9af60d957ee0d02f.jpg,rain_mild
train,No_overtaking_225_jpg.rf.0b75d4d18f8e031faab7a94c2a5a3e5d.jpg,small_distance_0.58|rain_mild
train,No_overtaking_227_jpg.rf.23f7f06e33deb0cb0b29d93e7e1a60d4.jpg,small_distance_0.74|glare_severe
train,No_overtaking_228_jpg.rf.709ded032dbba9de19e353cfd8cba768.jpg,blur_moderate
train,No_overtaking_22_jpg.rf.d6d55605c10af53674666749f5e44b3e.jpg,glare_mild
train,No_overtaking_231_jpg.rf.677642a27bbe6858382ec4c6dd94fa91.jpg,small_distance_0.82|glare_moderate
train,No_overtaking_232_jpg.rf.3a9a15218e0cafaf116efbe713c9bbd3.jpg,clean
train,No_overtaking_233_jpg.rf.4dd486281f522f5111d394507dffe892.jpg,low_light_moderate
train,No_overtaking_234_jpg.rf.5181fa0d8da765d05e90ae377e8e08b2.jpg,small_distance_0.55|occlusion_moderate
train,No_overtaking_236_jpg.rf.23e32d8ccb8fba739c7b1875295bca64.jpg,clean
train,No_overtaking_237_jpg.rf.e48763d29368ed271d54757f2eb09806.jpg,low_light_moderate
train,No_overtaking_238_jpg.rf.6b1586370edcc25e65151456333e6b10.jpg,small_distance_0.67|occlusion_severe
train,No_overtaking_239_jpg.rf.effa52c7036770fa9fb262dddca5a9e4.jpg,clean
train,No_overtaking_23_jpg.rf.afe4d1740858d5b92bc457c0dcaa22b1.jpg,blur_severe
train,No_overtaking_240_jpg.rf.92d26df43b484cfb9e79929ec0372416.jpg,small_distance_0.72|fog_severe
train,No_overtaking_241_jpg.rf.a907fd95860ddae18816cfa14bdedc23.jpg,glare_severe
train,No_overtaking_242_jpg.rf.2c358cca205c75142a431d599b31199f.jpg,occlusion_moderate
train,No_overtaking_243_jpg.rf.75172f3242666342ebdb6d018f85ec86.jpg,small_distance_0.64|fog_moderate
train,No_overtaking_244_jpg.rf.4238c6705f7a49a991b1a70e1a49c03c.jpg,small_distance_0.62
train,No_overtaking_245_jpg.rf.57ba6ca7e84b3b6dbc1158aa26a465cf.jpg,small_distance_0.73
train,No_overtaking_247_jpg.rf.322b3f4361be0e37993c3c70a303316f.jpg,fog_severe
train,No_overtaking_248_jpg.rf.6c011900f478e875406900f43389a835.jpg,clean
train,No_overtaking_249_jpg.rf.e1b7accb5c1754c05bcc97b019521e92.jpg,occlusion_moderate
train,No_overtaking_24_jpg.rf.4b8449397ceb4267c9c2ba1cd5f42a97.jpg,clean
train,No_overtaking_250_jpg.rf.839d9104485fc169f39d62ac107601aa.jpg,fog_severe
train,No_overtaking_253_jpg.rf.72f64ed1940fbc049505362f6c8a3fdf.jpg,rain_mild
train,No_overtaking_254_jpg.rf.ba7f09c0348a888d60c598922f0a735f.jpg,small_distance_0.73|glare_moderate
train,No_overtaking_255_jpg.rf.5acce93ee4f0438251c5b4215183cb09.jpg,small_distance_0.61|blur_moderate
train,No_overtaking_256_jpg.rf.75c6c894926b3c3ced3c58613761c15c.jpg,rain_mild
train,No_overtaking_258_jpg.rf.9053fe1835f1f7766e8b34d0680b24a1.jpg,clean
train,No_overtaking_260_jpg.rf.31c147a1de1a3574987474d569c1fdbf.jpg,small_distance_0.57|low_light_mild
train,No_overtaking_261_jpg.rf.17f6f0bc5ced9f660efe5937555bb4a1.jpg,small_distance_0.62|fog_moderate
train,No_overtaking_262_jpg.rf.e161365e550d9f92cd229a82cdfe0092.jpg,clean
train,No_overtaking_263_jpg.rf.70e5ee8b6e9cc03cafff39789ae146f1.jpg,clean
train,No_overtaking_266_jpg.rf.9600d00956faaf36effc994c4cce30fb.jpg,clean
train,No_overtaking_267_jpg.rf.ad2dc0a2f8cb299060a219b5d775f58e.jpg,blur_moderate
train,No_overtaking_268_jpg.rf.19b35d5c080921fb996807102fc198d3.jpg,clean
train,No_overtaking_269_jpg.rf.95a1bc7a985c83cc29cb60c4063f05ae.jpg,clean
train,No_overtaking_270_jpg.rf.90020377a1a0512498676f0c6b8c4c01.jpg,blur_severe
train,No_overtaking_272_jpg.rf.bf35d24352442d12ce9d57b7e1e15654.jpg,small_distance_0.58|rain_moderate
train,No_overtaking_278_jpg.rf.e2c8d43380a66c9044ba8f06740b7782.jpg,small_distance_0.64|low_light_moderate
train,No_overtaking_27_jpg.rf.c6796b65bfbe7d9ab05925658d7f6800.jpg,occlusion_moderate
train,No_overtaking_281_jpg.rf.fd10dd51fd15615f5913c6d296032e86.jpg,small_distance_0.59
train,No_overtaking_282_jpg.rf.3f91b861440fbe8c7df965adf17fe885.jpg,blur_mild
train,No_overtaking_283_jpg.rf.f5b5e928b41bd15d3ec1e5a59c94d574.jpg,fog_severe
train,No_overtaking_284_jpg.rf.0db73b3f96212fbdc557dce1d03f4fa9.jpg,small_distance_0.63|glare_moderate
train,No_overtaking_285_jpg.rf.898267841ed26690748b70bbe80ad28b.jpg,low_light_moderate
train,No_overtaking_288_jpg.rf.4943a18f2569133b65e61996068642c8.jpg,glare_moderate
train,No_overtaking_28_jpg.rf.063e3d2e14c31a367fd4e9eb6a00ea50.jpg,clean
train,No_overtaking_290_jpg.rf.bfdc4b0606b2168a1c6eff6dc7e35c31.jpg,occlusion_moderate
train,No_overtaking_292_jpg.rf.5a8cad476c7448bc814ecc7d08f435ef.jpg,blur_severe
train,No_overtaking_293_jpg.rf.73299fef1fe9ee9439b89bdb2077d0be.jpg,clean
train,No_overtaking_294_jpg.rf.4bb9c488d033b47771e679cd3e42c3c3.jpg,small_distance_0.64
train,No_overtaking_295_jpg.rf.6347f0f6d7331bedb10486d926294b89.jpg,small_distance_0.57
train,No_overtaking_296_jpg.rf.931bb1cbea6653e6adb644f2985496da.jpg,low_light_mild
train,No_overtaking_2_jpg.rf.6be98ec2af971bc53536e80c7ee51225.jpg,clean
train,No_overtaking_300_jpg.rf.b06b59f68280f74b8b3ee634a35f4566.jpg,clean
train,No_overtaking_301_jpg.rf.206bbf0ad4fff13fa57c26a1cf1f85d5.jpg,occlusion_severe
train,No_overtaking_302_jpg.rf.a5322fcbd8add05b1dfe2e3ff034a530.jpg,occlusion_moderate
train,No_overtaking_303_jpg.rf.373d7d25adf48fa035229454c8f87f59.jpg,fog_severe
train,No_overtaking_307_jpg.rf.36c0e6419a95eed262d950e0f3eef5f7.jpg,glare_moderate
train,No_overtaking_308_jpg.rf.4bdd798046aa81b803731259a5fb9266.jpg,clean
train,No_overtaking_309_jpg.rf.03a7536a4a538cbec95ed42852ccf305.jpg,glare_severe
train,No_overtaking_312_jpg.rf.81bbb6fd10b4a3014af629b775f8617c.jpg,small_distance_0.79|rain_moderate
train,No_overtaking_313_jpg.rf.559abd92c7465bf1386ca0efd1e2833b.jpg,small_distance_0.71|occlusion_severe
train,No_overtaking_314_jpg.rf.334430fb949d26c787df0fd4956471f2.jpg,low_light_moderate
train,No_overtaking_316_jpg.rf.b11e190d6f634c5d855fe8899efd2714.jpg,small_distance_0.70|fog_severe
train,No_overtaking_317_jpg.rf.5e41d9f87e021dd37c84ed16f364d8bf.jpg,small_distance_0.56
train,No_overtaking_319_jpg.rf.6851b41bc7b48f8926a23b7c51acd450.jpg,fog_severe
train,No_overtaking_321_jpg.rf.301222e8a78da869c4bbe4d77a3904b8.jpg,occlusion_mild
train,No_overtaking_323_jpg.rf.e5739ccd82cb689fa44a3bc0720e4036.jpg,low_light_moderate
train,No_overtaking_324_jpg.rf.45c32ae18ce9f71c0a4f1606feb7c08c.jpg,small_distance_0.78
train,No_overtaking_325_jpg.rf.0acb20d85abb8d5b063d30be2e76efe4.jpg,blur_moderate
train,No_overtaking_326_jpg.rf.3063633508c57a0fb9cdca86cbb7f45b.jpg,small_distance_0.62|low_light_severe
train,No_overtaking_327_jpg.rf.a68f2542d9cac66aa72e6ba78aaf1e1c.jpg,clean
train,No_overtaking_32_jpg.rf.8260b7cf98ea327364f267ae7d5c6a19.jpg,clean
train,No_overtaking_330_jpg.rf.c37bfd9d69c4dcd233b35cc44db69318.jpg,small_distance_0.64|occlusion_severe
train,No_overtaking_331_jpg.rf.c41faa668dce788ee9252dc7e74ef4db.jpg,low_light_severe
train,No_overtaking_332_jpg.rf.2a9d38d7245a99999565571fa79bf96d.jpg,small_distance_0.65|fog_moderate
train,No_overtaking_334_jpg.rf.e719eeaf36fa0308a6fe05797e457248.jpg,small_distance_0.76
train,No_overtaking_335_jpg.rf.59425c6bc68ca1143f41cb9df6f74b1a.jpg,small_distance_0.57
train,No_overtaking_336_jpg.rf.1210db7c3760003285a6fd2c91db7b77.jpg,fog_severe
train,No_overtaking_337_jpg.rf.5c25a8c1c996520e3ad508690ed710dc.jpg,low_light_moderate
train,No_overtaking_338_jpg.rf.6676369a135668eed63ea01a1f3313ad.jpg,occlusion_moderate
train,No_overtaking_339_jpg.rf.849bae29ea1c15ca024e79a2a9846e78.jpg,glare_severe
train,No_overtaking_33_jpg.rf.eb749a095b42d2a4b5863b5616c09a20.jpg,clean
train,No_overtaking_341_jpg.rf.0aea628d033e0b3f3d0b1a6f78e208d9.jpg,small_distance_0.59|rain_severe
train,No_overtaking_343_jpg.rf.235c7b4a3601a9d37a6a3bc794c1ca59.jpg,occlusion_mild
train,No_overtaking_345_jpg.rf.20c9b177519d50083a3470307e1df003.jpg,rain_severe
train,No_overtaking_348_jpg.rf.b110f4c146fa06fa22d6affb8f397ad7.jpg,clean
train,No_overtaking_349_jpg.rf.d0822f3e73b9322d69f0f4f2d4f5e81a.jpg,blur_moderate
train,No_overtaking_34_jpg.rf.9ad6d4ebf122d4488cb20d6db07fd65e.jpg,rain_mild
train,No_overtaking_350_jpg.rf.f78a11c59bd57d47aa8293ac2f628bd6.jpg,clean
train,No_overtaking_351_jpg.rf.9f1dd5605de9260859644788dcdf52a9.jpg,small_distance_0.70
train,No_overtaking_352_jpg.rf.9e6883bd7ecf49aac4cfcd33ae127ffa.jpg,small_distance_0.73|fog_moderate
train,No_overtaking_358_jpg.rf.b10546d3a8096dae0d545f911bc13b19.jpg,small_distance_0.80|blur_severe
train,No_overtaking_35_jpg.rf.fa431f4a1f655fd980604aee3978fa5c.jpg,small_distance_0.81|low_light_moderate
train,No_overtaking_360_jpg.rf.279c3a1e174217b13dd8fa96bfe96feb.jpg,clean
train,No_overtaking_362_jpg.rf.16eb9e90fae33d085584974ee9edffad.jpg,occlusion_severe
train,No_overtaking_363_jpg.rf.b6e97fcc530b9ed0ab8ac6470d0ebdf1.jpg,small_distance_0.59|glare_severe
train,No_overtaking_367_jpg.rf.d6ddc85231e8e1c93418ff991686bdb0.jpg,clean
train,No_overtaking_369_jpg.rf.ab2054d09488bffd1b77a310993c322f.jpg,small_distance_0.79|glare_moderate
train,No_overtaking_36_jpg.rf.c53cfd755d85b85a5a4cf8ca377e6671.jpg,small_distance_0.67|occlusion_moderate
train,No_overtaking_370_jpg.rf.67df8b0e6c3786ac68ff66717a528a82.jpg,rain_severe
train,No_overtaking_371_jpg.rf.9ef0bf7d1755957e1b5fbe0968d8b2cc.jpg,small_distance_0.74
train,No_overtaking_375_jpg.rf.ffed5ced1e83967bb7a1eee8ea5f9b31.jpg,small_distance_0.74|blur_mild
train,No_overtaking_376_jpg.rf.f15e858726f9b8ab619c98591e78fab7.jpg,blur_severe
train,No_overtaking_377_jpg.rf.9ff6bb1e40acaa80a8271b48e8042e3d.jpg,clean
train,No_overtaking_378_jpg.rf.cfb691c54322829628bf1348cfb95a6e.jpg,occlusion_severe
train,No_overtaking_379_jpg.rf.276c577adf9b1c59f401534f13c98e11.jpg,small_distance_0.56
train,No_overtaking_37_jpg.rf.45c2b2a272df06e18eaa263b08770bd3.jpg,small_distance_0.76
train,No_overtaking_380_jpg.rf.bccfdd2baf83a2038a83eae2d214c3f0.jpg,clean
train,No_overtaking_383_jpg.rf.2007220cebeab260014b2ca2fdb3a6c1.jpg,blur_moderate
train,No_overtaking_385_jpg.rf.b3ec1971800936e3bbb3a52fb3cb5d85.jpg,glare_mild
train,No_overtaking_387_jpg.rf.adab8aeeb458dee2162a79f1afe45709.jpg,clean
train,No_overtaking_388_jpg.rf.e3e87665cdca6678e5acb0a46e8bc69f.jpg,small_distance_0.63|blur_severe
train,No_overtaking_389_jpg.rf.0494ec2eb84946b14d470ec32ec9e6a9.jpg,small_distance_0.59|blur_mild
train,No_overtaking_38_jpg.rf.48e7d1b239eb0fbf778517e154de5e48.jpg,small_distance_0.67|low_light_moderate
train,No_overtaking_390_jpg.rf.caf12ca7c6b06a92fbb3b2f77c792311.jpg,small_distance_0.76|blur_moderate
train,No_overtaking_391_jpg.rf.856ff270bf8ffadfed904565fecb6700.jpg,small_distance_0.82|blur_mild
train,No_overtaking_395_jpg.rf.4d4443d02a4a34837d817f5c05aa6d29.jpg,small_distance_0.78|glare_severe
train,No_overtaking_396_jpg.rf.9c107b896038a5340b7fed2f3017add1.jpg,blur_moderate
train,No_overtaking_397_jpg.rf.996c01ffeefba6c0003f9b018769a30c.jpg,small_distance_0.69|glare_mild
train,No_overtaking_398_jpg.rf.556047eb1459e5fef14788b977bf1afe.jpg,blur_moderate
train,No_overtaking_39_jpg.rf.79b03cacfa84d7b65e0f9cded6dce574.jpg,blur_mild
train,No_overtaking_3_jpg.rf.f32aa6e4a725de47c22204553038747f.jpg,rain_moderate
train,No_overtaking_400_jpg.rf.d63eb8bcfaf72fa6b80840cb362ddc5a.jpg,occlusion_severe
train,No_overtaking_403_jpg.rf.69ffee80cafe38a40100b192ed9c79ab.jpg,small_distance_0.84|rain_mild
train,No_overtaking_404_jpg.rf.8610314c0f15645a6f26a521b93e4079.jpg,low_light_moderate
train,No_overtaking_405_jpg.rf.d085515faf0637195ffc13df13408132.jpg,small_distance_0.79
train,No_overtaking_407_jpg.rf.714c81f245f87df3563170486ad926ca.jpg,rain_mild
train,No_overtaking_408_jpg.rf.8e614035e11db8eb8eca2bd9f56a0f67.jpg,small_distance_0.83|fog_severe
train,No_overtaking_409_jpg.rf.e18611439aad3b35518f707bd89aec6a.jpg,occlusion_mild
train,No_overtaking_414_jpg.rf.845c670390a292ac77b96a430d8d9bbd.jpg,blur_mild
train,No_overtaking_416_jpg.rf.8ddd460fc991474e70ab879f91923877.jpg,fog_mild
train,No_overtaking_417_jpg.rf.0b937f0e3ed35022cb95f32866c68637.jpg,rain_severe
train,No_overtaking_419_jpg.rf.fc49e6ca1761a519d4085d45a6f06331.jpg,glare_mild
train,No_overtaking_421_jpg.rf.6ad64f6bf505016556672ea576f6a2ef.jpg,clean
train,No_overtaking_422_jpg.rf.3882cb3968c90b8298bb80c8a2f48f76.jpg,small_distance_0.75|fog_severe
train,No_overtaking_424_jpg.rf.fdb925fe7b545f854068d80077c21ea5.jpg,fog_moderate
train,No_overtaking_425_jpg.rf.9c988552d5495386719460e3451b0769.jpg,small_distance_0.84|occlusion_mild
train,No_overtaking_426_jpg.rf.66cd53864cd69b0e9b57db68b7097da6.jpg,glare_mild
train,No_overtaking_427_jpg.rf.e50219517344085f9ee1c3e89e9d973c.jpg,glare_severe
train,No_overtaking_428_jpg.rf.da3b8455b6da96049a7147eb1e719a49.jpg,glare_severe
train,No_overtaking_431_jpg.rf.216c296bdc1704ff26bdabacff1d3aaf.jpg,small_distance_0.81|low_light_mild
train,No_overtaking_432_jpg.rf.413e36e5355b28694368026738d9ade1.jpg,clean
train,No_overtaking_433_jpg.rf.dca569bbc6dfe1b345b61a1626951b63.jpg,glare_severe
train,No_overtaking_434_jpg.rf.4a1908dae62b78aef2bf0704f63306b6.jpg,occlusion_mild
train,No_overtaking_435_jpg.rf.83491142cd18746641f7eecc101a2861.jpg,small_distance_0.66|blur_mild
train,No_overtaking_436_jpg.rf.785757d99d253b71f8442c3ebf42ecf9.jpg,clean
train,No_overtaking_438_jpg.rf.c94ea1da3b4cf3daa5e56cb85b6dd30b.jpg,rain_mild
train,No_overtaking_439_jpg.rf.ee4df2e3c9f678390eef47654e645b33.jpg,occlusion_mild
train,No_overtaking_440_jpg.rf.7d3051e32569627e1c60bbef0f54a2cd.jpg,small_distance_0.70|fog_moderate
train,No_overtaking_442_jpg.rf.e32347b7f321bc56655fb573dff333fb.jpg,rain_mild
train,No_overtaking_443_jpg.rf.fea765b528a97c8657d7dbe6784e63de.jpg,small_distance_0.80|fog_severe
train,No_overtaking_446_jpg.rf.bebd8b8c855c004be2a2f2359c9d5cc2.jpg,rain_severe
train,No_overtaking_447_jpg.rf.ef8ddfc66ea93b72bf8d485779194f19.jpg,low_light_severe
train,No_overtaking_449_jpg.rf.5bd7aee104015344549ba1d37cabcd39.jpg,small_distance_0.73|rain_moderate
train,No_overtaking_451_jpg.rf.3b769833cb8c22c14c3be6bc713495ab.jpg,clean
train,No_overtaking_452_jpg.rf.c762ab111ef3fd6b8b66a6c31a89d8fb.jpg,fog_mild
train,No_overtaking_453_jpg.rf.768a3c579aa8169665442467af615b51.jpg,occlusion_severe
train,No_overtaking_454_jpg.rf.10ff097fc84e27f8326963dcf9dfe908.jpg,low_light_moderate
train,No_overtaking_456_jpg.rf.de00b43b3873a535eba5487e973c79b6.jpg,small_distance_0.68|occlusion_mild
train,No_overtaking_457_jpg.rf.d87a6ee668294ddfde6c810c8fb9fadd.jpg,glare_moderate
train,No_overtaking_458_jpg.rf.ce9d924491853746c0a8918ac26771ed.jpg,small_distance_0.71|low_light_mild
train,No_overtaking_45_jpg.rf.9cf326d0bccc68bfb5e0f78be00a00ee.jpg,fog_moderate
train,No_overtaking_461_jpg.rf.71a0c1f3df99550e16eb910067f2b81e.jpg,glare_mild
train,No_overtaking_462_jpg.rf.9a43ffc3dd4565324e5f20d1750071b4.jpg,small_distance_0.81
train,No_overtaking_463_jpg.rf.4f3f9b6e094a6347b8e19ed9a17a2cdf.jpg,occlusion_moderate
train,No_overtaking_464_jpg.rf.4adbe575e10f1f5660ae922b3b3332b9.jpg,clean
train,No_overtaking_465_jpg.rf.af7166c6764a7ca831c0d20416421b3e.jpg,small_distance_0.65|occlusion_mild
train,No_overtaking_468_jpg.rf.6d7f327bb3da64123e194779fd3f052f.jpg,small_distance_0.68|occlusion_moderate
train,No_overtaking_46_jpg.rf.91b4e61e97f6237e3b13038efa808007.jpg,glare_mild
train,No_overtaking_470_jpg.rf.6fc8e0098258ce8e085351298a9409d2.jpg,clean
train,No_overtaking_471_jpg.rf.ea6e888c9f761c16e889ad58d0508baf.jpg,rain_mild
train,No_overtaking_472_jpg.rf.fbf29f6e5f14e881c1b41a618194d0e5.jpg,blur_severe
train,No_overtaking_475_jpg.rf.f5c0fd7c8acdb411e4fafd13acc70387.jpg,blur_mild
train,No_overtaking_477_jpg.rf.63f93d6077fdba022e6c1d3dcfd09902.jpg,clean
train,No_overtaking_479_jpg.rf.b0a4099596562e432f25913e76ff2354.jpg,clean
train,No_overtaking_480_jpg.rf.26361021d71be0a7d0cc94f0b5907e2a.jpg,small_distance_0.79|low_light_severe
train,No_overtaking_481_jpg.rf.e7bc5750f950a30fd251dbc727acaf47.jpg,blur_severe
train,No_overtaking_482_jpg.rf.4588d91e7a9ea571ef059ffcd079b0b3.jpg,small_distance_0.80|low_light_moderate
train,No_overtaking_483_jpg.rf.99fba2a34eebf7546096a9eaaa9911e6.jpg,small_distance_0.73|blur_moderate
train,No_overtaking_484_jpg.rf.7e83175f531ee1f0249cd3c81c86c070.jpg,clean
train,No_overtaking_485_jpg.rf.f8048cb9ebd3633831c1781349e08d2f.jpg,fog_severe
train,No_overtaking_486_jpg.rf.9aa651e96334f14e3bae2d7742442d2b.jpg,clean
train,No_overtaking_48_jpg.rf.dba8a368c2b0a576ba65dc8df6daaff7.jpg,rain_mild
train,No_overtaking_490_jpg.rf.3454d2af779f788d77b2d4db1e580fb0.jpg,small_distance_0.73|rain_severe
train,No_overtaking_491_jpg.rf.950298338038a3194b9dcd64b16ff786.jpg,small_distance_0.70|glare_severe
train,No_overtaking_492_jpg.rf.e6a54d37033c9df906da755ea31bcd3e.jpg,rain_mild
train,No_overtaking_493_jpg.rf.ba1a81ce9bc953ea002144a9cfdea8af.jpg,small_distance_0.64|occlusion_moderate
train,No_overtaking_495_jpg.rf.71dcc0ecf21f4261cd251c46658ee8ac.jpg,small_distance_0.82
train,No_overtaking_496_jpg.rf.eef215a197737c5558face088e6ea2e9.jpg,small_distance_0.64|fog_mild
train,No_overtaking_497_jpg.rf.cc7545b85defe7456b61538f5188ad79.jpg,rain_mild
train,No_overtaking_498_jpg.rf.85ee72230da7452eca633101dcd11c1b.jpg,small_distance_0.80|blur_moderate
train,No_overtaking_499_jpg.rf.97ae2f1259f310c135dff6b46a64b9aa.jpg,small_distance_0.84|rain_mild
train,No_overtaking_49_jpg.rf.6c6c2cdfa91095ee89dccf03581b5517.jpg,small_distance_0.75|glare_severe
train,No_overtaking_4_jpg.rf.b56326fb1fd89e0b1549bb5128add75f.jpg,clean
train,No_overtaking_500_jpg.rf.4590ee6bdca858fe43e470aa63ce072e.jpg,fog_moderate
train,No_overtaking_501_jpg.rf.0b93b8fc77a78258cde443ea017a8cd6.jpg,small_distance_0.58
train,No_overtaking_503_jpg.rf.3ffb2c9a068e2b748fa7f4a91355b17a.jpg,blur_severe
train,No_overtaking_505_jpg.rf.6ec391a511db50673ff2d53d8c4dc019.jpg,small_distance_0.62|rain_moderate
train,No_overtaking_506_jpg.rf.7598783a1294b1a2a6f1ef1718296564.jpg,clean
train,No_overtaking_507_jpg.rf.89015d6c1fbc34d63a23fffe327baf14.jpg,small_distance_0.77|rain_mild
train,No_overtaking_508_jpg.rf.a8484124936a05dbdbf85f99475eaba4.jpg,blur_severe
train,No_overtaking_509_jpg.rf.71c9801387a0b63b6be6d227e6e29651.jpg,small_distance_0.64|low_light_moderate
train,No_overtaking_50_jpg.rf.cfef0d40630e7de4b90a9b60e98eff54.jpg,small_distance_0.56|rain_mild
train,No_overtaking_511_jpg.rf.f667df79dbcc668e183c81dcf8970610.jpg,fog_severe
train,No_overtaking_513_jpg.rf.364cda0ca9fc1bf10901eb49f16a7209.jpg,small_distance_0.61|fog_mild
train,No_overtaking_514_jpg.rf.87c569f3e14a83b1339354d7d01e0a69.jpg,small_distance_0.75|blur_moderate
train,No_overtaking_516_jpg.rf.eff9527fa9a5d75ca195e8bf4fc4ba6d.jpg,rain_moderate
train,No_overtaking_517_jpg.rf.97513dc8ed4acfb4eece49f8db650f78.jpg,low_light_severe
train,No_overtaking_518_jpg.rf.46020786b7473961550ca1c98b25b1e5.jpg,clean
train,No_overtaking_519_jpg.rf.e382402b92c0275a75c85b910f646ae9.jpg,small_distance_0.59
train,No_overtaking_51_jpg.rf.5dfef76d3652bde85f441215e737d26b.jpg,glare_severe
train,No_overtaking_520_jpg.rf.2a705e018b99d8749f6b2614db73138f.jpg,occlusion_mild
train,No_overtaking_521_jpg.rf.f4d58d9c95577098099ed85e694ad143.jpg,clean
train,No_overtaking_522_jpg.rf.9021df65d1653998214b7541ed4ac333.jpg,clean
train,No_overtaking_52_jpg.rf.89f235f86e7d8489aba942b888f69341.jpg,small_distance_0.59|occlusion_moderate
train,No_overtaking_53_jpg.rf.89e9e351ed5958124b5d9e29b4f16eed.jpg,clean
train,No_overtaking_54_jpg.rf.d589184991a4768d1f1ed4549356bcb4.jpg,clean
train,No_overtaking_55_jpg.rf.a4de5f91c280f64fdf35c95881930a85.jpg,small_distance_0.57|occlusion_severe
train,No_overtaking_57_jpg.rf.ea5a64633ded998af6538d6888fea026.jpg,small_distance_0.70
train,No_overtaking_58_jpg.rf.348899403a3872f3b47496fc85f6f344.jpg,glare_severe
train,No_overtaking_59_jpg.rf.d0034178008952015f3505e5bd370adf.jpg,fog_severe
train,No_overtaking_5_jpg.rf.5a6258a87954d166dde7ecee19648939.jpg,glare_moderate
train,No_overtaking_61_jpg.rf.ec621237ee2398ee6af801dc972a3ec2.jpg,small_distance_0.67
train,No_overtaking_62_jpg.rf.6625db5c3385aad5e9110e511cbb55a8.jpg,rain_mild
train,No_overtaking_63_jpg.rf.abcbe3669e5e15f14eff839a9f6d0a05.jpg,rain_moderate
train,No_overtaking_64_jpg.rf.05b3dc2645d8b10fdb0b1a20e6eaf5ee.jpg,rain_moderate
train,No_overtaking_67_jpg.rf.87fcfb866bf51f4958a543ef5fd57696.jpg,small_distance_0.58
train,No_overtaking_68_jpg.rf.1f1cca9db49c5ffa76e120bbe25375ee.jpg,small_distance_0.71|blur_moderate
train,No_overtaking_69_jpg.rf.409f84dba1da3ede50ea8164e7f1ebd7.jpg,glare_moderate
train,No_overtaking_6_jpg.rf.0f8ae7c8e965101475f7d905ee79e99c.jpg,glare_moderate
train,No_overtaking_70_jpg.rf.61680216d0ac7db14a55d3d83e874e08.jpg,small_distance_0.56|fog_severe
train,No_overtaking_72_jpg.rf.b2e4ee6acd3f44ed96fbc59f3911dff3.jpg,small_distance_0.82|low_light_severe
train,No_overtaking_73_jpg.rf.0bb0269e6282e7bb72f1e248509ef636.jpg,fog_mild
train,No_overtaking_74_jpg.rf.17c5ca023010ae8f760c7dc30dc80c30.jpg,small_distance_0.57|rain_moderate
train,No_overtaking_75_jpg.rf.c249da1126c0e233bdf4a0e1c08128c5.jpg,small_distance_0.65|occlusion_moderate
train,No_overtaking_76_jpg.rf.15062a3a9d4dfb3cb26427aaef6fd259.jpg,small_distance_0.73|occlusion_severe
train,No_overtaking_78_jpg.rf.8f859be77f0fae1752548ecae5903228.jpg,fog_moderate
train,No_overtaking_79_jpg.rf.7063ef308eec02190bd0dfb991899b90.jpg,clean
train,No_overtaking_7_jpg.rf.a06036d6cdf4d0e743659414e05f5ec2.jpg,low_light_severe
train,No_overtaking_81_jpg.rf.1b81756a5c910df768299d020ee307b0.jpg,small_distance_0.75
train,No_overtaking_82_jpg.rf.885c0f106bccb85ce9943ea8385245f8.jpg,clean
train,No_overtaking_83_jpg.rf.049b1c2ffa330a81c937f735e73ed7da.jpg,small_distance_0.77|rain_severe
train,No_overtaking_84_jpg.rf.5fd63885865373f880243c7ceec55df5.jpg,glare_severe
train,No_overtaking_85_jpg.rf.11edbda0afb93095d2daad7167021dcd.jpg,blur_moderate
train,No_overtaking_86_jpg.rf.a78e4ea34f5a9ffa16672a531442e56b.jpg,occlusion_moderate
train,No_overtaking_87_jpg.rf.ab5a3800a0dbed3038e19d174823cdb9.jpg,small_distance_0.68|fog_mild
train,No_overtaking_88_jpg.rf.a9c86852318b0579024269b9de87c875.jpg,occlusion_mild
train,No_overtaking_89_jpg.rf.031f5d0cc38698872fa56980e3da5638.jpg,fog_moderate
train,No_overtaking_8_jpg.rf.b9770bd149b6e166d76df281d6177373.jpg,small_distance_0.68
train,No_overtaking_92_jpg.rf.2dbb2dfb3803bcf95a97101615adece4.jpg,fog_moderate
train,No_overtaking_93_jpg.rf.9118c5f153ed1ed5fe82dcdb54491b55.jpg,blur_mild
train,No_overtaking_94_jpg.rf.4802028cf2780cdb1dcec1b2c20776e3.jpg,small_distance_0.84|occlusion_severe
train,No_overtaking_95_jpg.rf.dc9efb71d9a78a09485c745f2da418fe.jpg,glare_moderate
train,No_overtaking_96_jpg.rf.ddfe79482d17307ec9334b7762a988ed.jpg,small_distance_0.67|rain_moderate
train,No_overtaking_97_jpg.rf.05a7117d79ef0200f34bec9540658523.jpg,small_distance_0.72|fog_mild
train,No_overtaking_99_jpg.rf.6d0990e5511dc200bc199985c3ac0ccf.jpg,small_distance_0.75|occlusion_severe
train,No_overtaking_9_jpg.rf.27ddba6f78b627cd882712a2c8694f97.jpg,blur_moderate
train,Pedestrian_crossing_101_jpg.rf.60648822bd6465cc70e52b66ba322be1.jpg,small_distance_0.62|blur_moderate
train,Pedestrian_crossing_102_jpg.rf.fcc80b3e3ac74b3bb99f0c31ad72e4ab.jpg,small_distance_0.71|glare_moderate
train,Pedestrian_crossing_103_jpg.rf.e9202386119f3a41aa4685d382cfdd13.jpg,small_distance_0.58|glare_severe
train,Pedestrian_crossing_105_jpg.rf.928d85be7f2d05b4ba8fa88475928b87.jpg,small_distance_0.84
train,Pedestrian_crossing_107_jpg.rf.eb4dbb55521e978cf508e6b21e13d58a.jpg,small_distance_0.61|occlusion_severe
train,Pedestrian_crossing_108_jpg.rf.a74d6ae1f89b8a40a1d28b4c0fd2115f.jpg,fog_severe
train,Pedestrian_crossing_109_jpg.rf.de9c4fdd9123e866a6fa81329392002d.jpg,small_distance_0.77|rain_mild
train,Pedestrian_crossing_10_jpg.rf.d1f99112eb74c027e2eb60e9e610fb3f.jpg,glare_severe
train,Pedestrian_crossing_111_jpg.rf.faf14827675cf51592e9b76f08aa284d.jpg,low_light_moderate
train,Pedestrian_crossing_112_jpg.rf.e19f44c0581994a2720d6cb016ad143b.jpg,occlusion_mild
train,Pedestrian_crossing_114_jpg.rf.c1697a50039858ef9290ee2b92139d7c.jpg,small_distance_0.81|occlusion_severe
train,Pedestrian_crossing_115_jpg.rf.182fd8ec604bbf4ce5a3a05d5e6bf285.jpg,rain_moderate
train,Pedestrian_crossing_117_jpg.rf.1a7a8a8f8578098638680574f14e1588.jpg,small_distance_0.82|glare_moderate
train,Pedestrian_crossing_118_jpg.rf.32c1693b5e25df6b381ea855ca0f3e3c.jpg,low_light_mild
train,Pedestrian_crossing_120_jpg.rf.1386259bf38a1c1e27193c090661ce59.jpg,clean
train,Pedestrian_crossing_121_jpg.rf.6c6ac3a32eff052e4b9fcba3207d2478.jpg,small_distance_0.81|occlusion_severe
train,Pedestrian_crossing_122_jpg.rf.e5196031dcb899699811c240f9f9083a.jpg,small_distance_0.82|occlusion_mild
train,Pedestrian_crossing_123_jpg.rf.6a8947b1a48e665e17897afb576ad7d3.jpg,low_light_mild
train,Pedestrian_crossing_124_jpg.rf.d7cf714d413665e35b0e6e72cfac8678.jpg,blur_severe
train,Pedestrian_crossing_125_jpg.rf.99f4ef7b0152c5f08704bf675af26806.jpg,glare_mild
train,Pedestrian_crossing_127_jpg.rf.6753d6d4732a946bb3d0240b3b5f7f58.jpg,small_distance_0.70|blur_severe
train,Pedestrian_crossing_129_jpg.rf.57bc54039e49cabdb23929bc6ab405cc.jpg,glare_moderate
train,Pedestrian_crossing_130_jpg.rf.dd0c830a0760f544c1315fb51ef56a36.jpg,clean
train,Pedestrian_crossing_132_jpg.rf.e045f28573a2662cdc4c9663f3ab5b5c.jpg,blur_severe
train,Pedestrian_crossing_134_jpg.rf.626082ba1ea1d86979c946c7255f0163.jpg,occlusion_moderate
train,Pedestrian_crossing_135_jpg.rf.148455bbc07778dd55c66d1820240da7.jpg,low_light_severe
train,Pedestrian_crossing_138_jpg.rf.4234ef31a9f05aa0cda2e0f75e61e98c.jpg,small_distance_0.84|fog_mild
train,Pedestrian_crossing_13_jpg.rf.2abd3c9bb4cf627752a00da1a6071bc6.jpg,small_distance_0.56|fog_mild
train,Pedestrian_crossing_143_jpg.rf.86976b89ef3015032cf3fe7a599cbb1e.jpg,blur_severe
train,Pedestrian_crossing_145_jpg.rf.d687130c0ad713f17787ecbbc8c5b5c5.jpg,rain_moderate
train,Pedestrian_crossing_147_jpg.rf.1b45d5bbed1151444debfe137d0626f8.jpg,blur_severe
train,Pedestrian_crossing_148_jpg.rf.f0a35a25cd1279a8ab08593b543331cd.jpg,blur_severe
train,Pedestrian_crossing_149_jpg.rf.c65bac001e8bd7a9affc11e10ccda904.jpg,occlusion_severe
train,Pedestrian_crossing_14_jpg.rf.50f12066c786e835e6e76e028733343a.jpg,fog_moderate
train,Pedestrian_crossing_150_jpg.rf.0562adc1f62dfb0345d1a86cb042c6a5.jpg,small_distance_0.55
train,Pedestrian_crossing_154_jpg.rf.9acee2139f3b3e1d973e5ceceddcf27a.jpg,clean
train,Pedestrian_crossing_155_jpg.rf.acc9a5f4a6453f93dc4fd586050358c7.jpg,blur_mild
train,Pedestrian_crossing_156_jpg.rf.8af346c519cd0a9c52b756dc91440700.jpg,clean
train,Pedestrian_crossing_158_jpg.rf.9157d07d70d0e15566469b5f7b979465.jpg,small_distance_0.61|rain_mild
train,Pedestrian_crossing_159_jpg.rf.fc32edae86251adc6082e0bbab42397e.jpg,clean
train,Pedestrian_crossing_160_jpg.rf.6b985c9d561e95582a83a1efceb235cb.jpg,small_distance_0.60|blur_moderate
train,Pedestrian_crossing_161_jpg.rf.a9fb6ea0527ac6cdcbb2c43a09549b3e.jpg,small_distance_0.74|low_light_moderate
train,Pedestrian_crossing_162_jpg.rf.647870929da1701828d6bb42c37e330e.jpg,rain_mild
train,Pedestrian_crossing_163_jpg.rf.cc0c466b2a8d03892f734a7672634d95.jpg,glare_severe
train,Pedestrian_crossing_167_jpg.rf.7e908ecb7af015a737d4646536758333.jpg,small_distance_0.67|blur_severe
train,Pedestrian_crossing_168_jpg.rf.bbe1422f98db0b40ddbb2c4f1473ce0a.jpg,fog_mild
train,Pedestrian_crossing_16_jpg.rf.efd63cd1abd09a8698ae4b74fafc62bc.jpg,small_distance_0.62|low_light_moderate
train,Pedestrian_crossing_171_jpg.rf.a8bc5352425ba1ebffc77701e1be4fb5.jpg,low_light_severe
train,Pedestrian_crossing_172_jpg.rf.459e6766f0d58e3100263689ad222872.jpg,small_distance_0.84|occlusion_severe
train,Pedestrian_crossing_173_jpg.rf.425bca64684977ca9bdaeb3a01817b94.jpg,clean
train,Pedestrian_crossing_174_jpg.rf.7f68422d6d00539b10cdaa23e66ce405.jpg,rain_severe
train,Pedestrian_crossing_175_jpg.rf.1c99b45299c537efd604687206696f7c.jpg,occlusion_moderate
train,Pedestrian_crossing_176_jpg.rf.ad0c03985cb65d13e1e461afa44f0f32.jpg,small_distance_0.56
train,Pedestrian_crossing_177_jpg.rf.ab8597ce1440b9b38e1e6a8488c4367c.jpg,occlusion_mild
train,Pedestrian_crossing_178_jpg.rf.6d852930d0361f14220dee85fd3b1397.jpg,blur_mild
train,Pedestrian_crossing_17_jpg.rf.abde147fd6e793a6bb72bbb25266eb67.jpg,small_distance_0.78|rain_severe
train,Pedestrian_crossing_180_jpg.rf.5e201efb5b0a1733e8eb83e9559bddc8.jpg,blur_mild
train,Pedestrian_crossing_181_jpg.rf.4eb4b49aa2cde7f2074ba829e59a0179.jpg,small_distance_0.70|glare_mild
train,Pedestrian_crossing_183_jpg.rf.77ace46ff677ceeca116e25e52bcfb3e.jpg,occlusion_severe
train,Pedestrian_crossing_184_jpg.rf.f017cdb102413de050bcd9f35d867496.jpg,fog_mild
train,Pedestrian_crossing_185_jpg.rf.3099dc8f040caad76e2dcf6d5c6da05c.jpg,small_distance_0.74
train,Pedestrian_crossing_187_jpg.rf.9fa9f65db99c8e46e743b1f60d66374c.jpg,clean
train,Pedestrian_crossing_188_jpg.rf.6b9025420dfd385f1c06b8fe40d15edf.jpg,blur_mild
train,Pedestrian_crossing_189_jpg.rf.b35b7afa37dc52d4e265ded788a3475b.jpg,rain_mild
train,Pedestrian_crossing_192_jpg.rf.1257055c91e3fb79f224e981d5a768cd.jpg,clean
train,Pedestrian_crossing_194_jpg.rf.382bce5f894c826e1a850a2739256c73.jpg,occlusion_severe
train,Pedestrian_crossing_195_jpg.rf.d93bc5eefd7055b73488dc695e9ca743.jpg,glare_severe
train,Pedestrian_crossing_196_jpg.rf.2a00c8c525e9ef84e21ccda325f5ae23.jpg,small_distance_0.68|glare_mild
train,Pedestrian_crossing_197_jpg.rf.ac9e0dd197271d88e7dbea90f4207c96.jpg,rain_mild
train,Pedestrian_crossing_19_jpg.rf.a1aee203a1e5201c922ce103f110c149.jpg,small_distance_0.60|rain_mild
train,Pedestrian_crossing_200_jpg.rf.839022dbf171256fd52cc79a2d5ad53a.jpg,glare_moderate
train,Pedestrian_crossing_201_jpg.rf.617303d4aca551a8ddd1675119d39e17.jpg,small_distance_0.61|low_light_mild
train,Pedestrian_crossing_203_jpg.rf.225e57692cdd0e576e3cd7d1ac997f06.jpg,small_distance_0.72
train,Pedestrian_crossing_204_jpg.rf.e7b5af6917c53c15df066a7c7e1a1e19.jpg,small_distance_0.81|fog_moderate
train,Pedestrian_crossing_206_jpg.rf.ac9cd28a8e538337577e531c2c772c7a.jpg,glare_severe
train,Pedestrian_crossing_209_jpg.rf.b8839c97adb6093559a8b17521d7f4aa.jpg,rain_moderate
train,Pedestrian_crossing_20_jpg.rf.cb5a5e8fa136cc70739f8b03ab8bef0a.jpg,small_distance_0.66
train,Pedestrian_crossing_210_jpg.rf.eb7832492922c671d9270bd957341195.jpg,clean
train,Pedestrian_crossing_211_jpg.rf.e6038aba3a0b48ae98af9e105440ef1c.jpg,occlusion_mild
train,Pedestrian_crossing_212_jpg.rf.d57976f137a6bfc36afedae22187e8f8.jpg,small_distance_0.69|glare_severe
train,Pedestrian_crossing_213_jpg.rf.d2b66076a5298a956405ffb7c1c4d6bd.jpg,rain_severe
train,Pedestrian_crossing_214_jpg.rf.9fbb57ae6eb37a428a4553b178524d3e.jpg,rain_mild
train,Pedestrian_crossing_215_jpg.rf.5201a221df5f43b47af9b748106afd11.jpg,small_distance_0.70|glare_moderate
train,Pedestrian_crossing_216_jpg.rf.bffd96ef26bd4adbcbe8357d93e79ce4.jpg,clean
train,Pedestrian_crossing_217_jpg.rf.ded16db224f0d53384ab10ca750c0fba.jpg,glare_moderate
train,Pedestrian_crossing_21_jpg.rf.9ac89fd9bc9b1e7a100350ba245cb352.jpg,glare_mild
train,Pedestrian_crossing_220_jpg.rf.74ed77a93b1f80c9b85be159b1ea347e.jpg,low_light_mild
train,Pedestrian_crossing_221_jpg.rf.e123558da6f18134e0396711f2df056a.jpg,small_distance_0.68|occlusion_moderate
train,Pedestrian_crossing_222_jpg.rf.56160daa1e3c99c77964d32367a12f33.jpg,occlusion_moderate
train,Pedestrian_crossing_225_jpg.rf.558b253d957c07a7109660d4873ba300.jpg,glare_severe
train,Pedestrian_crossing_226_jpg.rf.4ea047f6cb112782e39ba0fb5437d437.jpg,small_distance_0.69
train,Pedestrian_crossing_227_jpg.rf.8a27ca6c7e55a901ceced37f2ec47243.jpg,blur_severe
train,Pedestrian_crossing_22_jpg.rf.06b2c78f9666ce0935e70f4aa204631d.jpg,low_light_moderate
train,Pedestrian_crossing_230_jpg.rf.22cdeee6e93069364d99608a7127276b.jpg,rain_severe
train,Pedestrian_crossing_232_jpg.rf.4a8ffeca033a6156e758c7ebe5bcc732.jpg,rain_mild
train,Pedestrian_crossing_233_jpg.rf.f35d500ecaa46edd5c1b0e699d026386.jpg,small_distance_0.58|glare_moderate
train,Pedestrian_crossing_235_jpg.rf.203b9e604b10931d5046a30571ffd846.jpg,clean
train,Pedestrian_crossing_236_jpg.rf.6516f575d799c5868b5244ac3b51534b.jpg,small_distance_0.82
train,Pedestrian_crossing_237_jpg.rf.7decc083092f9fdb332599191c081d2c.jpg,small_distance_0.68|low_light_severe
train,Pedestrian_crossing_238_jpg.rf.fc52262738fb7b1f637732c14741279b.jpg,fog_severe
train,Pedestrian_crossing_239_jpg.rf.5e9e764585133615bf302022eb3205aa.jpg,clean
train,Pedestrian_crossing_240_jpg.rf.adddc238f6bf51fd0abde89618de3065.jpg,occlusion_severe
train,Pedestrian_crossing_241_jpg.rf.4980791d8fa3cc52e7db22655221978e.jpg,rain_moderate
train,Pedestrian_crossing_242_jpg.rf.dd0d1bc53044b8445aa35d0379340a38.jpg,clean
train,Pedestrian_crossing_243_jpg.rf.9b7b129bdc98ff390002141d1ae4d4e4.jpg,rain_moderate
train,Pedestrian_crossing_244_jpg.rf.87e88e78b96310cae1a84aba48b81e08.jpg,small_distance_0.57|low_light_moderate
train,Pedestrian_crossing_245_jpg.rf.f1193cd26f1f296b0424d7e7e5fc8e30.jpg,rain_mild
train,Pedestrian_crossing_246_jpg.rf.57dabc6d8b0f5de474aef37a70a29c70.jpg,rain_moderate
train,Pedestrian_crossing_248_jpg.rf.c8cb0c46898dc7b5bab38bd641895cf3.jpg,small_distance_0.83|rain_mild
train,Pedestrian_crossing_249_jpg.rf.ba891edd7e6e9583b5707eb7931ef68b.jpg,small_distance_0.77
train,Pedestrian_crossing_24_jpg.rf.fdd882a18cb52ad359beeb3e99665ec0.jpg,small_distance_0.84
train,Pedestrian_crossing_251_jpg.rf.adc1e738ef77273714d85175420d917f.jpg,clean
train,Pedestrian_crossing_253_jpg.rf.f70d5bbbc19528a1f05d87650ae4767d.jpg,small_distance_0.74|blur_moderate
train,Pedestrian_crossing_256_jpg.rf.2fd93725867b2f50f8a7f0ae403a4dc6.jpg,small_distance_0.57|rain_moderate
train,Pedestrian_crossing_259_jpg.rf.809ebb3c465ef4aaab59dceaf97751e8.jpg,clean
train,Pedestrian_crossing_25_jpg.rf.6cf5712d5c42899a7473f62123bf695f.jpg,small_distance_0.63
train,Pedestrian_crossing_261_jpg.rf.83ff87f7253002a78a2ea23458d5e703.jpg,clean
train,Pedestrian_crossing_262_jpg.rf.bc1a52f5b1ba102a4e5153205ec0ac1b.jpg,small_distance_0.61
train,Pedestrian_crossing_263_jpg.rf.d1e8319a22ab3b8ac57e5a656e2edc63.jpg,fog_moderate
train,Pedestrian_crossing_264_jpg.rf.8a791b7be479ae1512e82e66c003ca75.jpg,glare_moderate
train,Pedestrian_crossing_268_jpg.rf.82f5e9458e8ce26dbd8176156e3e01cf.jpg,clean
train,Pedestrian_crossing_26_jpg.rf.aeaf8d4f2e11f54c6a7e690724311cc0.jpg,clean
train,Pedestrian_crossing_270_jpg.rf.98f2e87395b043b847d30f1ef355c1ab.jpg,glare_severe
train,Pedestrian_crossing_271_jpg.rf.c628701e8c0235b1fda4bc252088c866.jpg,small_distance_0.66|blur_mild
train,Pedestrian_crossing_272_jpg.rf.48d80aa27e95f51de163af83329bea9f.jpg,occlusion_mild
train,Pedestrian_crossing_273_jpg.rf.2c8805b79379ab93b49f6e376ab9f4a6.jpg,small_distance_0.59|occlusion_mild
train,Pedestrian_crossing_276_jpg.rf.5144d6208dab745299eabfdd6d791f1d.jpg,occlusion_moderate
train,Pedestrian_crossing_278_jpg.rf.6d4cb89f16997f31bc0afc7439650140.jpg,blur_severe
train,Pedestrian_crossing_279_jpg.rf.ec0c17028b51de57119c1229f7756627.jpg,clean
train,Pedestrian_crossing_27_jpg.rf.f231495bfca8b3f44ec6dd7b0ed3d723.jpg,small_distance_0.66|occlusion_moderate
train,Pedestrian_crossing_280_jpg.rf.a7cc332f2aea70950f8dfeb2416f1a89.jpg,glare_moderate
train,Pedestrian_crossing_282_jpg.rf.2fe7f628c9a1ad41883a8c25009845bd.jpg,clean
train,Pedestrian_crossing_284_jpg.rf.b3ae6c639c41310db8b80f76f2a656bd.jpg,small_distance_0.83
train,Pedestrian_crossing_285_jpg.rf.38b382fe6737eb3425598a990df6eadb.jpg,occlusion_mild
train,Pedestrian_crossing_286_jpg.rf.65b6f76ae6d07b91b0ff6357539c5e1a.jpg,rain_severe
train,Pedestrian_crossing_287_jpg.rf.3985e06d7dfdbc21f5cc1bb0ff6ff965.jpg,small_distance_0.71|occlusion_severe
train,Pedestrian_crossing_289_jpg.rf.7c58e4ed1862528af5bf5c363f9c8401.jpg,small_distance_0.70|occlusion_severe
train,Pedestrian_crossing_290_jpg.rf.c3707831599a3d04f1ac6b17f0699167.jpg,glare_mild
train,Pedestrian_crossing_291_jpg.rf.5eb1d0cc2242e2694fb57618047accb4.jpg,rain_mild
train,Pedestrian_crossing_292_jpg.rf.862bd86d2a99d5ab47d37f683cc195ba.jpg,small_distance_0.83|blur_moderate
train,Pedestrian_crossing_293_jpg.rf.da8648542543092944de30a8c172b1fd.jpg,fog_moderate
train,Pedestrian_crossing_295_jpg.rf.18ae643d64fcff192fba549f2b0e415b.jpg,fog_severe
train,Pedestrian_crossing_296_jpg.rf.b6384c9bed409e9ee2057c0d17221795.jpg,clean
train,Pedestrian_crossing_297_jpg.rf.5eda07cd5e3e6246e3347029cba7e300.jpg,small_distance_0.59|occlusion_moderate
train,Pedestrian_crossing_298_jpg.rf.a700ec009ee9cd4d8cabbba0de01fd5b.jpg,small_distance_0.76
train,Pedestrian_crossing_299_jpg.rf.7b3b5dd28af741f668747b80117cc5f7.jpg,clean
train,Pedestrian_crossing_2_jpg.rf.86f2017548cd7233a95272541a7d43a5.jpg,glare_severe
train,Pedestrian_crossing_300_jpg.rf.1f07e555f7412204fbe52ffde8b60c99.jpg,occlusion_severe
train,Pedestrian_crossing_301_jpg.rf.2eaa0b550263f3fe90f58c01f6fb65ec.jpg,clean
train,Pedestrian_crossing_302_jpg.rf.f2e8704d233f07ecb87ae2b61a623f98.jpg,fog_mild
train,Pedestrian_crossing_304_jpg.rf.6a964c5049851fe9130ba303f87419e5.jpg,small_distance_0.58|low_light_mild
train,Pedestrian_crossing_305_jpg.rf.182ac1658880ea535b1cd9a91198091f.jpg,fog_mild
train,Pedestrian_crossing_307_jpg.rf.e311c73a1b1d21b82bff2bfc91320efc.jpg,clean
train,Pedestrian_crossing_308_jpg.rf.54fc0ae3ab5ec8879d9b0abeb22cf33f.jpg,blur_severe
train,Pedestrian_crossing_30_jpg.rf.f7c3c2b0c21e842d9fce539d8c75ee12.jpg,clean
train,Pedestrian_crossing_310_jpg.rf.5e238912aa126ba521fc937bc81afdeb.jpg,fog_severe
train,Pedestrian_crossing_312_jpg.rf.c1c6fc553fb5c03bc4742bc422cc59a7.jpg,occlusion_severe
train,Pedestrian_crossing_314_jpg.rf.9fbc105d7e68e3d394c8dd336be942a0.jpg,blur_severe
train,Pedestrian_crossing_315_jpg.rf.5ed1e9d12a5c405a4e6c00ee920a31e8.jpg,fog_mild
train,Pedestrian_crossing_317_jpg.rf.8923b621966282561ba3178eb2e04ea8.jpg,low_light_moderate
train,Pedestrian_crossing_318_jpg.rf.35f74f5d12ac132125c7cd987372ac24.jpg,small_distance_0.75
train,Pedestrian_crossing_320_jpg.rf.7f7f7e55083fd083f8af7a23213d9e64.jpg,fog_severe
train,Pedestrian_crossing_321_jpg.rf.ed4d87eda0e94aa32c43b3c1718f36b5.jpg,occlusion_severe
train,Pedestrian_crossing_322_jpg.rf.30310104918060181d264cf4ba71fac0.jpg,clean
train,Pedestrian_crossing_323_jpg.rf.3207575dd258ce21cee2621d89bf28a4.jpg,glare_mild
train,Pedestrian_crossing_326_jpg.rf.b965d2a4d497a0317b7d59ae1128ea0b.jpg,occlusion_mild
train,Pedestrian_crossing_328_jpg.rf.b45838b28b0cd367c108b5ed85e61d18.jpg,clean
train,Pedestrian_crossing_329_jpg.rf.f9b805a25b8247fa9d3e6b8b9c4e7593.jpg,small_distance_0.77
train,Pedestrian_crossing_32_jpg.rf.a862bb292e8f81d6272cbb6c6c924a45.jpg,clean
train,Pedestrian_crossing_330_jpg.rf.6e4cbd74c5470ac4c6d6f21df8593aa4.jpg,occlusion_mild
train,Pedestrian_crossing_332_jpg.rf.ed36695a15f6737c9777a82604e7e49b.jpg,fog_moderate
train,Pedestrian_crossing_333_jpg.rf.38f9fb195eacd8b2f1be93bc884ac100.jpg,clean
train,Pedestrian_crossing_334_jpg.rf.0ef1f25252b7b47347cd2f1a9bc341f0.jpg,low_light_severe
train,Pedestrian_crossing_335_jpg.rf.c769e89b50cf6a7da4a366128c4cbbc5.jpg,small_distance_0.76|low_light_moderate
train,Pedestrian_crossing_337_jpg.rf.efe842442cb0f40c741ec1cf2904151c.jpg,small_distance_0.65
train,Pedestrian_crossing_339_jpg.rf.6411652c7c18dec96ca15a21d0b00a13.jpg,occlusion_moderate
train,Pedestrian_crossing_341_jpg.rf.fb20c093028ee80a912f90071e63da93.jpg,rain_moderate
train,Pedestrian_crossing_342_jpg.rf.fb19b8f905085833a44a62c8f98f22a1.jpg,rain_mild
train,Pedestrian_crossing_344_jpg.rf.912957a1c519065119935434891d2881.jpg,small_distance_0.77|blur_moderate
train,Pedestrian_crossing_345_jpg.rf.3e480f096db3369840df9ccb030a0976.jpg,occlusion_mild
train,Pedestrian_crossing_346_jpg.rf.083e891797da1a1216d414fd3cbb2c30.jpg,clean
train,Pedestrian_crossing_347_jpg.rf.f50aa6553925082b2951ab2b8d0b327c.jpg,blur_mild
train,Pedestrian_crossing_348_jpg.rf.0c2c2fcb638f54d738072de815db54b1.jpg,blur_mild
train,Pedestrian_crossing_351_jpg.rf.1d8314aeee21423c0160121157b68f8a.jpg,low_light_moderate
train,Pedestrian_crossing_353_jpg.rf.1bc43a46a90aacef48beb92c5e1a90c8.jpg,glare_mild
train,Pedestrian_crossing_354_jpg.rf.e8f5aaf3df372662635751c12204ad82.jpg,small_distance_0.62|occlusion_severe
train,Pedestrian_crossing_356_jpg.rf.a963cc438f9b32b90250c7a141dee47b.jpg,glare_severe
train,Pedestrian_crossing_357_jpg.rf.a94102ff1924f4add5cda71d0c7cdc3b.jpg,blur_moderate
train,Pedestrian_crossing_358_jpg.rf.e20f749ab3a8d20feb454a4322216491.jpg,fog_severe
train,Pedestrian_crossing_359_jpg.rf.a157a27dd24f0486284e9622963e1deb.jpg,blur_mild
train,Pedestrian_crossing_362_jpg.rf.f0eb1813a1f7552dc7089dbbe4d64e64.jpg,small_distance_0.70|low_light_mild
train,Pedestrian_crossing_363_jpg.rf.281aec701d72c54f35e0e12422600374.jpg,small_distance_0.72|fog_severe
train,Pedestrian_crossing_364_jpg.rf.6cd515e38f95848613d276a90af75130.jpg,clean
train,Pedestrian_crossing_365_jpg.rf.049fac4595dec642da2011f0a4d672df.jpg,small_distance_0.70|glare_moderate
train,Pedestrian_crossing_368_jpg.rf.0fc16e4c89d4d82245a44e323a384742.jpg,blur_severe
train,Pedestrian_crossing_369_jpg.rf.6ad51b6d85b51eea199589006b037d36.jpg,clean
train,Pedestrian_crossing_36_jpg.rf.75926fd3793e32f0bc54f35d1f8810c4.jpg,small_distance_0.79|low_light_severe
train,Pedestrian_crossing_370_jpg.rf.e95f3517bd89ffd6976ba092b005aee8.jpg,blur_severe
train,Pedestrian_crossing_371_jpg.rf.59ccf3514f07a52c41f4f3aebc7c6447.jpg,occlusion_mild
train,Pedestrian_crossing_373_jpg.rf.f89021026e4e8ff14bca76853e79b5f2.jpg,occlusion_mild
train,Pedestrian_crossing_375_jpg.rf.35a5260c2e2988e0c771c0a8ce07b800.jpg,small_distance_0.73|low_light_moderate
train,Pedestrian_crossing_376_jpg.rf.30fbb4fcc92ab35a0a20eb852ce7a550.jpg,rain_severe
train,Pedestrian_crossing_377_jpg.rf.e1e62795355f489f56f43b4c8bd89977.jpg,small_distance_0.60|blur_mild
train,Pedestrian_crossing_378_jpg.rf.55c8311f5b1b50956b55a6799805d6f1.jpg,fog_severe
train,Pedestrian_crossing_379_jpg.rf.cc353dbd2dbf7dc368607d3501951344.jpg,small_distance_0.84|rain_moderate
train,Pedestrian_crossing_37_jpg.rf.30059687f47027ba1eac92ea48cf0133.jpg,small_distance_0.83
train,Pedestrian_crossing_380_jpg.rf.050851f56aa2839306c30cea2761aafe.jpg,small_distance_0.71|glare_severe
train,Pedestrian_crossing_381_jpg.rf.21543db94df9349ca3eb38e393cae49a.jpg,small_distance_0.82
train,Pedestrian_crossing_382_jpg.rf.23da1dd337d5130c4cbabaa49cf6c4f9.jpg,occlusion_mild
train,Pedestrian_crossing_383_jpg.rf.901eb5a476f96724577926ae6f31faaf.jpg,blur_mild
train,Pedestrian_crossing_384_jpg.rf.8b1f70cb8989e1775e9cae8de4a52623.jpg,small_distance_0.81|rain_severe
train,Pedestrian_crossing_386_jpg.rf.1d0e54cdcd35c8d830cc1e9445eb04cb.jpg,fog_mild
train,Pedestrian_crossing_387_jpg.rf.4b7d89aa00071238f640f3b751ffddef.jpg,low_light_moderate
train,Pedestrian_crossing_388_jpg.rf.a150a6848a3ebd2df916f6e098539b97.jpg,small_distance_0.74|glare_mild
train,Pedestrian_crossing_389_jpg.rf.4520b7efb2702ba33fdb2ce77ee5f016.jpg,occlusion_mild
train,Pedestrian_crossing_38_jpg.rf.9c507d90bc47ec4497daa39f77631121.jpg,occlusion_moderate
train,Pedestrian_crossing_390_jpg.rf.d496d0973c133fc518a8c1bd4f41f7e1.jpg,rain_severe
train,Pedestrian_crossing_391_jpg.rf.8aeff26d33446f735e7408e10ba84dc5.jpg,low_light_severe
train,Pedestrian_crossing_392_jpg.rf.df8b18a09a690ab99df5574808866e82.jpg,small_distance_0.80|glare_moderate
train,Pedestrian_crossing_394_jpg.rf.418f6879cad1837057c975412efefb6e.jpg,small_distance_0.73|blur_severe
train,Pedestrian_crossing_395_jpg.rf.44c7d3168c17e1772e7128b45c8cab5d.jpg,small_distance_0.71|occlusion_mild
train,Pedestrian_crossing_396_jpg.rf.22eeaac00cc788efd94e3d71e77237e7.jpg,fog_mild
train,Pedestrian_crossing_397_jpg.rf.204f89f1a96c7d24baeb179915ec091d.jpg,blur_mild
train,Pedestrian_crossing_398_jpg.rf.ec3145ef6b9b92a2c7a316a23d438a0c.jpg,clean
train,Pedestrian_crossing_39_jpg.rf.ff8d6fc47eff3318d9a0b407fd7e5814.jpg,blur_mild
train,Pedestrian_crossing_400_jpg.rf.727f7b902bb06705d1302fe07de9ece3.jpg,clean
train,Pedestrian_crossing_401_jpg.rf.a210e98bc8895b48174d681d142f00a8.jpg,clean
train,Pedestrian_crossing_403_jpg.rf.bd74dfca397d30ba2a2ef9ff9633299e.jpg,small_distance_0.65|fog_severe
train,Pedestrian_crossing_404_jpg.rf.32131376466b8226052e85eda5c89244.jpg,small_distance_0.58|fog_moderate
train,Pedestrian_crossing_405_jpg.rf.c313cda6c30476eb6cb7e7a0612e28ff.jpg,small_distance_0.79|low_light_severe
train,Pedestrian_crossing_406_jpg.rf.c491d38febd1c7ac521816380f980cc9.jpg,clean
train,Pedestrian_crossing_407_jpg.rf.16a0aafdce12564b1d9c2a02023f13cc.jpg,blur_severe
train,Pedestrian_crossing_409_jpg.rf.84af8d1683da1124f5623f44b5f81795.jpg,rain_mild
train,Pedestrian_crossing_410_jpg.rf.aabc5e6b2d2c6e3fb337aab16e4dc888.jpg,blur_severe
train,Pedestrian_crossing_411_jpg.rf.b5827996a47469fb5c2355f43547aa73.jpg,rain_severe
train,Pedestrian_crossing_412_jpg.rf.37b5fd618b20261a8fe832cb50c7c63b.jpg,rain_moderate
train,Pedestrian_crossing_413_jpg.rf.284f06656a48a5054e6c26b5e0731757.jpg,clean
train,Pedestrian_crossing_417_jpg.rf.1b26879eff1ee60ac06e1ccfc2960ed2.jpg,glare_severe
train,Pedestrian_crossing_418_jpg.rf.14d39d46ca3ba13515c0ba9d661ab24b.jpg,clean
train,Pedestrian_crossing_419_jpg.rf.0de73e88798fded3de24cfbc391c40bc.jpg,blur_moderate
train,Pedestrian_crossing_41_jpg.rf.41339373fcd7c07b9e486c594c567742.jpg,blur_severe
train,Pedestrian_crossing_420_jpg.rf.a2cb956574852abdd8e3dcc8d97eb2aa.jpg,small_distance_0.77
train,Pedestrian_crossing_423_jpg.rf.21f05a3fd1f5bafd5b295aeddd24b567.jpg,small_distance_0.57|low_light_moderate
train,Pedestrian_crossing_424_jpg.rf.9012ba4dd7b0a6f72b5e161f06922c5f.jpg,glare_severe
train,Pedestrian_crossing_425_jpg.rf.7aa5b403d5355ebf312808043f665d10.jpg,glare_moderate
train,Pedestrian_crossing_426_jpg.rf.a2d55cede90f8fb657c044c6c810179d.jpg,clean
train,Pedestrian_crossing_427_jpg.rf.a5005c98b5d311e130a46bbbc4ecf029.jpg,glare_mild
train,Pedestrian_crossing_429_jpg.rf.a2882099f5c53fc7b51fce4053619e9c.jpg,clean
train,Pedestrian_crossing_42_jpg.rf.911e54bfd1dda8b7dcb4b31238c61910.jpg,occlusion_severe
train,Pedestrian_crossing_430_jpg.rf.8bdb2ea75bed8cf0cfe2ec6d6e6866a7.jpg,occlusion_severe
train,Pedestrian_crossing_431_jpg.rf.c83e873dd837e7110d20f13455542440.jpg,clean
train,Pedestrian_crossing_432_jpg.rf.e715783b50f0dffe84fb3be5f8b55281.jpg,low_light_mild
train,Pedestrian_crossing_435_jpg.rf.f05857959254956b86f5d59577432996.jpg,clean
train,Pedestrian_crossing_436_jpg.rf.3f0c6b78ffa81a7c0781da2ef9d64632.jpg,clean
train,Pedestrian_crossing_438_jpg.rf.afae61df7c30597e30a795fea248a2e2.jpg,blur_moderate
train,Pedestrian_crossing_439_jpg.rf.afed0c4d8e0a4e81879887bf5d48b0d8.jpg,blur_moderate
train,Pedestrian_crossing_442_jpg.rf.15799671cb2d9a9695243f7596af2883.jpg,blur_moderate
train,Pedestrian_crossing_443_jpg.rf.9b87f5a798f196aa68f757c2d9c69456.jpg,low_light_mild
train,Pedestrian_crossing_444_jpg.rf.adcc604a0decbf512a72639df98e8e5f.jpg,small_distance_0.69|blur_severe
train,Pedestrian_crossing_445_jpg.rf.d0bc433c7c9f0e8316f4b9cbfc02c55b.jpg,fog_severe
train,Pedestrian_crossing_447_jpg.rf.cacff075ff8fae03aa86b09ed109ef66.jpg,clean
train,Pedestrian_crossing_44_jpg.rf.ac2e90720f247f05c54ca6901cf4aa6c.jpg,clean
train,Pedestrian_crossing_451_jpg.rf.efd37f43db0cf5bb8918541841f2b523.jpg,blur_severe
train,Pedestrian_crossing_453_jpg.rf.038487b13d3f1f45332c04d5bacccec8.jpg,blur_mild
train,Pedestrian_crossing_454_jpg.rf.c0c0bb11251dd65190d98c1100fd7d00.jpg,small_distance_0.77|blur_mild
train,Pedestrian_crossing_456_jpg.rf.bc3015e0a72465b5e3d654fc56c491a1.jpg,low_light_severe
train,Pedestrian_crossing_458_jpg.rf.18ba85978c239cbd02e92393f85dbdd1.jpg,glare_mild
train,Pedestrian_crossing_45_jpg.rf.cabbf2c370dbbeadecf4f48db99ca14b.jpg,small_distance_0.75|glare_moderate
train,Pedestrian_crossing_460_jpg.rf.03ee85db683cbd812514842a0f3291f8.jpg,small_distance_0.68|fog_mild
train,Pedestrian_crossing_461_jpg.rf.892bf0c12bd8597928d0c1c84b50edcb.jpg,glare_mild
train,Pedestrian_crossing_462_jpg.rf.0e3534a76349ad033a9e6573adc45e5d.jpg,small_distance_0.77|occlusion_mild
train,Pedestrian_crossing_463_jpg.rf.ef2ccc09c4ca59a318df2dfe91071253.jpg,small_distance_0.64|glare_severe
train,Pedestrian_crossing_464_jpg.rf.20d8fc6bb490d61c31651305c89f368b.jpg,small_distance_0.56|glare_severe
train,Pedestrian_crossing_465_jpg.rf.97350afb3a1fb8224ff4ece3415ec2f0.jpg,glare_severe
train,Pedestrian_crossing_467_jpg.rf.0c6a9f8b66ad21b9826077950511fd48.jpg,rain_moderate
train,Pedestrian_crossing_471_jpg.rf.d1c32975416497df6d2af66185cb0bbe.jpg,clean
train,Pedestrian_crossing_475_jpg.rf.a0a2d553177d2dee4bc0115f5d3da86d.jpg,occlusion_moderate
train,Pedestrian_crossing_476_jpg.rf.1bef37e7c643a559adf0274a2b89c359.jpg,small_distance_0.84
train,Pedestrian_crossing_477_jpg.rf.b6ec3c2c4157203aab78fc5abd58a23b.jpg,small_distance_0.65|occlusion_mild
train,Pedestrian_crossing_47_jpg.rf.82122f2a72d1cdafc2e2b9a9bed3fde3.jpg,small_distance_0.80|low_light_severe
train,Pedestrian_crossing_481_jpg.rf.c9aa395e25a526c915312a2086c5cbc6.jpg,small_distance_0.69|blur_moderate
train,Pedestrian_crossing_482_jpg.rf.8f5db794aa0128ed5f6174d7efe1dc20.jpg,small_distance_0.60|rain_moderate
train,Pedestrian_crossing_484_jpg.rf.74b15d2bcd5a420591fadf1a566ee1f8.jpg,clean
train,Pedestrian_crossing_485_jpg.rf.1a301bd3b4ab8792faa9f7b19acd9e52.jpg,glare_mild
train,Pedestrian_crossing_487_jpg.rf.362cb3668235873d5dc4a8e16008291d.jpg,clean
train,Pedestrian_crossing_488_jpg.rf.378f67e4f5d64ea0840fc05e03a2ed18.jpg,small_distance_0.77|rain_severe
train,Pedestrian_crossing_48_jpg.rf.0fad5656fa8d637a287d8665c164810b.jpg,blur_mild
train,Pedestrian_crossing_490_jpg.rf.5ad9da76843d9379516db018ec4796a4.jpg,rain_mild
train,Pedestrian_crossing_491_jpg.rf.a4cf38e5658e8f72936d615df2ee61a5.jpg,blur_mild
train,Pedestrian_crossing_492_jpg.rf.d2b3b9fd6536240085ffa01c93b5576c.jpg,occlusion_severe
train,Pedestrian_crossing_493_jpg.rf.cb779ffe265c567d1d0e8a4efbf6d418.jpg,glare_moderate
train,Pedestrian_crossing_494_jpg.rf.2642f7ea5752c982e33fa0c393ff655f.jpg,small_distance_0.68|blur_moderate
train,Pedestrian_crossing_495_jpg.rf.3bfdac7ee4e0a806ae8abf6032fabfaa.jpg,clean
train,Pedestrian_crossing_497_jpg.rf.573dac83e455612424a70c635e59ebf4.jpg,blur_mild
train,Pedestrian_crossing_498_jpg.rf.4eef01b4e41bd1c4516a9585f45ceaf4.jpg,small_distance_0.57|rain_moderate
train,Pedestrian_crossing_49_jpg.rf.d828585412238a6eefed049cd475119d.jpg,clean
train,Pedestrian_crossing_4_jpg.rf.41e60d676513fa35da532175b7a5de2a.jpg,small_distance_0.61
train,Pedestrian_crossing_500_jpg.rf.257e316105dc67aa35db21a860bdfbb2.jpg,blur_severe
train,Pedestrian_crossing_501_jpg.rf.7752e579c0c7e3bebfd375bf40a804cc.jpg,small_distance_0.72
train,Pedestrian_crossing_502_jpg.rf.b285ad4e24d8ad2008a24fd5d4c84ed4.jpg,small_distance_0.77|low_light_severe
train,Pedestrian_crossing_503_jpg.rf.71bb9e8fd7525633247694bf9439a0e1.jpg,fog_mild
train,Pedestrian_crossing_504_jpg.rf.ecdd01d7181c5cd40c8b8e8f424d368c.jpg,blur_mild
train,Pedestrian_crossing_507_jpg.rf.91a6db0309de376fefc6bae3927df0c0.jpg,blur_severe
train,Pedestrian_crossing_50_jpg.rf.7666e0af98b7ed13dcf7ba4184500501.jpg,clean
train,Pedestrian_crossing_510_jpg.rf.ceaa7c406c39c57c2f7aa8f79fa45280.jpg,glare_mild
train,Pedestrian_crossing_512_jpg.rf.fbaae5ed6ed7e8648c731872c4ba8ca9.jpg,small_distance_0.71|occlusion_moderate
train,Pedestrian_crossing_514_jpg.rf.7e7ef53c9b92d88e484d1af27d87f705.jpg,occlusion_mild
train,Pedestrian_crossing_516_jpg.rf.c3f859ff3939c2dc7daf60881ced1631.jpg,small_distance_0.61|fog_severe
train,Pedestrian_crossing_517_jpg.rf.173fa8bd8db091801db3cfc78f39578f.jpg,clean
train,Pedestrian_crossing_519_jpg.rf.e5660d028b5eee1fd849841b9a341f9f.jpg,glare_mild
train,Pedestrian_crossing_521_jpg.rf.d092f2da1f152c083a347759cd1bc09b.jpg,low_light_mild
train,Pedestrian_crossing_522_jpg.rf.ff53d68269e5dd823947a4f6404fa930.jpg,small_distance_0.63
train,Pedestrian_crossing_523_jpg.rf.b73acf704f72f16c9d4e9ddf07437c5f.jpg,small_distance_0.84|occlusion_mild
train,Pedestrian_crossing_525_jpg.rf.109805581e40c57e819a4d087a3003ba.jpg,occlusion_severe
train,Pedestrian_crossing_527_jpg.rf.310986d2f34e6951248bc787e97754a6.jpg,clean
train,Pedestrian_crossing_528_jpg.rf.1aa500a0d700162f0fe440042e0e7ae7.jpg,small_distance_0.78|glare_moderate
train,Pedestrian_crossing_530_jpg.rf.e2f0b4344adbb751259082ff3e27eed0.jpg,blur_mild
train,Pedestrian_crossing_532_jpg.rf.b4c35fec52610030f41ec60e1b23b644.jpg,blur_severe
train,Pedestrian_crossing_533_jpg.rf.c946a74ef6972bc4ab4fe8e151daceb4.jpg,low_light_moderate
train,Pedestrian_crossing_534_jpg.rf.a57fda261f1ca2ca33b4f0af024db4dd.jpg,small_distance_0.62|low_light_mild
train,Pedestrian_crossing_535_jpg.rf.c3f5f0ca238fb2f2fcb1b6221d60552c.jpg,small_distance_0.56|blur_severe
train,Pedestrian_crossing_536_jpg.rf.e454ad10093fd60ae539bfe4c42d280a.jpg,small_distance_0.82
train,Pedestrian_crossing_538_jpg.rf.7d4bb977b620f0b4a5a75f1a1d67277b.jpg,small_distance_0.79|rain_mild
train,Pedestrian_crossing_53_jpg.rf.309e722024cb5ff431ea2cea43e9dbd2.jpg,fog_severe
train,Pedestrian_crossing_540_jpg.rf.099bf98974d2b8e54aeed82decb6c4a9.jpg,blur_severe
train,Pedestrian_crossing_541_jpg.rf.b821292fd70a8db1b8da56149ced69e8.jpg,rain_moderate
train,Pedestrian_crossing_542_jpg.rf.25d0184c3b3cbac162ef1cc47d13adc8.jpg,blur_severe
train,Pedestrian_crossing_543_jpg.rf.7a432efbe887e214bf3967468ca9da7c.jpg,clean
train,Pedestrian_crossing_544_jpg.rf.df2c1d674f0b7f86d76b0c63ea4e136a.jpg,small_distance_0.84|blur_severe
train,Pedestrian_crossing_545_jpg.rf.e12b85d5cb32d12551ee64d4846486dc.jpg,clean
train,Pedestrian_crossing_546_jpg.rf.f1dab8c2436cdfd825c0cf41372fec55.jpg,occlusion_severe
train,Pedestrian_crossing_547_jpg.rf.d0d07fb5bd182ee06640507e6c859a58.jpg,clean
train,Pedestrian_crossing_548_jpg.rf.79775e2703bce6be7929c452d739dd62.jpg,small_distance_0.74|rain_moderate
train,Pedestrian_crossing_549_jpg.rf.3baafffd9f74fad799926b13b2342d1f.jpg,small_distance_0.63|glare_mild
train,Pedestrian_crossing_54_jpg.rf.0eaf47fa69e1f303aa7b1b92768a60b4.jpg,glare_moderate
train,Pedestrian_crossing_550_jpg.rf.47afd2e84f8d618afaa18af122e234c7.jpg,small_distance_0.69|glare_mild
train,Pedestrian_crossing_551_jpg.rf.8e581b42cc3c5511ce5cfb0f67aa7396.jpg,low_light_moderate
train,Pedestrian_crossing_552_jpg.rf.b857e2b4191acaa2a28a7d24ed4e1d4f.jpg,fog_mild
train,Pedestrian_crossing_553_jpg.rf.fa6b2ce0a37be96557be1c819a441877.jpg,small_distance_0.82
train,Pedestrian_crossing_554_jpg.rf.286d72d2ab4017cf0627155ff5280252.jpg,rain_mild
train,Pedestrian_crossing_555_jpg.rf.4e6121889fb60371dd671c8d9c921d42.jpg,occlusion_moderate
train,Pedestrian_crossing_556_jpg.rf.b624d0819589a6a717350d66a30b9834.jpg,small_distance_0.71|blur_severe
train,Pedestrian_crossing_557_jpg.rf.011dda28b543b577d288619144690222.jpg,small_distance_0.67|blur_severe
train,Pedestrian_crossing_558_jpg.rf.1bfd6d425803c281f6460105f038fd0a.jpg,blur_moderate
train,Pedestrian_crossing_559_jpg.rf.8b0ec5d249bc3af8b8fed0ede2b7b577.jpg,small_distance_0.74|blur_mild
train,Pedestrian_crossing_57_jpg.rf.4d4fea3cb920de22659e5d595dfc6fee.jpg,clean
train,Pedestrian_crossing_58_jpg.rf.21ebe81a147ea1a655669cc0dafd5c23.jpg,rain_moderate
train,Pedestrian_crossing_59_jpg.rf.c132f56781072c66b01cd0fb633f427b.jpg,clean
train,Pedestrian_crossing_60_jpg.rf.f65ec78fece922f3bf462b1e6246c76e.jpg,glare_mild
train,Pedestrian_crossing_61_jpg.rf.5c065396cacc59a295faddcc60ab7cff.jpg,small_distance_0.71|low_light_mild
train,Pedestrian_crossing_63_jpg.rf.6b8b21b35d0aef416413ad8f314db405.jpg,small_distance_0.56|blur_severe
train,Pedestrian_crossing_64_jpg.rf.da96d6f9ccd9bbfa72732ebbe062d0b5.jpg,blur_mild
train,Pedestrian_crossing_65_jpg.rf.e4456c10f01d68b2ccf3b306fd8a463b.jpg,small_distance_0.68|occlusion_moderate
train,Pedestrian_crossing_66_jpg.rf.bedcad906c3ba05ef754ab51357cb24d.jpg,small_distance_0.81|occlusion_mild
train,Pedestrian_crossing_67_jpg.rf.80e8b9e365234e8cd5efa329b6469581.jpg,clean
train,Pedestrian_crossing_68_jpg.rf.2b136c156a891c46d56421abdda134e5.jpg,small_distance_0.84|blur_severe
train,Pedestrian_crossing_69_jpg.rf.5d6b66073b4b3fc39ab4e69745eb7b56.jpg,small_distance_0.66
train,Pedestrian_crossing_70_jpg.rf.42145a7f76f3a7bf0c080c3be8fb935c.jpg,small_distance_0.56|glare_severe
train,Pedestrian_crossing_71_jpg.rf.d08b0925b2a6c5f828ede3f65aaac9ef.jpg,small_distance_0.60|occlusion_severe
train,Pedestrian_crossing_72_jpg.rf.3275b8cd4d238cb2f0b16e19bdba5f9a.jpg,small_distance_0.80|blur_moderate
train,Pedestrian_crossing_78_jpg.rf.385adde46c83c4229a95e2ac98ed2eb5.jpg,fog_severe
train,Pedestrian_crossing_79_jpg.rf.e6ad715a55db157c2645a59923fe8afb.jpg,clean
train,Pedestrian_crossing_81_jpg.rf.734e6a76d7aedb0ce5c18c6cb81ed0ba.jpg,clean
train,Pedestrian_crossing_82_jpg.rf.0e734a4317c304ef3b65bc0e134130bb.jpg,rain_moderate
train,Pedestrian_crossing_83_jpg.rf.4be38bf11afb6eb51bec35e8603dbc72.jpg,clean
train,Pedestrian_crossing_84_jpg.rf.ec302da43904d0ca2c38afeb73537a23.jpg,clean
train,Pedestrian_crossing_86_jpg.rf.e593b2c60bca1ed92cc261fa4d76f9fc.jpg,small_distance_0.68|rain_mild
train,Pedestrian_crossing_87_jpg.rf.da0713ec55527f23601e10e979161859.jpg,small_distance_0.59
train,Pedestrian_crossing_88_jpg.rf.5197bca26c86431c2abde87abb821263.jpg,glare_severe
train,Pedestrian_crossing_89_jpg.rf.7f51d240d6cc5089cf3a861139e8e2ec.jpg,occlusion_moderate
train,Pedestrian_crossing_91_jpg.rf.110d72fe2932b5141cc60fb0cc5de7d3.jpg,small_distance_0.83
train,Pedestrian_crossing_92_jpg.rf.86a31b6c2912bc6832079b4040d1cffd.jpg,low_light_severe
train,Pedestrian_crossing_93_jpg.rf.2cdba74a5475f9fe7fe8fa3da4eb362f.jpg,rain_moderate
train,Pedestrian_crossing_94_jpg.rf.a4f4bdfa7370b3971e7006c0832bff41.jpg,small_distance_0.76|occlusion_severe
train,Pedestrian_crossing_97_jpg.rf.9423813aa4aa83204188973670d28883.jpg,small_distance_0.58|rain_mild
train,Pedestrian_entry_to_rail_station_0_jpg.rf.6d833423d6034ddcbbecc19c63272772.jpg,rain_mild
train,Pedestrian_entry_to_rail_station_12_jpg.rf.a38522fc53a4c157c2079209e04c28c0.jpg,small_distance_0.65
train,Pedestrian_entry_to_rail_station_13_jpg.rf.3895b91cecc5d0e2dc2e7a4af8ef2f47.jpg,clean
train,Pedestrian_entry_to_rail_station_14_jpg.rf.31c3edbf15ba576d8dec88542e3b842e.jpg,small_distance_0.59
train,Pedestrian_entry_to_rail_station_15_jpg.rf.cadc9cbbdd9e24fde5b1e6c84f67f034.jpg,clean
train,Pedestrian_entry_to_rail_station_16_jpg.rf.786ca72de8cf7e18c5d60d3b33618a8f.jpg,small_distance_0.80|rain_mild
train,Pedestrian_entry_to_rail_station_17_jpg.rf.008e92f1a55b901b666aa04404031628.jpg,glare_severe
train,Pedestrian_entry_to_rail_station_18_jpg.rf.8f90bdb35ee4bb2c014e0aaa2b30accd.jpg,small_distance_0.84|occlusion_mild
train,Pedestrian_entry_to_rail_station_20_jpg.rf.a6f4f76516c2bbe7516305249e0c4337.jpg,low_light_mild
train,Pedestrian_entry_to_rail_station_21_jpg.rf.21bd5a9daea2c758b75961b3e69f61ac.jpg,small_distance_0.66|blur_mild
train,Pedestrian_entry_to_rail_station_22_jpg.rf.abeedc3f800d2ba585cd261048b4ef58.jpg,clean
train,Pedestrian_entry_to_rail_station_25_jpg.rf.4f941cdecc2db48232a86078c99ceb53.jpg,small_distance_0.60|occlusion_severe
train,Pedestrian_entry_to_rail_station_26_jpg.rf.393a4a51ec55fb1712b339b4fbbee329.jpg,glare_severe
train,Pedestrian_entry_to_rail_station_28_jpg.rf.3718bd8bb52f76e23d190031c0396da2.jpg,small_distance_0.78|fog_mild
train,Pedestrian_entry_to_rail_station_29_jpg.rf.5be50fb22bf8c4595c08a900c7293b4e.jpg,small_distance_0.81|rain_severe
train,Pedestrian_entry_to_rail_station_30_jpg.rf.40d3dfdda3ba492e080835a4d56c6d98.jpg,small_distance_0.67|glare_severe
train,Pedestrian_entry_to_rail_station_31_jpg.rf.354b5e35591071bcea3853f6120b541c.jpg,low_light_severe
train,Pedestrian_entry_to_rail_station_32_jpg.rf.0b13d26813ee52468da12877b1402ffe.jpg,small_distance_0.62
train,Pedestrian_entry_to_rail_station_33_jpg.rf.6fc7b96237252f7618158a345fb2cd35.jpg,small_distance_0.58|rain_severe
train,Pedestrian_entry_to_rail_station_35_jpg.rf.f00508131820770978069e3654f5fdce.jpg,small_distance_0.74|rain_severe
train,Pedestrian_entry_to_rail_station_36_jpg.rf.956394aafa3591a8e6ef10e74af369c4.jpg,blur_severe
train,Pedestrian_entry_to_rail_station_37_jpg.rf.814680b67ac37f74ddd787ae5026f4e2.jpg,occlusion_moderate
train,Pedestrian_entry_to_rail_station_39_jpg.rf.3a5742586884e70b54fe6e8f20747f93.jpg,fog_severe
train,Pedestrian_entry_to_rail_station_3_jpg.rf.0b8e74d1a2e4a9cbc60f7a601be84dc9.jpg,blur_mild
train,Pedestrian_entry_to_rail_station_4_jpg.rf.6b76afb2405f63d9d7950aae0820028c.jpg,clean
train,Pedestrian_entry_to_rail_station_6_jpg.rf.dfc33829425fa2aa1be661fa8418aff0.jpg,small_distance_0.62|blur_mild
train,Pedestrian_entry_to_rail_station_7_jpg.rf.0e719f6d582653b6b6d50084b3fe138e.jpg,small_distance_0.55
train,Pedestrian_entry_to_rail_station_8_jpg.rf.c4231a6f2c239b45263b2c3128a8ab0a.jpg,small_distance_0.61
train,Pedestrian_entry_to_rail_station_9_jpg.rf.62236651b251fcbbb33d4678ba518fee.jpg,small_distance_0.58|blur_severe
train,Pedestrian_forbidden_0_jpg.rf.635f1cdc3795bdf47d037bf177107198.jpg,blur_moderate
train,Pedestrian_forbidden_10_jpg.rf.73e4c1f5ec5fca28b313fdc41c93e6d7.jpg,small_distance_0.64
train,Pedestrian_forbidden_11_jpg.rf.529592e42d38ef2342e4b6f5b258d975.jpg,clean
train,Pedestrian_forbidden_12_jpg.rf.5b2951ec1c533ac32b0861cb4cd1260e.jpg,glare_severe
train,Pedestrian_forbidden_13_jpg.rf.1e4345ed51e750c4a3d21ecf94eddb2d.jpg,occlusion_mild
train,Pedestrian_forbidden_14_jpg.rf.c7a3efdee961640575724d09101f738a.jpg,small_distance_0.82|low_light_mild
train,Pedestrian_forbidden_15_jpg.rf.6bfbf9eeb6b566a6c495017559f49b23.jpg,small_distance_0.79|blur_moderate
train,Pedestrian_forbidden_16_jpg.rf.1b75131b3062ea0d20b56db3daf0e691.jpg,small_distance_0.75|occlusion_mild
train,Pedestrian_forbidden_18_jpg.rf.6f7a8314016406460d6058fcbe480cab.jpg,rain_severe
train,Pedestrian_forbidden_1_jpg.rf.7a97bac03c8e26fbc0d7ced05b79430e.jpg,clean
train,Pedestrian_forbidden_20_jpg.rf.467ce59cfd2c9bdd1278c277a276f489.jpg,small_distance_0.84|occlusion_severe
train,Pedestrian_forbidden_21_jpg.rf.f08b7e6d6566839c56b7383a3735026b.jpg,clean
train,Pedestrian_forbidden_23_jpg.rf.d401e2af564aaa993cecac168eaf3a6a.jpg,small_distance_0.79|fog_severe
train,Pedestrian_forbidden_25_jpg.rf.38002f0e2e716f73671370d27e4460ef.jpg,occlusion_severe
train,Pedestrian_forbidden_27_jpg.rf.a2e5895358616b2b1855b81019aa5941.jpg,low_light_severe
train,Pedestrian_forbidden_28_jpg.rf.12aa803e14762a5c79de2cbb02cdf00b.jpg,small_distance_0.60|glare_mild
train,Pedestrian_forbidden_29_jpg.rf.d3408cc02c2442a8c03f434fb38d74ea.jpg,fog_severe
train,Pedestrian_forbidden_2_jpg.rf.57612b920c5d525536e40c4b6c6a9646.jpg,clean
train,Pedestrian_forbidden_30_jpg.rf.b822a5c57c1dec65a39781f61cf4207e.jpg,glare_moderate
train,Pedestrian_forbidden_31_jpg.rf.4aa6feb2acaa250058e21804e99e1623.jpg,small_distance_0.64|low_light_moderate
train,Pedestrian_forbidden_32_jpg.rf.e2e39214905b47356402f0b50cd6b000.jpg,occlusion_moderate
train,Pedestrian_forbidden_33_jpg.rf.2b0ea20af65ba57bcb626706e27e6620.jpg,small_distance_0.69|glare_severe
train,Pedestrian_forbidden_35_jpg.rf.bbb29e527c543a7c1c2832c551411e2e.jpg,clean
train,Pedestrian_forbidden_36_jpg.rf.3c2033c6184db0ad68b658fa01e72ff9.jpg,fog_moderate
train,Pedestrian_forbidden_37_jpg.rf.582cb863d0ca51acfcb85a0a0e601fde.jpg,clean
train,Pedestrian_forbidden_38_jpg.rf.3884cf6370a9a1d80d1dbffccb3706a3.jpg,fog_severe
train,Pedestrian_forbidden_39_jpg.rf.748d74bb400f9b4cbe95ddfd68faf2b0.jpg,clean
train,Pedestrian_forbidden_3_jpg.rf.c755671404adf57a11d0bebfd582206f.jpg,low_light_moderate
train,Pedestrian_forbidden_40_jpg.rf.7498065130386bdb115753ee810c99c6.jpg,small_distance_0.81|low_light_severe
train,Pedestrian_forbidden_41_jpg.rf.6b3d32c78f0d99fb0189be74c45cdfa4.jpg,small_distance_0.79|low_light_mild
train,Pedestrian_forbidden_42_jpg.rf.b076d38ec598e865602ae452b6761629.jpg,small_distance_0.58|low_light_moderate
train,Pedestrian_forbidden_43_jpg.rf.719492bf222c5a7594fea2fdfcf3abe0.jpg,glare_severe
train,Pedestrian_forbidden_44_jpg.rf.8313ee7ee4057dc65018930d498297c6.jpg,small_distance_0.69|glare_mild
train,Pedestrian_forbidden_45_jpg.rf.dac806d8bd4eba664823d2e2abda762d.jpg,small_distance_0.77
train,Pedestrian_forbidden_46_jpg.rf.fd6f53466523fed4d1237b2dec432d33.jpg,clean
train,Pedestrian_forbidden_47_jpg.rf.37ce11a93c993826be94175346063786.jpg,small_distance_0.65|low_light_moderate
train,Pedestrian_forbidden_48_jpg.rf.39f30420ebc1a588aaedcdc2d54b5b14.jpg,small_distance_0.77|glare_mild
train,Pedestrian_forbidden_49_jpg.rf.9aa9e40adee6d3b378563336cde49971.jpg,clean
train,Pedestrian_forbidden_50_jpg.rf.7ac6493f592b820f86272e1bb3e11b98.jpg,small_distance_0.61|low_light_moderate
train,Pedestrian_forbidden_52_jpg.rf.464ce23a151ca1755e6fa95984741b19.jpg,small_distance_0.79
train,Pedestrian_forbidden_54_jpg.rf.1481962b41d8aa9e5cea8fe424217357.jpg,rain_mild
train,Pedestrian_forbidden_55_jpg.rf.8b6c57911d45b16c3cee9b844d683b58.jpg,fog_moderate
train,Pedestrian_forbidden_56_jpg.rf.92e12de69fb8e1aaa149de2998b7260b.jpg,blur_moderate
train,Pedestrian_forbidden_57_jpg.rf.f378e3a5bd10ac3c62c194405a70ddc5.jpg,occlusion_moderate
train,Pedestrian_forbidden_59_jpg.rf.0375490fa19cd8b7147a7b0b9c938632.jpg,occlusion_moderate
train,Pedestrian_forbidden_5_jpg.rf.1c93e643472b1b753dccffaeee27d87b.jpg,small_distance_0.57
train,Pedestrian_forbidden_60_jpg.rf.d9bcae8d66be937a84f5ebea2b40e2cc.jpg,clean
train,Pedestrian_forbidden_62_jpg.rf.368da9767097ce0952051815f15d22ab.jpg,small_distance_0.61
train,Pedestrian_forbidden_63_jpg.rf.4e328db5a06fa86907c77d643d4b0c90.jpg,rain_severe
train,Pedestrian_forbidden_64_jpg.rf.55be4437d4919bc70830fe5593fc552e.jpg,clean
train,Pedestrian_forbidden_65_jpg.rf.54b1d9869638a9c3574753711a8dfa85.jpg,clean
train,Pedestrian_forbidden_66_jpg.rf.48ce0c5d241049f4acc4b299e353b00f.jpg,clean
train,Pedestrian_forbidden_70_jpg.rf.7379422f85b8941ed0d67d42bcf3fbf6.jpg,small_distance_0.77|rain_moderate
train,Pedestrian_forbidden_72_jpg.rf.c6c614a008c437178e1868dfa6ecf169.jpg,clean
train,Pedestrian_forbidden_73_jpg.rf.d9d37894b0d137eb8ebbafafbc046c8e.jpg,clean
train,Pedestrian_forbidden_75_jpg.rf.8fdfb74812a1663a29872882c876cc82.jpg,glare_mild
train,Pedestrian_forbidden_77_jpg.rf.c6dc7e845ab91ddc7fffc5de30f1c205.jpg,occlusion_moderate
train,Pedestrian_forbidden_7_jpg.rf.8df6b06b161e41f74c3fc60e56e22262.jpg,small_distance_0.77
train,Pedestrian_forbidden_8_jpg.rf.89a37c0a6ef32d661a3e8e7f9dc6ceba.jpg,clean
train,Pedestrian_forbidden_9_jpg.rf.cc7057d33c8ff11683ab021273c6eabd.jpg,low_light_mild
train,Petrol_pump_1km_ahead_0_jpg.rf.8e91e2ce075a2fc83b950b1cd2c351ab.jpg,small_distance_0.77|occlusion_severe
train,Petrol_pump_1km_ahead_100_jpg.rf.1cc3ee4e91911e6a19fcb0d8f034da63.jpg,rain_moderate
train,Petrol_pump_1km_ahead_101_jpg.rf.ba22177ecf168b0e6a49c804464d4896.jpg,small_distance_0.61|blur_moderate
train,Petrol_pump_1km_ahead_102_jpg.rf.1b8bd03a6bcd421cbc3e2de1a056f46f.jpg,fog_severe
train,Petrol_pump_1km_ahead_103_jpg.rf.d310b20504a4a1ba19801ba552948296.jpg,glare_severe
train,Petrol_pump_1km_ahead_104_jpg.rf.2e691d48c2b388075e1052af6c574ed8.jpg,fog_moderate
train,Petrol_pump_1km_ahead_105_jpg.rf.28fc7661e30e5b4471d11983e186b19f.jpg,fog_mild
train,Petrol_pump_1km_ahead_109_jpg.rf.e3653c6dfe3655b5e17d320c7149d044.jpg,fog_mild
train,Petrol_pump_1km_ahead_110_jpg.rf.c24ef0c75dc1bd57532c5fccb5abd0b0.jpg,glare_moderate
train,Petrol_pump_1km_ahead_111_jpg.rf.29b7f0e36f1337457384152712c3a21b.jpg,small_distance_0.75|occlusion_moderate
train,Petrol_pump_1km_ahead_112_jpg.rf.36afebda2f10c2b65cacb46a61ce49d2.jpg,clean
train,Petrol_pump_1km_ahead_114_jpg.rf.bd36b64d37e7e1bad9aa251815f14830.jpg,blur_mild
train,Petrol_pump_1km_ahead_115_jpg.rf.dfaee791fd4bc7dd24a80d81ff668bee.jpg,small_distance_0.55
train,Petrol_pump_1km_ahead_116_jpg.rf.5f2a5c7c1cbe4717bff67cd21f86b6a2.jpg,small_distance_0.77|low_light_mild
train,Petrol_pump_1km_ahead_117_jpg.rf.5fb7f1357476b9b5108981e0fd576cc1.jpg,blur_severe
train,Petrol_pump_1km_ahead_118_jpg.rf.e3971aafd9f60c5cccafba1be182b9af.jpg,small_distance_0.68|glare_severe
train,Petrol_pump_1km_ahead_120_jpg.rf.b56b621cae3a2f250a7383727930a555.jpg,glare_mild
train,Petrol_pump_1km_ahead_122_jpg.rf.7f5a48c76126f7b54ba19e624ff701c7.jpg,clean
train,Petrol_pump_1km_ahead_124_jpg.rf.f47e9f93dde188fec6801e9dd2e9f229.jpg,clean
train,Petrol_pump_1km_ahead_128_jpg.rf.113d2a484d8ff03c03eeefa8cddb6025.jpg,clean
train,Petrol_pump_1km_ahead_12_jpg.rf.62d31ceb22087b3f52026a9f0ba74ff4.jpg,clean
train,Petrol_pump_1km_ahead_131_jpg.rf.4012530c4fe7049bf9699dd35bd04392.jpg,fog_severe
train,Petrol_pump_1km_ahead_132_jpg.rf.f7fe677baecf182d93cd47902ae0807b.jpg,small_distance_0.80
train,Petrol_pump_1km_ahead_13_jpg.rf.75beb1b02b3de67df0435505c6a45812.jpg,glare_mild
train,Petrol_pump_1km_ahead_15_jpg.rf.867bbac245a5578abda881f84dc279e0.jpg,small_distance_0.60|low_light_severe
train,Petrol_pump_1km_ahead_16_jpg.rf.8fd0ad82b63fed18853fca4e81b3eca1.jpg,low_light_moderate
train,Petrol_pump_1km_ahead_17_jpg.rf.a0d6066c12e0679d227292721468579d.jpg,small_distance_0.84|occlusion_moderate
train,Petrol_pump_1km_ahead_18_jpg.rf.4418bd136ee8b6051797df6dfd0021a6.jpg,clean
train,Petrol_pump_1km_ahead_19_jpg.rf.dc916b70dc9c77f85c57eb338a949b49.jpg,occlusion_moderate
train,Petrol_pump_1km_ahead_1_jpg.rf.1f3ad2dabc12c17edf1c1bb35f35a95f.jpg,fog_severe
train,Petrol_pump_1km_ahead_20_jpg.rf.e9703cc5ebeb4dba565537d77073200f.jpg,small_distance_0.62|rain_severe
train,Petrol_pump_1km_ahead_21_jpg.rf.f22cf5b99b82dd55da75bae8f96cfade.jpg,small_distance_0.72|occlusion_moderate
train,Petrol_pump_1km_ahead_22_jpg.rf.5bc351a407e12be74a570b17d7c92469.jpg,fog_mild
train,Petrol_pump_1km_ahead_23_jpg.rf.b377024f30c18e0fb4169a3901e9db6f.jpg,small_distance_0.56|low_light_mild
train,Petrol_pump_1km_ahead_24_jpg.rf.37a41ab237731edcb309bced20e1726e.jpg,small_distance_0.76
train,Petrol_pump_1km_ahead_25_jpg.rf.5613d3246c745b89d669e36a90079580.jpg,small_distance_0.66|rain_moderate
train,Petrol_pump_1km_ahead_26_jpg.rf.de32d0e4c40c0d0ae9c94f6effaa2dee.jpg,clean
train,Petrol_pump_1km_ahead_27_jpg.rf.13b8a85461be44634a8eb1e60eee9ab9.jpg,small_distance_0.75|rain_severe
train,Petrol_pump_1km_ahead_28_jpg.rf.32cc3bd21b12f0696a4fc4f2c9fcd1e7.jpg,glare_moderate
train,Petrol_pump_1km_ahead_29_jpg.rf.1993eb7c141f743ded387dd06daea7d3.jpg,rain_severe
train,Petrol_pump_1km_ahead_2_jpg.rf.1659673dab069184747579ce3ac59901.jpg,small_distance_0.85
train,Petrol_pump_1km_ahead_31_jpg.rf.38aba49e39b86854bc2f86a08e067f44.jpg,small_distance_0.83|rain_moderate
train,Petrol_pump_1km_ahead_32_jpg.rf.6c04e95102dc5faa70559e43eee3f2cb.jpg,small_distance_0.60|fog_mild
train,Petrol_pump_1km_ahead_33_jpg.rf.c564761126158971bb04f50b8ac46c8b.jpg,blur_moderate
train,Petrol_pump_1km_ahead_34_jpg.rf.c8f70f7ea841443e9960f1213ecd51c6.jpg,small_distance_0.84|occlusion_moderate
train,Petrol_pump_1km_ahead_36_jpg.rf.94ee83386aae75badc446c35c9ab8ef0.jpg,glare_mild
train,Petrol_pump_1km_ahead_37_jpg.rf.1cfbb077fd47eddf0077271b8d7c3048.jpg,small_distance_0.55|low_light_severe
train,Petrol_pump_1km_ahead_38_jpg.rf.d459a82ca4ac587773cfbcd168e0aeb5.jpg,fog_moderate
train,Petrol_pump_1km_ahead_39_jpg.rf.d1c1ed15c4ca64553a2514493d3ceabf.jpg,low_light_mild
train,Petrol_pump_1km_ahead_3_jpg.rf.d1ce983a60a0d99b17578132bada85aa.jpg,small_distance_0.77
train,Petrol_pump_1km_ahead_40_jpg.rf.c5bbd0c2e268f9de60026bb056478182.jpg,small_distance_0.56|low_light_mild
train,Petrol_pump_1km_ahead_41_jpg.rf.5d9dfe268d3da396f679c3b5e2b96da1.jpg,small_distance_0.66
train,Petrol_pump_1km_ahead_42_jpg.rf.d9778999314d7015b2f32ac7b4577ace.jpg,small_distance_0.59|occlusion_mild
train,Petrol_pump_1km_ahead_44_jpg.rf.134a11ef87eb67b06336e7244d10a807.jpg,small_distance_0.69
train,Petrol_pump_1km_ahead_45_jpg.rf.c3419d5dcf934308046fecadd7098992.jpg,small_distance_0.72|occlusion_moderate
train,Petrol_pump_1km_ahead_49_jpg.rf.be820e2338215efce1f2754c1be06f45.jpg,clean
train,Petrol_pump_1km_ahead_4_jpg.rf.060e2984a9749c96520d72971b7ee64b.jpg,rain_severe
train,Petrol_pump_1km_ahead_50_jpg.rf.dfde1b850472e5424e3941fe39b26317.jpg,glare_mild
train,Petrol_pump_1km_ahead_52_jpg.rf.a56b839f60814833e1ba718fcdd6636b.jpg,clean
train,Petrol_pump_1km_ahead_54_jpg.rf.94008e65ccc9ab638e900642a301ac65.jpg,small_distance_0.79
train,Petrol_pump_1km_ahead_55_jpg.rf.b792c8239a202bb8610fe56385b9ad47.jpg,clean
train,Petrol_pump_1km_ahead_58_jpg.rf.dca440690e54eee5004d1690f3545c5d.jpg,fog_severe
train,Petrol_pump_1km_ahead_59_jpg.rf.340f5ccead9e6b539e337aab7d4d7f2a.jpg,small_distance_0.66|fog_moderate
train,Petrol_pump_1km_ahead_5_jpg.rf.42b7e421d498326c73bc742eb90a7867.jpg,clean
train,Petrol_pump_1km_ahead_60_jpg.rf.9880e1b37dcd9f60432d7b906f03e7c5.jpg,clean
train,Petrol_pump_1km_ahead_61_jpg.rf.168458ce9fa118d2aa0bad62846f4054.jpg,glare_moderate
train,Petrol_pump_1km_ahead_63_jpg.rf.1eb70f8a12ccf754f8795fd4adbbc880.jpg,clean
train,Petrol_pump_1km_ahead_65_jpg.rf.365c7ad372eadf74b8dfc8c2f3730cfb.jpg,glare_mild
train,Petrol_pump_1km_ahead_66_jpg.rf.29d61a6d68d0cde19907e3b7e51bdfa6.jpg,small_distance_0.79|rain_moderate
train,Petrol_pump_1km_ahead_67_jpg.rf.e65e3d9c700669e1c71c62ce713b87f2.jpg,small_distance_0.61|rain_moderate
train,Petrol_pump_1km_ahead_69_jpg.rf.3987f9dd5d1416f89824479bbc6906ae.jpg,small_distance_0.65|fog_mild
train,Petrol_pump_1km_ahead_70_jpg.rf.2eda2cf991976a1b3316961d14f6203c.jpg,clean
train,Petrol_pump_1km_ahead_72_jpg.rf.fb1ce02b477852a1e99d4d9e0ac9b154.jpg,glare_moderate
train,Petrol_pump_1km_ahead_75_jpg.rf.40d5eb053f4ddfff9c111db6739178af.jpg,blur_severe
train,Petrol_pump_1km_ahead_77_jpg.rf.90767c5ac4b56248ed8f2dd11174f92a.jpg,small_distance_0.73
train,Petrol_pump_1km_ahead_78_jpg.rf.6f64d5b647a07bf563eeffbde6f62596.jpg,occlusion_moderate
train,Petrol_pump_1km_ahead_79_jpg.rf.86f044bc97c5b56d027c7f69cf6f05f1.jpg,fog_mild
train,Petrol_pump_1km_ahead_80_jpg.rf.04c5dfcddc2e9fe58535f928ea2a8964.jpg,small_distance_0.79|fog_moderate
train,Petrol_pump_1km_ahead_81_jpg.rf.79b2eae32231051b4b9aaf5e42974ba7.jpg,small_distance_0.69|low_light_moderate
train,Petrol_pump_1km_ahead_83_jpg.rf.b3a7b0425187a923d0f0b64f064deb1f.jpg,small_distance_0.56|low_light_mild
train,Petrol_pump_1km_ahead_84_jpg.rf.d14f97ddea2b86eae0b5f365b1b8649c.jpg,glare_mild
train,Petrol_pump_1km_ahead_85_jpg.rf.b3adffce599e21b15b35f92319549fc8.jpg,clean
train,Petrol_pump_1km_ahead_88_jpg.rf.f175c1ecb5b4414ed2712b69c96969c2.jpg,small_distance_0.74|blur_moderate
train,Petrol_pump_1km_ahead_89_jpg.rf.b25a6a0dc3d52841c845c56e61ff89b8.jpg,fog_moderate
train,Petrol_pump_1km_ahead_92_jpg.rf.7fc8297923b5184f3f4ab3c45c676595.jpg,small_distance_0.78|blur_moderate
train,Petrol_pump_1km_ahead_93_jpg.rf.55cacbfa406f024f5837f671e2d846b8.jpg,small_distance_0.85|occlusion_mild
train,Petrol_pump_1km_ahead_95_jpg.rf.269b981ca4e88eee1a273316fc48ee9f.jpg,clean
train,Petrol_pump_1km_ahead_98_jpg.rf.66e9df98d961a3172386d914cd4d4843.jpg,small_distance_0.62
train,Petrol_pump_1km_ahead_99_jpg.rf.6faadd7fb3dd0d3cddb4f0d3dc10b897.jpg,small_distance_0.85
train,Petrol_pump_1km_ahead_9_jpg.rf.f0e0dcbbb623080b1e9cd5ef227f77be.jpg,blur_mild
train,Petrol_pump_2-2km_ahead_0_jpg.rf.775ac4ec6eb734457aaeafb89c243133.jpg,clean
train,Petrol_pump_2-2km_ahead_10_jpg.rf.f904473db5795b5f5ecad387be7ca760.jpg,blur_severe
train,Petrol_pump_2-2km_ahead_12_jpg.rf.7326b16035bdc14cfef5c14539c22405.jpg,blur_mild
train,Petrol_pump_2-2km_ahead_13_jpg.rf.3eb674524f10a3897caeb335f7d5bd80.jpg,small_distance_0.64|occlusion_severe
train,Petrol_pump_2-2km_ahead_16_jpg.rf.9217850d503bc87b2c27dda466e5ecb3.jpg,occlusion_mild
train,Petrol_pump_2-2km_ahead_17_jpg.rf.274c5527fca704c52d183bce0b392e3c.jpg,blur_mild
train,Petrol_pump_2-2km_ahead_20_jpg.rf.df5e1dfd3668e03870d4421e8415f75d.jpg,small_distance_0.59|glare_severe
train,Petrol_pump_2-2km_ahead_22_jpg.rf.52ac32c46ac91d049e2d5bf37e357ccb.jpg,low_light_mild
train,Petrol_pump_2-2km_ahead_23_jpg.rf.dffe91c4e27817691df8a64d17d2732e.jpg,fog_moderate
train,Petrol_pump_2-2km_ahead_24_jpg.rf.204843993523e3aa5790d2118858f9ae.jpg,blur_moderate
train,Petrol_pump_2-2km_ahead_25_jpg.rf.71f3f4b4d3329d37f84ffb329133ac96.jpg,fog_severe
train,Petrol_pump_2-2km_ahead_27_jpg.rf.700ac283040de7dc4e952ddb7b9ac9cb.jpg,occlusion_severe
train,Petrol_pump_2-2km_ahead_28_jpg.rf.91e5984f3f0378b2db1e4b7af78e56bc.jpg,blur_moderate
train,Petrol_pump_2-2km_ahead_29_jpg.rf.4597cca6f09065c7021eceffe0a33bdc.jpg,small_distance_0.55|glare_mild
train,Petrol_pump_2-2km_ahead_2_jpg.rf.41ba2aa14c4823ae890c85c4a9b270c4.jpg,low_light_severe
train,Petrol_pump_2-2km_ahead_30_jpg.rf.c2033a91855760a255f13d044354f8d6.jpg,fog_severe
train,Petrol_pump_2-2km_ahead_31_jpg.rf.c58a158f49d457158c30ebae3a952c9d.jpg,low_light_mild
train,Petrol_pump_2-2km_ahead_32_jpg.rf.20b97eb3de9ddcdd017e6955e530e0cd.jpg,fog_moderate
train,Petrol_pump_2-2km_ahead_33_jpg.rf.c1e504b2d855cbcfe97aac9d0a444277.jpg,clean
train,Petrol_pump_2-2km_ahead_34_jpg.rf.e1fdfcf155ff53ccb8b2a8fc8a8ce4d9.jpg,clean
train,Petrol_pump_2-2km_ahead_35_jpg.rf.2c7416198059461011cc37a53ba65b02.jpg,small_distance_0.63|fog_severe
train,Petrol_pump_2-2km_ahead_36_jpg.rf.05b7bc0aeb72b794dd085373952c9c86.jpg,blur_severe
train,Petrol_pump_2-2km_ahead_37_jpg.rf.5c7e7feb1b23c01650b0b3fd1d48b2ab.jpg,small_distance_0.55|fog_mild
train,Petrol_pump_2-2km_ahead_38_jpg.rf.84fd9453c55e1774394cdda42a37648a.jpg,fog_moderate
train,Petrol_pump_2-2km_ahead_3_jpg.rf.a17396b37e1baab69a4811bf055ab8bd.jpg,small_distance_0.72|rain_mild
train,Petrol_pump_2-2km_ahead_40_jpg.rf.fbed6319c83acd47d72d39585607c215.jpg,fog_mild
train,Petrol_pump_2-2km_ahead_41_jpg.rf.3db1a9b087af86f00a910fec1f6e62f4.jpg,blur_severe
train,Petrol_pump_2-2km_ahead_42_jpg.rf.213ec5a5c417c4ec15a75db59cb64532.jpg,clean
train,Petrol_pump_2-2km_ahead_43_jpg.rf.9a0f28985c48dae2daf36503e73e3dd4.jpg,small_distance_0.61|fog_severe
train,Petrol_pump_2-2km_ahead_45_jpg.rf.a249d1cc1c0a757664b421fe2d4930e2.jpg,blur_severe
train,Petrol_pump_2-2km_ahead_49_jpg.rf.9e4ad41f857081656c6d6bd1697aa3b5.jpg,small_distance_0.62|blur_mild
train,Petrol_pump_2-2km_ahead_50_jpg.rf.8b768aca3d9b58e46675611b0eeec649.jpg,rain_mild
train,Petrol_pump_2-2km_ahead_51_jpg.rf.27522217d513da5a2b5cabd0616017e6.jpg,low_light_severe
train,Petrol_pump_2-2km_ahead_52_jpg.rf.7a0b8368a3f521f0cec01b96dd594933.jpg,blur_mild
train,Petrol_pump_2-2km_ahead_53_jpg.rf.b0a3b7b4b1e30cff73a564aa9a6c1da4.jpg,clean
train,Petrol_pump_2-2km_ahead_54_jpg.rf.f78664727326e22aa759fc021f60178e.jpg,small_distance_0.61
train,Petrol_pump_2-2km_ahead_55_jpg.rf.234cb067f3608bac6ac59780eab9733c.jpg,small_distance_0.64|occlusion_mild
train,Petrol_pump_2-2km_ahead_56_jpg.rf.8321eb4e43518b720441a371d7d951a0.jpg,small_distance_0.70|glare_severe
train,Petrol_pump_2-2km_ahead_57_jpg.rf.8e15bb4323d3eb1de75afda557badd0f.jpg,small_distance_0.82|fog_severe
train,Petrol_pump_2-2km_ahead_58_jpg.rf.8067254edc9c2040ce87f9b958bfc555.jpg,small_distance_0.61
train,Petrol_pump_2-2km_ahead_59_jpg.rf.bc8ca3644409ccb4b8f42e8a689a3bc6.jpg,small_distance_0.55|fog_mild
train,Petrol_pump_2-2km_ahead_5_jpg.rf.24b75391abb288ba9987571cab8e7a8e.jpg,small_distance_0.63|occlusion_mild
train,Petrol_pump_2-2km_ahead_60_jpg.rf.cec7eaf86a2ec0ebc7344c7c93eacd6b.jpg,clean
train,Petrol_pump_2-2km_ahead_61_jpg.rf.081cabbc6bcf5448847fd8281caf3e97.jpg,rain_moderate
train,Petrol_pump_2-2km_ahead_62_jpg.rf.9210b8d968dcfe1f9ad506dd6f991ce0.jpg,small_distance_0.80|fog_mild
train,Petrol_pump_2-2km_ahead_63_jpg.rf.d758acd64b0da611466fcba14d7084b9.jpg,rain_mild
train,Petrol_pump_2-2km_ahead_64_jpg.rf.19cbd12157a7d6e7783ccd072ea46004.jpg,small_distance_0.79|glare_severe
train,Petrol_pump_2-2km_ahead_65_jpg.rf.359468930acfa98a3661e475729a9abb.jpg,occlusion_moderate
train,Petrol_pump_2-2km_ahead_66_jpg.rf.8282e3fb0346e840431839d27a28ea8b.jpg,small_distance_0.69
train,Petrol_pump_2-2km_ahead_67_jpg.rf.ca95258f65c678177ef76cb8cd3bf709.jpg,small_distance_0.65|occlusion_severe
train,Petrol_pump_2-2km_ahead_68_jpg.rf.fd8b0ce866f66a4ecb1a9375ee55eef5.jpg,low_light_severe
train,Petrol_pump_2-2km_ahead_69_jpg.rf.66535e418804e9c544d0cd56ee510a5f.jpg,glare_mild
train,Petrol_pump_2-2km_ahead_6_jpg.rf.35b06b032b864ef7880bd7cfdd604fcb.jpg,glare_mild
train,Petrol_pump_2-2km_ahead_70_jpg.rf.1fb3bc6ded87322bf2aeee230d0ffd48.jpg,small_distance_0.77
train,Petrol_pump_2-2km_ahead_71_jpg.rf.e1ad5545e6e10866b1c17538a594097d.jpg,rain_moderate
train,Petrol_pump_2-2km_ahead_7_jpg.rf.a4de488c61f2bc35c4168fcef2f69e2f.jpg,clean
train,Petrol_pump_2-2km_ahead_8_jpg.rf.813bf27b69d9baf7072991cc3a4c553d.jpg,glare_severe
train,Petrol_pump_2-2km_ahead_9_jpg.rf.b859e07f222364495ed75474d5b67539.jpg,small_distance_0.82|fog_moderate
train,Petrol_pump_2km_ahead_11_jpg.rf.78c832a20a50e0a9054179c2cfdb8aee.jpg,clean
train,Petrol_pump_2km_ahead_12_jpg.rf.0b1860a9e3ace0ae577f3d43853a727e.jpg,small_distance_0.61|occlusion_moderate
train,Petrol_pump_2km_ahead_13_jpg.rf.2f75fdc0a19e5c68c3dc6a0e385cdf9c.jpg,glare_severe
train,Petrol_pump_2km_ahead_16_jpg.rf.7b6b79b7275965a6a1b0e40410c6272b.jpg,clean
train,Petrol_pump_2km_ahead_18_jpg.rf.fdbbea1efa01d5d9eddf056834ed1e9d.jpg,small_distance_0.84|occlusion_mild
train,Petrol_pump_2km_ahead_19_jpg.rf.6650cf6e164eaf36fe4fa56cdc784a65.jpg,fog_severe
train,Petrol_pump_2km_ahead_1_jpg.rf.1555b000d607b068078081920fff3bea.jpg,glare_moderate
train,Petrol_pump_2km_ahead_20_jpg.rf.f086e27a62158841dac9a69f912d4eb3.jpg,small_distance_0.64|rain_moderate
train,Petrol_pump_2km_ahead_22_jpg.rf.1195f5d8aa9dc1440fdb52e2ddb3f8c5.jpg,glare_moderate
train,Petrol_pump_2km_ahead_23_jpg.rf.6f60a00ce749430d8aad9a75120a3161.jpg,small_distance_0.66
train,Petrol_pump_2km_ahead_25_jpg.rf.2db61de5b1aa40856fe84e17942b95b0.jpg,small_distance_0.59
train,Petrol_pump_2km_ahead_26_jpg.rf.ad2e91632453faa3f2dc2ec120d1e0bb.jpg,low_light_mild
train,Petrol_pump_2km_ahead_28_jpg.rf.d493ca204bb5b58331bf4fcc991c1cef.jpg,rain_severe
train,Petrol_pump_2km_ahead_29_jpg.rf.f3023f70888b2457c6203001529db58d.jpg,small_distance_0.73|rain_mild
train,Petrol_pump_2km_ahead_2_jpg.rf.f263d7ee0dcaf9604eee0110f03b5190.jpg,occlusion_severe
train,Petrol_pump_2km_ahead_30_jpg.rf.cb4f993a55d3f07561fedbae022a0ab7.jpg,blur_moderate
train,Petrol_pump_2km_ahead_31_jpg.rf.a851371e53901284377f70525674fe9d.jpg,rain_severe
train,Petrol_pump_2km_ahead_34_jpg.rf.44260a146aba41d0c565ff8b132b3f09.jpg,clean
train,Petrol_pump_2km_ahead_35_jpg.rf.7582f44e3985696180cae6bde11b4664.jpg,rain_moderate
train,Petrol_pump_2km_ahead_36_jpg.rf.81261afba952f17ae5d5e400acfdf238.jpg,small_distance_0.72|blur_moderate
train,Petrol_pump_2km_ahead_37_jpg.rf.be17c85ff91825ff23415a7304f31ade.jpg,low_light_mild
train,Petrol_pump_2km_ahead_39_jpg.rf.93024570b3bb281a5acfabbc10bb61e6.jpg,clean
train,Petrol_pump_2km_ahead_3_jpg.rf.666d04bd348400eb4506310c55474ee9.jpg,glare_severe
train,Petrol_pump_2km_ahead_40_jpg.rf.931549482eb628e16bf0f7bb094c4ce8.jpg,small_distance_0.83|glare_moderate
train,Petrol_pump_2km_ahead_42_jpg.rf.d8d7224afa4d105aa0023b7b7dd57258.jpg,glare_moderate
train,Petrol_pump_2km_ahead_44_jpg.rf.76f14a77fc16d34604c6338dfbb4d02d.jpg,small_distance_0.72
train,Petrol_pump_2km_ahead_45_jpg.rf.883894547e3bc8a320ee9d139f880bc3.jpg,clean
train,Petrol_pump_2km_ahead_46_jpg.rf.43da59f86fc50c44da282054bef699fb.jpg,rain_severe
train,Petrol_pump_2km_ahead_47_jpg.rf.2b294e1383ab43fb126f21d6e56c7339.jpg,low_light_severe
train,Petrol_pump_2km_ahead_48_jpg.rf.99d53e353317f80222a8a6f1b4f1c4ca.jpg,glare_mild
train,Petrol_pump_2km_ahead_50_jpg.rf.3b4c811ca3323decf2ffd51297d21f40.jpg,low_light_moderate
train,Petrol_pump_2km_ahead_52_jpg.rf.cbfb156619b9f3d8aa26ae3a4d9998b7.jpg,fog_severe
train,Petrol_pump_2km_ahead_53_jpg.rf.99c610f010d87b7da1a2401bff5c0894.jpg,small_distance_0.73
train,Petrol_pump_2km_ahead_56_jpg.rf.7d10a22901ebd00ce258df599bfa36e7.jpg,blur_mild
train,Petrol_pump_2km_ahead_57_jpg.rf.119c60c7a2751ce49332e993287686d0.jpg,occlusion_severe
train,Petrol_pump_2km_ahead_59_jpg.rf.598d750b0df4e8856b5d1dd6bf89e324.jpg,small_distance_0.61|occlusion_moderate
train,Petrol_pump_2km_ahead_5_jpg.rf.6f85ec7757fee0a0656bff73112b9bcd.jpg,small_distance_0.82|rain_moderate
train,Petrol_pump_2km_ahead_61_jpg.rf.71f20eb0ec80eec0f17cfa1f977625dd.jpg,blur_moderate
train,Petrol_pump_2km_ahead_63_jpg.rf.ba500c2085a9d72ee6d209564291ce1b.jpg,blur_mild
train,Petrol_pump_2km_ahead_64_jpg.rf.f7e9143ac823ce0f09b7c4f74e6c2eb6.jpg,small_distance_0.81|rain_mild
train,Petrol_pump_2km_ahead_65_jpg.rf.43e074f9641852419d568847c7a0c824.jpg,small_distance_0.56|glare_mild
train,Petrol_pump_2km_ahead_67_jpg.rf.5c6899dd14b29535b24ccba43c7323b9.jpg,glare_mild
train,Petrol_pump_2km_ahead_68_jpg.rf.21b26b8fb4fb1495ec95d57e39ae2bb9.jpg,clean
train,Petrol_pump_2km_ahead_69_jpg.rf.dd92ea72d827243334d377b52f8fd4b6.jpg,clean
train,Petrol_pump_2km_ahead_70_jpg.rf.8bc1bf37a1927f9d8557d275192a18fc.jpg,clean
train,Petrol_pump_2km_ahead_9_jpg.rf.384d81e525e7a314d9808fa9b06ff894.jpg,occlusion_mild
train,Petrol_pump_ahead_left_0_jpg.rf.bce0843a673e0cd7855e8aff6541a000.jpg,small_distance_0.80|rain_severe
train,Petrol_pump_ahead_left_101_jpg.rf.9964889e6106c1aa50aed040bf0ac589.jpg,glare_moderate
train,Petrol_pump_ahead_left_104_jpg.rf.7e9716c900706fc35f6d5504946b48e2.jpg,small_distance_0.75
train,Petrol_pump_ahead_left_105_jpg.rf.c223b2a69f89229a326afcb38fa8d96d.jpg,glare_moderate
train,Petrol_pump_ahead_left_106_jpg.rf.08e71d61c49fc0ad7ed211d663ac08cf.jpg,glare_moderate
train,Petrol_pump_ahead_left_108_jpg.rf.02f823ab0dae4979a97e35f2ea115227.jpg,small_distance_0.64|glare_mild
train,Petrol_pump_ahead_left_109_jpg.rf.b00497e0f7a38c2bd2c4f6dd4b54e774.jpg,occlusion_severe
train,Petrol_pump_ahead_left_10_jpg.rf.87e2c39b63d41c7d8dcc666a31f0047f.jpg,fog_mild
train,Petrol_pump_ahead_left_111_jpg.rf.c665d57d061e0b8a265c6b19d193385c.jpg,fog_mild
train,Petrol_pump_ahead_left_112_jpg.rf.4f8f856ed66889f93d78cdb69fa7b2a8.jpg,low_light_mild
train,Petrol_pump_ahead_left_113_jpg.rf.6d693da368a5ba3de47e30d68bed908c.jpg,small_distance_0.76|blur_mild
train,Petrol_pump_ahead_left_115_jpg.rf.3b309723a1c088e66cdc291d4ae56bdf.jpg,occlusion_severe
train,Petrol_pump_ahead_left_118_jpg.rf.51b5aba5066dced32cbd61d8a9508078.jpg,small_distance_0.76
train,Petrol_pump_ahead_left_119_jpg.rf.70f29d8cdcbe2d75d19b0736cf40adf6.jpg,small_distance_0.78|glare_mild
train,Petrol_pump_ahead_left_11_jpg.rf.aea6e3665e052d53d71a545e51fb6fda.jpg,glare_moderate
train,Petrol_pump_ahead_left_121_jpg.rf.5da092c61d6fae233d4f8f318d5830a6.jpg,occlusion_severe
train,Petrol_pump_ahead_left_122_jpg.rf.eea6893606880823b1493418b236a71f.jpg,rain_severe
train,Petrol_pump_ahead_left_123_jpg.rf.bb47fa7f3bcb5027222614e1ff6bed82.jpg,small_distance_0.84|low_light_moderate
train,Petrol_pump_ahead_left_125_jpg.rf.75e93de8fb49a1077b784557f9b85d35.jpg,small_distance_0.56|rain_mild
train,Petrol_pump_ahead_left_126_jpg.rf.84e5d151f067497aa5c5349d4ca048b1.jpg,occlusion_moderate
train,Petrol_pump_ahead_left_127_jpg.rf.3f69264f85531eb58bd05d5df13ae858.jpg,small_distance_0.62
train,Petrol_pump_ahead_left_129_jpg.rf.894b76f00e7ad148000dba07f30e412c.jpg,clean
train,Petrol_pump_ahead_left_12_jpg.rf.cf3f6630ad0cc140826b6126061fe8ed.jpg,small_distance_0.81|glare_moderate
train,Petrol_pump_ahead_left_130_jpg.rf.3e32826a77f5571fbbdec1f8eee05bd0.jpg,fog_mild
train,Petrol_pump_ahead_left_131_jpg.rf.1e844731c330a2e992cc71b78c611951.jpg,small_distance_0.77|fog_severe
train,Petrol_pump_ahead_left_133_jpg.rf.485920b9f44fe43b10a2dab80cd28faa.jpg,rain_moderate
train,Petrol_pump_ahead_left_135_jpg.rf.eda57ff4d93b74f92ee9f82f1541bb6a.jpg,small_distance_0.68|occlusion_severe
train,Petrol_pump_ahead_left_137_jpg.rf.484671a6c9145e6201f51c4ff2b751e1.jpg,glare_moderate
train,Petrol_pump_ahead_left_138_jpg.rf.19d7890adfa4575eb7fff033c9cd6490.jpg,occlusion_mild
train,Petrol_pump_ahead_left_139_jpg.rf.f82fedff1cffa097653135f6b8415959.jpg,rain_mild
train,Petrol_pump_ahead_left_13_jpg.rf.ac29925d15d8d0275dd577369be6ecdd.jpg,occlusion_mild
train,Petrol_pump_ahead_left_140_jpg.rf.8f7fa62b3b227130e8281feeab9743c4.jpg,small_distance_0.79
train,Petrol_pump_ahead_left_141_jpg.rf.19a18476aa0658690d743b1a90ef7eca.jpg,low_light_mild
train,Petrol_pump_ahead_left_142_jpg.rf.ecc407bc74223966305e8e9bb30e1bf4.jpg,small_distance_0.75
train,Petrol_pump_ahead_left_143_jpg.rf.23ecb7cb5838966135f229ea9a31121d.jpg,rain_mild
train,Petrol_pump_ahead_left_144_jpg.rf.7a9db22c1eb7d04baa29d9abf44da396.jpg,fog_moderate
train,Petrol_pump_ahead_left_145_jpg.rf.e272fb979b53682a610ab55734ed5664.jpg,rain_mild
train,Petrol_pump_ahead_left_146_jpg.rf.e0752f749f7f3555373a87380398a114.jpg,blur_severe
train,Petrol_pump_ahead_left_148_jpg.rf.eaa24a717c122bdeda01c695ea0aee50.jpg,small_distance_0.78|blur_moderate
train,Petrol_pump_ahead_left_149_jpg.rf.69d9451c569dde3ef5af6cb6e586af52.jpg,small_distance_0.73|rain_moderate
train,Petrol_pump_ahead_left_14_jpg.rf.803b8ff2661d7222f651203a4583e6ab.jpg,occlusion_moderate
train,Petrol_pump_ahead_left_151_jpg.rf.bd7dcffff3ad35aded709e8d5e3883ba.jpg,small_distance_0.81
train,Petrol_pump_ahead_left_153_jpg.rf.6f849fe700b83ff54243b204273091c5.jpg,small_distance_0.72
train,Petrol_pump_ahead_left_155_jpg.rf.1498935e075f0836e4f24fdd08ab972d.jpg,glare_severe
train,Petrol_pump_ahead_left_156_jpg.rf.b1ce9c21fb799212de35cf4066e5d830.jpg,small_distance_0.76|glare_moderate
train,Petrol_pump_ahead_left_159_jpg.rf.40781beea5dc5f5a05eb64b5a578a94c.jpg,glare_moderate
train,Petrol_pump_ahead_left_160_jpg.rf.28fcf6f45138e651931056df5aef7d50.jpg,small_distance_0.82|rain_severe
train,Petrol_pump_ahead_left_161_jpg.rf.9d723046dc363ad5bf73f68032bd2bdd.jpg,occlusion_mild
train,Petrol_pump_ahead_left_162_jpg.rf.a97f5a51cf12f23090e0664acc7bf441.jpg,small_distance_0.57
train,Petrol_pump_ahead_left_163_jpg.rf.9383ffdda98ec94ac68eeb4f73f454bf.jpg,blur_moderate
train,Petrol_pump_ahead_left_165_jpg.rf.835093321aa603277c1426d4fc669dcb.jpg,clean
train,Petrol_pump_ahead_left_168_jpg.rf.35028d0ee61449314c480b22c6143995.jpg,blur_severe
train,Petrol_pump_ahead_left_169_jpg.rf.beca763b366f04617815391532347375.jpg,occlusion_mild
train,Petrol_pump_ahead_left_16_jpg.rf.2dcddf50d70ebc98090a9e26bb618e84.jpg,small_distance_0.70|fog_moderate
train,Petrol_pump_ahead_left_170_jpg.rf.d94d4f07993576c9a995f66bb7e300e3.jpg,clean
train,Petrol_pump_ahead_left_172_jpg.rf.3279564394295719412e52ca5b534ba7.jpg,blur_mild
train,Petrol_pump_ahead_left_173_jpg.rf.3c29d3222c598faf64b2f4e50d2bf73f.jpg,clean
train,Petrol_pump_ahead_left_174_jpg.rf.7bd6a96318a90a6b71c1afb0aca4a4c9.jpg,clean
train,Petrol_pump_ahead_left_178_jpg.rf.94b0212d5a6a76f3b927d74faa4a9305.jpg,low_light_moderate
train,Petrol_pump_ahead_left_179_jpg.rf.a24e006ee12d0fb77c6cbc5b471349d3.jpg,small_distance_0.78|glare_severe
train,Petrol_pump_ahead_left_17_jpg.rf.8d9063c856b58a5c01190c3b750f0f38.jpg,glare_mild
train,Petrol_pump_ahead_left_180_jpg.rf.62291a335a38d802f8cbe93603261067.jpg,clean
train,Petrol_pump_ahead_left_181_jpg.rf.d2fe7035ea7574d5569ab556f951a6c6.jpg,glare_mild
train,Petrol_pump_ahead_left_182_jpg.rf.2d282702e43a41e8cec658ea89143633.jpg,small_distance_0.58|glare_severe
train,Petrol_pump_ahead_left_183_jpg.rf.b33705f6e41854acee5f73c6a118bbfd.jpg,clean
train,Petrol_pump_ahead_left_184_jpg.rf.8eb23b394e173faacc64221db0d4781d.jpg,blur_severe
train,Petrol_pump_ahead_left_186_jpg.rf.0e8f004a5bfe44486f0cbcc87d2ffbab.jpg,small_distance_0.57|glare_mild
train,Petrol_pump_ahead_left_187_jpg.rf.6a0f733410283119fcd6d7b3335b0e7f.jpg,small_distance_0.64|rain_moderate
train,Petrol_pump_ahead_left_188_jpg.rf.26122665bb789a5499357023466bfd3e.jpg,small_distance_0.67|occlusion_mild
train,Petrol_pump_ahead_left_189_jpg.rf.58d3fa3ba3caf99d308276643d10bfd8.jpg,small_distance_0.83|occlusion_severe
train,Petrol_pump_ahead_left_190_jpg.rf.ebe6ac63a57ae7ed66d0c14a3cd36ccb.jpg,clean
train,Petrol_pump_ahead_left_191_jpg.rf.e3dd47d6825851ceca8d2accd2b252d0.jpg,fog_moderate
train,Petrol_pump_ahead_left_192_jpg.rf.38c4db16a5178358259c61fa72582abe.jpg,occlusion_mild
train,Petrol_pump_ahead_left_19_jpg.rf.8e096952dd65c63fac22bbaad0403e76.jpg,occlusion_severe
train,Petrol_pump_ahead_left_20_jpg.rf.e96c6b7523984f80b5707907f9c2dbd9.jpg,glare_severe
train,Petrol_pump_ahead_left_21_jpg.rf.8d4337bf23b67be432b2359b38bec3b3.jpg,blur_mild
train,Petrol_pump_ahead_left_22_jpg.rf.9bedfcfb069d54ab6b90ee7ff9846b35.jpg,clean
train,Petrol_pump_ahead_left_23_jpg.rf.af638bcc8e329bcb645a56827eb947ac.jpg,low_light_mild
train,Petrol_pump_ahead_left_24_jpg.rf.111dcc864a8936ed5d5c6cb655549a79.jpg,small_distance_0.77
train,Petrol_pump_ahead_left_25_jpg.rf.6f8840c40b06829a83e1a13bdeaf4d83.jpg,small_distance_0.62|glare_mild
train,Petrol_pump_ahead_left_26_jpg.rf.be02dc9275486d253e0613c3d2a4a06b.jpg,small_distance_0.80|low_light_moderate
train,Petrol_pump_ahead_left_27_jpg.rf.af27af0803942747b1c6ed25d8afc1a6.jpg,small_distance_0.84|low_light_moderate
train,Petrol_pump_ahead_left_28_jpg.rf.07007d61b498b270a09192000447c39b.jpg,clean
train,Petrol_pump_ahead_left_30_jpg.rf.5e63d53d16b287d83825f9daf96b0d4a.jpg,rain_moderate
train,Petrol_pump_ahead_left_31_jpg.rf.6b81efcd21f89e7a66471740a544ae3b.jpg,small_distance_0.68|fog_mild
train,Petrol_pump_ahead_left_32_jpg.rf.082917e5d7da24d17d3282115465bf46.jpg,blur_severe
train,Petrol_pump_ahead_left_33_jpg.rf.28126976def11bc43fa6f0257941bd67.jpg,fog_severe
train,Petrol_pump_ahead_left_35_jpg.rf.c2150724f03a5f608c49ed60732300ab.jpg,small_distance_0.56|low_light_moderate
train,Petrol_pump_ahead_left_36_jpg.rf.fafa082df1f61605a57cd119ad2703a0.jpg,clean
train,Petrol_pump_ahead_left_37_jpg.rf.4e882cb33a8d1c2bea5d313e2fb4187f.jpg,clean
train,Petrol_pump_ahead_left_38_jpg.rf.d3f6a987567ae57718f1c4109d049cc0.jpg,occlusion_severe
train,Petrol_pump_ahead_left_39_jpg.rf.104176c69aba1fe7f65248961fb3c2cd.jpg,small_distance_0.85|glare_severe
train,Petrol_pump_ahead_left_3_jpg.rf.405494d7f3a67230c37f0df742bf1839.jpg,clean
train,Petrol_pump_ahead_left_41_jpg.rf.1d290f4439be7fa7ba2f422f47442f1a.jpg,small_distance_0.84|rain_mild
train,Petrol_pump_ahead_left_42_jpg.rf.89255e4eb35f1a2ecdf5ddd9c2d0dc38.jpg,occlusion_moderate
train,Petrol_pump_ahead_left_44_jpg.rf.b028ed55a499321fbdf799b0abab2121.jpg,small_distance_0.62|fog_severe
train,Petrol_pump_ahead_left_47_jpg.rf.204f22260b3f9e0462c4771d481bdc26.jpg,fog_moderate
train,Petrol_pump_ahead_left_48_jpg.rf.1a94a4f92b01e80f6e474a183a3e278e.jpg,clean
train,Petrol_pump_ahead_left_49_jpg.rf.2e2b8898bc613ff4030e23fa6e01818a.jpg,blur_moderate
train,Petrol_pump_ahead_left_4_jpg.rf.74eb041c4669982c00c9ccfeaf0387a9.jpg,fog_mild
train,Petrol_pump_ahead_left_50_jpg.rf.aa6655fa146ad57939bc812e0accd49a.jpg,blur_moderate
train,Petrol_pump_ahead_left_52_jpg.rf.90216327485c78a176da3fadfd5dfb5f.jpg,small_distance_0.66|low_light_mild
train,Petrol_pump_ahead_left_53_jpg.rf.7891533bbc2011049de5f04b538b4011.jpg,blur_moderate
train,Petrol_pump_ahead_left_55_jpg.rf.1ac7e56416b619225cc2e5dfcda604af.jpg,blur_moderate
train,Petrol_pump_ahead_left_56_jpg.rf.435ee77b34d9a627d427612706c44725.jpg,small_distance_0.78|glare_mild
train,Petrol_pump_ahead_left_57_jpg.rf.6cd0cdf98aaf91da60b64e72236539ce.jpg,small_distance_0.60
train,Petrol_pump_ahead_left_58_jpg.rf.5d62f366d89aa65c71c6dec0ef856f56.jpg,occlusion_mild
train,Petrol_pump_ahead_left_59_jpg.rf.634cba81217d63dda299b6b80db93f88.jpg,small_distance_0.70|fog_mild
train,Petrol_pump_ahead_left_5_jpg.rf.7a0ce1f5fa175b814d1572489e2f59da.jpg,occlusion_moderate
train,Petrol_pump_ahead_left_60_jpg.rf.e3204f6504b30691ad89db3906c2832b.jpg,fog_severe
train,Petrol_pump_ahead_left_62_jpg.rf.5313c89332c54aeea9eb4ac5eaa025e3.jpg,fog_mild
train,Petrol_pump_ahead_left_64_jpg.rf.1e1dc66ac074e53f19439563a777388f.jpg,small_distance_0.68|rain_mild
train,Petrol_pump_ahead_left_68_jpg.rf.efe73f87b58bd7559f5ed244a39c5a03.jpg,small_distance_0.66
train,Petrol_pump_ahead_left_69_jpg.rf.c7689c844953eeaa6656175cb77800ae.jpg,fog_mild
train,Petrol_pump_ahead_left_70_jpg.rf.2fbc9da2774af6d462a1002f39096897.jpg,small_distance_0.73|glare_severe
train,Petrol_pump_ahead_left_71_jpg.rf.daac864ac842abf7a476a98bbf131907.jpg,clean
train,Petrol_pump_ahead_left_72_jpg.rf.ff425e935e4781aaeea1c33f1bb2c069.jpg,small_distance_0.56|fog_mild
train,Petrol_pump_ahead_left_73_jpg.rf.c4711d799a47fc1af952023b00147a53.jpg,low_light_mild
train,Petrol_pump_ahead_left_74_jpg.rf.3147c907427acbe06184b0edf1caf9b2.jpg,occlusion_severe
train,Petrol_pump_ahead_left_75_jpg.rf.2865de3ae4aacbb2456c28ba9239c1ee.jpg,rain_moderate
train,Petrol_pump_ahead_left_76_jpg.rf.5b65feb5dd61be91f0228c37fcd2bf6a.jpg,occlusion_mild
train,Petrol_pump_ahead_left_77_jpg.rf.44d75996a60128c64d01ad83a782393c.jpg,clean
train,Petrol_pump_ahead_left_79_jpg.rf.6aa574ee8011cf5a3c3ebc59b9dc8b86.jpg,small_distance_0.57
train,Petrol_pump_ahead_left_7_jpg.rf.eaa6c4451bf393c07efdde32ea223c4a.jpg,small_distance_0.70|low_light_severe
train,Petrol_pump_ahead_left_80_jpg.rf.b47d5d724b8bee82cc972719308c2437.jpg,low_light_mild
train,Petrol_pump_ahead_left_81_jpg.rf.ce9327cdb3fce182d6ad61d1a66a7bc4.jpg,low_light_moderate
train,Petrol_pump_ahead_left_82_jpg.rf.4a7af9ece7a82ee77b2a70d877718077.jpg,small_distance_0.61|rain_moderate
train,Petrol_pump_ahead_left_83_jpg.rf.ef4006af3e28b6dcfbc9014dc7f9cf94.jpg,small_distance_0.78|glare_moderate
train,Petrol_pump_ahead_left_84_jpg.rf.da53aebba68ee5f7ce0efcba7fd00811.jpg,rain_moderate
train,Petrol_pump_ahead_left_85_jpg.rf.2a576a935d8c118bf562efa7a82c57b5.jpg,clean
train,Petrol_pump_ahead_left_86_jpg.rf.df8bdaf043c2e782afa9d376412ed12a.jpg,low_light_mild
train,Petrol_pump_ahead_left_87_jpg.rf.a4ac497d26b9e8d5408734273df6b6ae.jpg,low_light_mild
train,Petrol_pump_ahead_left_88_jpg.rf.97cca1b03a19181a9b9ad51c77109e36.jpg,low_light_mild
train,Petrol_pump_ahead_left_89_jpg.rf.9aca327da3f2634f0aa5ebf03f27014a.jpg,glare_severe
train,Petrol_pump_ahead_left_8_jpg.rf.f9076a06c4eed6529934b88104f95255.jpg,fog_moderate
train,Petrol_pump_ahead_left_90_jpg.rf.1d0c9350935ddd9c686c5f086e5690a0.jpg,small_distance_0.59|low_light_mild
train,Petrol_pump_ahead_left_91_jpg.rf.513267e0a3f0d194b702694a8bd19b47.jpg,rain_mild
train,Petrol_pump_ahead_left_93_jpg.rf.bc2f4dd2c21ec7b175c6135ea678c6f8.jpg,blur_moderate
train,Petrol_pump_ahead_left_94_jpg.rf.05f9697c4f5fe8ccb55f456ca419b756.jpg,small_distance_0.72
train,Petrol_pump_ahead_left_95_jpg.rf.59096cd935642afef045c39aa6028d87.jpg,blur_moderate
train,Petrol_pump_ahead_left_97_jpg.rf.b8a4f3e2465fbce4d2f5c8e2532c38d6.jpg,small_distance_0.60|low_light_severe
train,Petrol_pump_ahead_left_98_jpg.rf.32a29f3e2e42a07aa52bc3815e1bf2fc.jpg,clean
train,Petrol_pump_ahead_left_99_jpg.rf.64cc11207bebf346eebb98b33c1ba5cd.jpg,low_light_mild
train,Petrol_pump_ahead_left_9_jpg.rf.4fa9004d4e7c7fde1d601eb84f4fa7b6.jpg,fog_severe
train,Petrol_pump_ahead_right_100_jpg.rf.f9177e0bd406e252d39fbff90dd371d2.jpg,occlusion_mild
train,Petrol_pump_ahead_right_101_jpg.rf.a4d7a9c460f01f6b139d2ce2a6699f32.jpg,small_distance_0.83
train,Petrol_pump_ahead_right_103_jpg.rf.453b5752f3b733d1b9f6973be8ddd5bf.jpg,occlusion_moderate
train,Petrol_pump_ahead_right_104_jpg.rf.a1ad3240e59f3de6c22d2bca66144d4d.jpg,small_distance_0.69|rain_severe
train,Petrol_pump_ahead_right_105_jpg.rf.96167cbb321ece2135890d4bcc212767.jpg,clean
train,Petrol_pump_ahead_right_106_jpg.rf.c8e428fde33382af20ab14e50a235583.jpg,blur_severe
train,Petrol_pump_ahead_right_107_jpg.rf.a5a613a20616f85674599d471c72fe66.jpg,glare_moderate
train,Petrol_pump_ahead_right_109_jpg.rf.9315de2ca172a9f0ad02ded507f1183e.jpg,small_distance_0.60|fog_mild
train,Petrol_pump_ahead_right_10_jpg.rf.28ae8efebad23634117eb735823189d3.jpg,small_distance_0.70|low_light_severe
train,Petrol_pump_ahead_right_111_jpg.rf.6e0f1469aecd35fabc66c6ff99442a3f.jpg,clean
train,Petrol_pump_ahead_right_113_jpg.rf.c28872f09e5b55f60c76f210ad17cae5.jpg,fog_mild
train,Petrol_pump_ahead_right_114_jpg.rf.866576f86ff162b53e77e720631559b2.jpg,occlusion_severe
train,Petrol_pump_ahead_right_115_jpg.rf.60e2c8883a6ec62f87ba3131d315a9ca.jpg,small_distance_0.71|low_light_moderate
train,Petrol_pump_ahead_right_116_jpg.rf.d5f5ddcd8d8577f2f43093159b49e3c1.jpg,small_distance_0.64|fog_moderate
train,Petrol_pump_ahead_right_117_jpg.rf.f3c6242f91bfc2a24c62239f1f7c6880.jpg,clean
train,Petrol_pump_ahead_right_118_jpg.rf.bc316f96b133a62d5959e4a675f5044f.jpg,small_distance_0.83
train,Petrol_pump_ahead_right_119_jpg.rf.2415eadece6316eaa4f4d31dd01fb57a.jpg,clean
train,Petrol_pump_ahead_right_11_jpg.rf.559313409f1d9220ef08b65eb78d18a6.jpg,rain_severe
train,Petrol_pump_ahead_right_120_jpg.rf.0339d8db5a64a98dfb3f3e190ef98969.jpg,clean
train,Petrol_pump_ahead_right_121_jpg.rf.a3f8b25e5a9e0da0ba452fec822852be.jpg,small_distance_0.82
train,Petrol_pump_ahead_right_122_jpg.rf.703b0666bc80251420017ec294b23815.jpg,clean
train,Petrol_pump_ahead_right_123_jpg.rf.bf31b7fde0ac0c1489e8392420e93b84.jpg,small_distance_0.80|rain_moderate
train,Petrol_pump_ahead_right_124_jpg.rf.ff1a945b166ddef4e6c0bd8fd055fc29.jpg,occlusion_moderate
train,Petrol_pump_ahead_right_125_jpg.rf.7d20f35442e47ce9f0b3656e6b2890b0.jpg,clean
train,Petrol_pump_ahead_right_127_jpg.rf.f6335c76c38b4b9f7a900d6f2c8b75d4.jpg,small_distance_0.58|blur_moderate
train,Petrol_pump_ahead_right_128_jpg.rf.73fbb4673c3302610ca4d8de86912927.jpg,blur_mild
train,Petrol_pump_ahead_right_129_jpg.rf.a82b3c76847b27d54d78669cc9dacc52.jpg,blur_moderate
train,Petrol_pump_ahead_right_12_jpg.rf.70e94ef82429e830ed8c315d2c87fa50.jpg,rain_severe
train,Petrol_pump_ahead_right_130_jpg.rf.11cf42cc1da593c9ca15b7dc5b848d4c.jpg,small_distance_0.60|glare_severe
train,Petrol_pump_ahead_right_131_jpg.rf.629cbd12b964bc86142744ccfc7eb947.jpg,blur_severe
train,Petrol_pump_ahead_right_132_jpg.rf.583f1a5d29e60b60f15d893e350eb666.jpg,clean
train,Petrol_pump_ahead_right_135_jpg.rf.e6b0ea6553b12fa339bf9273c66a5895.jpg,small_distance_0.58|low_light_moderate
train,Petrol_pump_ahead_right_136_jpg.rf.a6d0f05484fa3f07bae2de9f6fdd59c7.jpg,small_distance_0.72
train,Petrol_pump_ahead_right_137_jpg.rf.62a631ab572970871cbe4e897609bdb9.jpg,clean
train,Petrol_pump_ahead_right_138_jpg.rf.f28bb77911e0c2eb1c1bf3b4103bcbed.jpg,low_light_moderate
train,Petrol_pump_ahead_right_13_jpg.rf.ebbdff0988d7b4e610506b82911509a3.jpg,rain_moderate
train,Petrol_pump_ahead_right_144_jpg.rf.6d70acf69efb6d6de1a819729e153f96.jpg,rain_severe
train,Petrol_pump_ahead_right_145_jpg.rf.4e48a062f933cc46275364edb4c81af0.jpg,occlusion_mild
train,Petrol_pump_ahead_right_147_jpg.rf.f25c4c20d0778fe4164383e726f36887.jpg,clean
train,Petrol_pump_ahead_right_148_jpg.rf.a990175b27cd6529870d22d861727378.jpg,blur_moderate
train,Petrol_pump_ahead_right_149_jpg.rf.5d63426cc3a7b0980605189de573342a.jpg,rain_mild
train,Petrol_pump_ahead_right_151_jpg.rf.f180c920ccc9bae96423521a105e0d52.jpg,glare_severe
train,Petrol_pump_ahead_right_153_jpg.rf.fc3f21a0e3e857eb480dce31f78078a1.jpg,glare_severe
train,Petrol_pump_ahead_right_154_jpg.rf.aefac5aacc7e3fe567b928f9d45a6f45.jpg,fog_mild
train,Petrol_pump_ahead_right_155_jpg.rf.5b54e27f67d291c5b92ed167000d91d3.jpg,glare_severe
train,Petrol_pump_ahead_right_157_jpg.rf.3ee92151d77e74d7146110d20fcf24a2.jpg,glare_moderate
train,Petrol_pump_ahead_right_159_jpg.rf.007ea5f8bcdec4e065e815fd98702887.jpg,small_distance_0.58
train,Petrol_pump_ahead_right_15_jpg.rf.9d74b41cb93878c368f9698471d109e5.jpg,glare_moderate
train,Petrol_pump_ahead_right_161_jpg.rf.20ea9d0cceaf269c6a486b981f426d49.jpg,small_distance_0.68|fog_severe
train,Petrol_pump_ahead_right_162_jpg.rf.c10dfd4094ed70369d3dd416d893e07b.jpg,small_distance_0.76|glare_moderate
train,Petrol_pump_ahead_right_163_jpg.rf.e26b9d7afafcf097d200753a694dc91b.jpg,blur_moderate
train,Petrol_pump_ahead_right_164_jpg.rf.ed8ce40534c15ed1517a8b301882bf78.jpg,small_distance_0.61
train,Petrol_pump_ahead_right_165_jpg.rf.a9161f35912afff0b508122129985246.jpg,fog_moderate
train,Petrol_pump_ahead_right_167_jpg.rf.210a0dbd2972cdc3cf6cd3fef17f010d.jpg,glare_moderate
train,Petrol_pump_ahead_right_168_jpg.rf.ad57a6ea800884af81fac58e606bec36.jpg,clean
train,Petrol_pump_ahead_right_169_jpg.rf.ab3767e954c727c3e649de7c36ef5d42.jpg,small_distance_0.77|blur_moderate
train,Petrol_pump_ahead_right_16_jpg.rf.57990089243a6b02a6c58fa6007a2593.jpg,rain_severe
train,Petrol_pump_ahead_right_170_jpg.rf.8c4066b7d4d305f9f09e03fe41cf7d12.jpg,small_distance_0.74
train,Petrol_pump_ahead_right_171_jpg.rf.5421acc544b230945a7f2213c5c17793.jpg,low_light_severe
train,Petrol_pump_ahead_right_173_jpg.rf.8f2ce5552d179e69099b3c7e264d82a3.jpg,small_distance_0.77
train,Petrol_pump_ahead_right_174_jpg.rf.61d6ed5b26b3445072171fee33560ce2.jpg,small_distance_0.76
train,Petrol_pump_ahead_right_175_jpg.rf.e19e579ee1a83ad3874778925d9342fd.jpg,occlusion_mild
train,Petrol_pump_ahead_right_176_jpg.rf.f9957e54b91dc55e2c8a5e32751fcf5c.jpg,rain_mild
train,Petrol_pump_ahead_right_177_jpg.rf.a901deb77ec09ac29eb868680c7117b2.jpg,occlusion_mild
train,Petrol_pump_ahead_right_178_jpg.rf.c3b30c2ce8563bd0ef0ce86da2932d60.jpg,small_distance_0.60|glare_mild
train,Petrol_pump_ahead_right_17_jpg.rf.95c705410a78fd8ee1fd44f81183046c.jpg,blur_mild
train,Petrol_pump_ahead_right_18_jpg.rf.c1708ba6c38d7ddf34207cdc3d104869.jpg,clean
train,Petrol_pump_ahead_right_1_jpg.rf.6750d08c0321f163f23ea069e6457a7f.jpg,glare_mild
train,Petrol_pump_ahead_right_20_jpg.rf.343acf053dc0e6a30aa9b33638aa2be3.jpg,small_distance_0.64|occlusion_mild
train,Petrol_pump_ahead_right_21_jpg.rf.f760d7658149a8b9343920903bd32362.jpg,small_distance_0.77
train,Petrol_pump_ahead_right_22_jpg.rf.a0f617cf4a350867d3446ba70e93d461.jpg,occlusion_moderate
train,Petrol_pump_ahead_right_23_jpg.rf.efa869e604d099a20dead8d44ad65c49.jpg,low_light_severe
train,Petrol_pump_ahead_right_24_jpg.rf.12a4139fdfe3fadf79aa2b40db7b625e.jpg,blur_mild
train,Petrol_pump_ahead_right_25_jpg.rf.ae13a3ad228b4c377671c1cfb5993e69.jpg,rain_mild
train,Petrol_pump_ahead_right_26_jpg.rf.2329d6c8dd56b65266d5bf3309019471.jpg,clean
train,Petrol_pump_ahead_right_28_jpg.rf.94bb79fe6cdd418c8bfd3cc409096293.jpg,small_distance_0.73|fog_moderate
train,Petrol_pump_ahead_right_29_jpg.rf.27fd013d71254aa28d8271d261286ef0.jpg,fog_moderate
train,Petrol_pump_ahead_right_2_jpg.rf.4d51e19d94f068b149cd0dfc28683672.jpg,small_distance_0.63|glare_moderate
train,Petrol_pump_ahead_right_31_jpg.rf.5cd46c9eb026227829eedcebe0db14f1.jpg,small_distance_0.58
train,Petrol_pump_ahead_right_32_jpg.rf.c711c166fd5eb3cab43a46efb3951477.jpg,occlusion_severe
train,Petrol_pump_ahead_right_36_jpg.rf.f695308a388953def93547cd846b4f80.jpg,glare_severe
train,Petrol_pump_ahead_right_37_jpg.rf.d343f808efb33a6352c2277ec5a53033.jpg,low_light_severe
train,Petrol_pump_ahead_right_38_jpg.rf.6e4b585286e8b1833245f8a2176d7d23.jpg,small_distance_0.62
train,Petrol_pump_ahead_right_39_jpg.rf.2bb267017bdc3efd744698fb8a3bf8b1.jpg,fog_moderate
train,Petrol_pump_ahead_right_3_jpg.rf.80498d34e5ccbf4f0caa32db55593ece.jpg,fog_mild
train,Petrol_pump_ahead_right_41_jpg.rf.24fce2a2efcf31b297679f025ce86809.jpg,clean
train,Petrol_pump_ahead_right_42_jpg.rf.a84b24ac75b5a2808ff2ab0b2dc824df.jpg,small_distance_0.60
train,Petrol_pump_ahead_right_44_jpg.rf.6d94464032a999fd5b78702753474759.jpg,rain_moderate
train,Petrol_pump_ahead_right_45_jpg.rf.52ba967c9121108c0a3a656f81fcde73.jpg,occlusion_severe
train,Petrol_pump_ahead_right_46_jpg.rf.dea57d98c64631905b86fcf01be66dad.jpg,glare_moderate
train,Petrol_pump_ahead_right_47_jpg.rf.d33c2afbc01c8e9093ea5e2159add18e.jpg,rain_mild
train,Petrol_pump_ahead_right_49_jpg.rf.3fa553277cdb845cee5d147f67ce84ed.jpg,small_distance_0.72|blur_moderate
train,Petrol_pump_ahead_right_50_jpg.rf.4faf9ff0848f5f4bf446434f68dfcf89.jpg,clean
train,Petrol_pump_ahead_right_51_jpg.rf.6ab55f10ddd953e9216d1b927591f041.jpg,fog_severe
train,Petrol_pump_ahead_right_52_jpg.rf.da0b3eda802085d52a4b2f21edd7ad0b.jpg,small_distance_0.69|low_light_severe
train,Petrol_pump_ahead_right_53_jpg.rf.1bc892c8821d215e7b2288fdc09a37c0.jpg,blur_moderate
train,Petrol_pump_ahead_right_54_jpg.rf.b341edcd9e5a6985a84d3d0b759e6199.jpg,blur_mild
train,Petrol_pump_ahead_right_55_jpg.rf.600cc4f6aae7242d621c71e58a07c465.jpg,rain_moderate
train,Petrol_pump_ahead_right_58_jpg.rf.abdfee3a62777f19d164ea2e54915af2.jpg,glare_moderate
train,Petrol_pump_ahead_right_59_jpg.rf.1dbeb1345ba7a169486404f4ec5b5241.jpg,small_distance_0.79|occlusion_severe
train,Petrol_pump_ahead_right_5_jpg.rf.3d56b611e780c596497e85429c51375a.jpg,blur_moderate
train,Petrol_pump_ahead_right_60_jpg.rf.ae8c5060b3fed0ba8aa69cf17db782ae.jpg,occlusion_moderate
train,Petrol_pump_ahead_right_61_jpg.rf.0131ea3856e093a09df9ea86d8ff3c61.jpg,fog_severe
train,Petrol_pump_ahead_right_63_jpg.rf.812bd836a7bda6f2e71a43c06c7cf0dc.jpg,low_light_severe
train,Petrol_pump_ahead_right_64_jpg.rf.c59f464520c4b9a37152df893d382351.jpg,small_distance_0.73|low_light_severe
train,Petrol_pump_ahead_right_65_jpg.rf.4a7d6cc071bfb84a41b5ba5c14e91d59.jpg,small_distance_0.69
train,Petrol_pump_ahead_right_66_jpg.rf.ddbaffe1a7be8d90d2db53fc5b9ca3ad.jpg,rain_mild
train,Petrol_pump_ahead_right_67_jpg.rf.12764439f8a4ef894a6b8f0ac1ebf8d9.jpg,clean
train,Petrol_pump_ahead_right_68_jpg.rf.3c769b731d6d0bef57b3aa8b1160d4da.jpg,small_distance_0.67|blur_mild
train,Petrol_pump_ahead_right_69_jpg.rf.6c327e1d6eb944a3827ad5887744a504.jpg,small_distance_0.61|low_light_moderate
train,Petrol_pump_ahead_right_70_jpg.rf.f1312ec848d779ebe4f6542663db119b.jpg,small_distance_0.57|rain_mild
train,Petrol_pump_ahead_right_71_jpg.rf.dbff316e557f1c1d564975b1ef61ec83.jpg,rain_moderate
train,Petrol_pump_ahead_right_72_jpg.rf.1f9565a752da132e879cd54055d202a9.jpg,clean
train,Petrol_pump_ahead_right_73_jpg.rf.4aed488bf3232995a44d6edf86d3c299.jpg,small_distance_0.80
train,Petrol_pump_ahead_right_74_jpg.rf.aa45d2e18ddcbf40d8c58d8c04aaade2.jpg,low_light_moderate
train,Petrol_pump_ahead_right_77_jpg.rf.f3410b55ed3c4d09b5e321c0aeff8813.jpg,occlusion_severe
train,Petrol_pump_ahead_right_78_jpg.rf.28895de55444dadfb8aeabd369adef61.jpg,small_distance_0.73|rain_moderate
train,Petrol_pump_ahead_right_79_jpg.rf.49759845f44ae74d5c23469e904301a2.jpg,small_distance_0.72|low_light_severe
train,Petrol_pump_ahead_right_7_jpg.rf.1fce00d6cd6dc92e45bdb1eaac901b09.jpg,low_light_severe
train,Petrol_pump_ahead_right_80_jpg.rf.262a06c1ba8f06da2c26f4d06c761cb1.jpg,clean
train,Petrol_pump_ahead_right_81_jpg.rf.9217da4b4f60626188c26d180ecb0e9d.jpg,glare_mild
train,Petrol_pump_ahead_right_84_jpg.rf.fa3b88f2930bd49aa9892e030c9737c5.jpg,small_distance_0.79
train,Petrol_pump_ahead_right_85_jpg.rf.dc006fa8f931b5dd3c5968cb75b39905.jpg,small_distance_0.79|rain_moderate
train,Petrol_pump_ahead_right_86_jpg.rf.1513e5634f0a5f4197b108a96815be5a.jpg,blur_mild
train,Petrol_pump_ahead_right_87_jpg.rf.bb9e465c68ea31711a8d3ad83a9c4709.jpg,occlusion_moderate
train,Petrol_pump_ahead_right_88_jpg.rf.1d598852d248091d230fb61913b71b8b.jpg,small_distance_0.70|low_light_moderate
train,Petrol_pump_ahead_right_89_jpg.rf.e73dfd5227b0a2033738a565c60f3d4b.jpg,glare_moderate
train,Petrol_pump_ahead_right_8_jpg.rf.489ca0c2ba26780dd39a10df1cbf16b7.jpg,small_distance_0.71|low_light_mild
train,Petrol_pump_ahead_right_91_jpg.rf.bdd3804cf7d8172943deda9eb1369ef8.jpg,clean
train,Petrol_pump_ahead_right_93_jpg.rf.b5cd5a9d6029230cc4d81109ee51b10c.jpg,glare_severe
train,Petrol_pump_ahead_right_94_jpg.rf.5c4fb9288bc7d1bae63f8e057c18fd5c.jpg,fog_severe
train,Petrol_pump_ahead_right_96_jpg.rf.979d811276c20baa57b2353d50398163.jpg,small_distance_0.82|rain_mild
train,Petrol_pump_ahead_right_97_jpg.rf.399cfc612b25750ccb8cd00a284e892a.jpg,clean
train,Petrol_pump_ahead_right_98_jpg.rf.554b08c3b41975979dc6dbd844c91213.jpg,glare_mild
train,Petrol_pump_ahead_right_99_jpg.rf.48e83768145631969f27c8cc4308662e.jpg,clean
train,Petrol_pump_ahead_right_9_jpg.rf.cab9767bd8cefaa1e5e74bb1467d48d1.jpg,fog_mild
train,Right_turn_ahead_102_jpg.rf.82bfe4b55f4227eb4b2a9d033c2991b2.jpg,clean
train,Right_turn_ahead_104_jpg.rf.c32f95716755ad10964c169719eaf992.jpg,small_distance_0.66|low_light_moderate
train,Right_turn_ahead_105_jpg.rf.4b2cd5acae4434e68bfeecdbc8ee1106.jpg,small_distance_0.82
train,Right_turn_ahead_106_jpg.rf.41e0844bd7c78a2703d9c600caa7f502.jpg,fog_mild
train,Right_turn_ahead_107_jpg.rf.599967d350996d3cefdfff4362d5470f.jpg,glare_mild
train,Right_turn_ahead_108_jpg.rf.ba0d5a964f529ede9f4e889578fe6038.jpg,fog_severe
train,Right_turn_ahead_109_jpg.rf.c08a9d40e41f1898d606b979c6216bb7.jpg,small_distance_0.72|occlusion_moderate
train,Right_turn_ahead_111_jpg.rf.a6997fec810c983713e4fe18c5df8733.jpg,glare_mild
train,Right_turn_ahead_112_jpg.rf.0cf40c53649161a04297a07cd1b6a51d.jpg,clean
train,Right_turn_ahead_115_jpg.rf.98079fdf587bb9cc5ea3ccb6e3fe3027.jpg,clean
train,Right_turn_ahead_116_jpg.rf.0f839e4446e829fc8e39560c679afa46.jpg,small_distance_0.56
train,Right_turn_ahead_117_jpg.rf.c0b84fca6f3491e1d9eb035f26739d16.jpg,small_distance_0.77
train,Right_turn_ahead_118_jpg.rf.4f98d44267a7c693cdab117d7fbae377.jpg,small_distance_0.68
train,Right_turn_ahead_119_jpg.rf.b147f1a18750a35dd72488570db32728.jpg,small_distance_0.74|blur_severe
train,Right_turn_ahead_120_jpg.rf.8e5381603ad35b1c3836ec84a5380b57.jpg,small_distance_0.81|occlusion_mild
train,Right_turn_ahead_121_jpg.rf.8f7f960dc772fcae628b2f8480d34660.jpg,small_distance_0.75
train,Right_turn_ahead_123_jpg.rf.ccdbc367423c2d7059cd6304b1db3b3e.jpg,low_light_severe
train,Right_turn_ahead_124_jpg.rf.15a45f6395d84ef75f62d63459c80111.jpg,occlusion_moderate
train,Right_turn_ahead_126_jpg.rf.a8b3bc23cc05973b43a3d8a79f76f07f.jpg,blur_mild
train,Right_turn_ahead_127_jpg.rf.4a86f5d03ee65ab5e232c6ce25b91aa2.jpg,small_distance_0.78|fog_mild
train,Right_turn_ahead_128_jpg.rf.4587e02ea1f414ed4904a3acada99b4b.jpg,small_distance_0.56|occlusion_severe
train,Right_turn_ahead_129_jpg.rf.3be7e746d841e862357f98fc6dd00854.jpg,blur_moderate
train,Right_turn_ahead_130_jpg.rf.3981c0edd729edc8b8c16a706e6d7270.jpg,small_distance_0.66|low_light_severe
train,Right_turn_ahead_131_jpg.rf.c618a988c1671d42777d0cb6e6f545a8.jpg,small_distance_0.83|blur_mild
train,Right_turn_ahead_132_jpg.rf.748ae08d4a30b8a33d454a843fa0a46e.jpg,low_light_severe
train,Right_turn_ahead_133_jpg.rf.e327986b4eed49169dff94ed012b517c.jpg,clean
train,Right_turn_ahead_136_jpg.rf.cd8bcb7fc3b15c3b318b56486bfc89c8.jpg,fog_moderate
train,Right_turn_ahead_138_jpg.rf.47f8af29c6a742aba99ef47baed85861.jpg,small_distance_0.77|occlusion_severe
train,Right_turn_ahead_13_jpg.rf.4c912834d35a933fff0a50bb66cd6342.jpg,clean
train,Right_turn_ahead_141_jpg.rf.a79c75a9ff4204a9288dfa39fa9a90c2.jpg,fog_mild
train,Right_turn_ahead_143_jpg.rf.3c045370e64b4b2074abbce4fce8acd6.jpg,fog_mild
train,Right_turn_ahead_144_jpg.rf.f7f4eb5f8757affac4fea86fc4980b6b.jpg,rain_moderate
train,Right_turn_ahead_145_jpg.rf.c2c7a44039dcb5f3a49aa666382f6692.jpg,fog_moderate
train,Right_turn_ahead_146_jpg.rf.f3e0d165699c84af3d24daf229d7a986.jpg,glare_moderate
train,Right_turn_ahead_148_jpg.rf.0c0a04fc7924a8d7596f0f52b10159c1.jpg,occlusion_severe
train,Right_turn_ahead_14_jpg.rf.19aa4011aceb11846e3ee1bc7b7aea84.jpg,rain_mild
train,Right_turn_ahead_150_jpg.rf.9f5c8df86414a01c22dac1cf42574ec3.jpg,rain_severe
train,Right_turn_ahead_151_jpg.rf.4ffead4a4af61efa9e7959959cc2173c.jpg,clean
train,Right_turn_ahead_152_jpg.rf.7eacbbe5d950a6c3e6382f568dd6e58b.jpg,occlusion_moderate
train,Right_turn_ahead_155_jpg.rf.8a63a76d570eebeaf27e9f510dcd7f6b.jpg,small_distance_0.76|occlusion_moderate
train,Right_turn_ahead_156_jpg.rf.7acfe9228d538b5edcd76be0a6431a2a.jpg,small_distance_0.78|glare_moderate
train,Right_turn_ahead_159_jpg.rf.94a4206e70d9c51bcd13b4531446cbea.jpg,small_distance_0.58|rain_moderate
train,Right_turn_ahead_15_jpg.rf.477141ab217ba005342d062651bbe033.jpg,small_distance_0.73|glare_severe
train,Right_turn_ahead_161_jpg.rf.7de9ade8f8924bc3bb712468a04daed9.jpg,occlusion_mild
train,Right_turn_ahead_162_jpg.rf.9ff841c41d7e711af3ff10e2be0ded81.jpg,clean
train,Right_turn_ahead_163_jpg.rf.bc5f1d881d4b9645f43e5ff7a1d0083a.jpg,small_distance_0.68|occlusion_mild
train,Right_turn_ahead_164_jpg.rf.dea35a7be5b3912c38056aad06ff9403.jpg,small_distance_0.66|low_light_mild
train,Right_turn_ahead_165_jpg.rf.7f82671e48720ab3ac62e398cc11fc33.jpg,low_light_moderate
train,Right_turn_ahead_166_jpg.rf.b64a6e2705006ad9a4ef47ae1216389c.jpg,occlusion_moderate
train,Right_turn_ahead_169_jpg.rf.b931e33df0d4d8794c97944d7f0b7529.jpg,occlusion_moderate
train,Right_turn_ahead_16_jpg.rf.fe595dfa6bd3e88ee6caf50ef1bb5def.jpg,glare_moderate
train,Right_turn_ahead_170_jpg.rf.1dbd1749c57f3b9dc4eb2fa0eb595f14.jpg,small_distance_0.83|low_light_mild
train,Right_turn_ahead_171_jpg.rf.55665aac4a9e464f6cd961a8b6e49079.jpg,clean
train,Right_turn_ahead_172_jpg.rf.3e5afa08bffb2282be3d38c88ea90e96.jpg,blur_mild
train,Right_turn_ahead_174_jpg.rf.0a93fd11e30f7bf6bdc24f32811795e1.jpg,clean
train,Right_turn_ahead_175_jpg.rf.2def808bde5dad31cc1148390f304067.jpg,clean
train,Right_turn_ahead_176_jpg.rf.e0d2082abf9af2e0f8a5f1c15ae1dd98.jpg,low_light_mild
train,Right_turn_ahead_177_jpg.rf.884f3e34c87f2b8f4c397805ca59b3c7.jpg,small_distance_0.65
train,Right_turn_ahead_178_jpg.rf.fc5c65e1382ca461134239bbe33afbd2.jpg,rain_moderate
train,Right_turn_ahead_179_jpg.rf.d547de5c83eb520c54bd0b3295c2f637.jpg,blur_severe
train,Right_turn_ahead_17_jpg.rf.0842933ab55c40c24f01e941ce933e05.jpg,small_distance_0.81|blur_mild
train,Right_turn_ahead_180_jpg.rf.65a398cbcd3cf226ab00f4fbd1b56fa2.jpg,small_distance_0.61|rain_mild
train,Right_turn_ahead_183_jpg.rf.0b7ca045727f9cff46d75a70221bde7c.jpg,clean
train,Right_turn_ahead_185_jpg.rf.e0ed9274cee9d63fd865356036e30b93.jpg,fog_mild
train,Right_turn_ahead_186_jpg.rf.3627cfcdb9629f259542428b65907af4.jpg,occlusion_mild
train,Right_turn_ahead_187_jpg.rf.51f92d26155f6772abac65aeb61caf74.jpg,glare_severe
train,Right_turn_ahead_188_jpg.rf.25f933e9c33761adb933e9cb0bcc98e7.jpg,small_distance_0.83|fog_mild
train,Right_turn_ahead_189_jpg.rf.6736426c8ba7796263b21b5d827655f2.jpg,fog_severe
train,Right_turn_ahead_18_jpg.rf.79f14305f6e07cbea9f0c9257abe3335.jpg,glare_severe
train,Right_turn_ahead_190_jpg.rf.1513bb0fc88614d52208028c049590f0.jpg,small_distance_0.70|low_light_mild
train,Right_turn_ahead_191_jpg.rf.3c6149cd88926294026340b547c98516.jpg,small_distance_0.73
train,Right_turn_ahead_195_jpg.rf.ab261703eeee8c9114152be3e10d2a77.jpg,blur_severe
train,Right_turn_ahead_196_jpg.rf.f39da509eb090bf981b8be55fb9c10be.jpg,blur_severe
train,Right_turn_ahead_197_jpg.rf.094681a6f4d2dd3093f0a8e1e841b272.jpg,small_distance_0.70|fog_moderate
train,Right_turn_ahead_198_jpg.rf.04e320126c12743d7c8fd41849df4388.jpg,small_distance_0.67|rain_moderate
train,Right_turn_ahead_19_jpg.rf.f1da4b233aad1d39168009db00f2cb5a.jpg,small_distance_0.75|fog_moderate
train,Right_turn_ahead_201_jpg.rf.c6dfcf2993ae01e48b18a3a8d0fe2cc9.jpg,small_distance_0.67|blur_moderate
train,Right_turn_ahead_203_jpg.rf.0392313bd9efba9d3cd6f3872e8a615a.jpg,occlusion_mild
train,Right_turn_ahead_204_jpg.rf.fef261e484c26edfa8d8ceb64ac68ee4.jpg,blur_mild
train,Right_turn_ahead_206_jpg.rf.2f7c40ab2d4fdbc8aa7729d533c6d6a8.jpg,small_distance_0.72|glare_mild
train,Right_turn_ahead_207_jpg.rf.26caa4e80546c91af0755588f9a634e5.jpg,clean
train,Right_turn_ahead_208_jpg.rf.223af6d12af27b729953312ad1567f60.jpg,clean
train,Right_turn_ahead_20_jpg.rf.d0b824ae08d9213e31a04e6a94a34537.jpg,small_distance_0.63|low_light_moderate
train,Right_turn_ahead_213_jpg.rf.e4538d76ca5743bcb1086e68495ce767.jpg,clean
train,Right_turn_ahead_214_jpg.rf.d0fd65425f15d33d633df51d9b958331.jpg,clean
train,Right_turn_ahead_216_jpg.rf.deee4dc6777bfd42206e9cd1e1155239.jpg,rain_moderate
train,Right_turn_ahead_217_jpg.rf.307879df2a6da867d99349d525b979fb.jpg,occlusion_mild
train,Right_turn_ahead_218_jpg.rf.196183a36911b3c4f7df5035892e8454.jpg,small_distance_0.65
train,Right_turn_ahead_221_jpg.rf.bc4f078b4cebb753b1ef1449b660ce67.jpg,low_light_severe
train,Right_turn_ahead_222_jpg.rf.9d0e9c906c673992550edee4d7ebff7c.jpg,glare_moderate
train,Right_turn_ahead_224_jpg.rf.dbfacbec137fa44a3fe5ff244ce5f433.jpg,small_distance_0.81|blur_severe
train,Right_turn_ahead_225_jpg.rf.501487d7aa3ecb99eb78981cc5158a64.jpg,fog_severe
train,Right_turn_ahead_226_jpg.rf.581f3ea8591bec7b260c94a7b069dffc.jpg,small_distance_0.80|rain_moderate
train,Right_turn_ahead_227_jpg.rf.401e0b10e1ac68da65b44b0fce44a73f.jpg,fog_moderate
train,Right_turn_ahead_22_jpg.rf.b7cd306cf7b3e6f90bfaaf5dde7fbb63.jpg,fog_severe
train,Right_turn_ahead_230_jpg.rf.05233d898658d5a520f2ceed384164b4.jpg,small_distance_0.77|blur_severe
train,Right_turn_ahead_232_jpg.rf.26a22bc5e497e4710104168dfc046cc4.jpg,small_distance_0.77|glare_moderate
train,Right_turn_ahead_233_jpg.rf.9013d161a194cb83180c93ae9f774155.jpg,small_distance_0.69|occlusion_severe
train,Right_turn_ahead_234_jpg.rf.638f6d45fc4192df2086da683d44fdda.jpg,fog_moderate
train,Right_turn_ahead_236_jpg.rf.7fb17065ccfb94ba01b584efac7cca5a.jpg,small_distance_0.73|blur_moderate
train,Right_turn_ahead_237_jpg.rf.91b9e17dedab3240bb66921f31a85427.jpg,fog_severe
train,Right_turn_ahead_238_jpg.rf.9cec7f37dd5106f0cc93064eba7cd258.jpg,blur_mild
train,Right_turn_ahead_239_jpg.rf.7e071a96b0d5fa5eb2cee24b8c1286b0.jpg,occlusion_severe
train,Right_turn_ahead_23_jpg.rf.4eea0dcb1482178ec146c65133b58014.jpg,clean
train,Right_turn_ahead_240_jpg.rf.3174a78dbccc7b02462a27866e6468cf.jpg,rain_severe
train,Right_turn_ahead_241_jpg.rf.63035b168d170972b979e9acd22f7a92.jpg,small_distance_0.64|rain_severe
train,Right_turn_ahead_242_jpg.rf.9dd23b2af8c240411044e559f5fac106.jpg,glare_mild
train,Right_turn_ahead_243_jpg.rf.d4053066f8d6b8ac8dfb591f93255cd8.jpg,occlusion_severe
train,Right_turn_ahead_244_jpg.rf.21fe491d3d0e0985859ba26af900c044.jpg,occlusion_mild
train,Right_turn_ahead_245_jpg.rf.612ed4ed874c304128822a897410e3b5.jpg,clean
train,Right_turn_ahead_246_jpg.rf.b7feb68cdd986fcb2cf2bcef2a6e66bf.jpg,glare_mild
train,Right_turn_ahead_247_jpg.rf.41d20c9ada04746a0d82845c5c73ec9e.jpg,small_distance_0.67|fog_moderate
train,Right_turn_ahead_248_jpg.rf.e3d99929d5e86ab9aee5ff553a6bd157.jpg,clean
train,Right_turn_ahead_249_jpg.rf.b9db3850073fb27368bf32d5ad2f37af.jpg,small_distance_0.62|fog_mild
train,Right_turn_ahead_24_jpg.rf.1a71fd729991a225676e784330a025cd.jpg,small_distance_0.64|glare_severe
train,Right_turn_ahead_250_jpg.rf.7f9721571988a7e23c0bfa61e0fe38d9.jpg,low_light_moderate
train,Right_turn_ahead_251_jpg.rf.93e5cb57e84e771c411a91f19015974f.jpg,fog_moderate
train,Right_turn_ahead_252_jpg.rf.74f5ece3e9355c5508afceea8f4e8ebf.jpg,small_distance_0.80|occlusion_moderate
train,Right_turn_ahead_254_jpg.rf.632dfe24007e04e1c8ab72447b475999.jpg,small_distance_0.76|fog_moderate
train,Right_turn_ahead_255_jpg.rf.3be864293b8ff01c4af52a1ce4a8cfd0.jpg,small_distance_0.81
train,Right_turn_ahead_256_jpg.rf.370aa4c32ea9a859c13f128bb6b7d102.jpg,fog_mild
train,Right_turn_ahead_257_jpg.rf.1443365895993d82deaa29fe80e1586c.jpg,small_distance_0.85|fog_moderate
train,Right_turn_ahead_258_jpg.rf.945708795bb61ef54a0d7c0d848b5ac1.jpg,rain_severe
train,Right_turn_ahead_259_jpg.rf.2f3db13ff9804addcb1689bfdf583889.jpg,low_light_moderate
train,Right_turn_ahead_25_jpg.rf.8c4fbdcf05730ff19e558be4ac90f8e0.jpg,clean
train,Right_turn_ahead_260_jpg.rf.d649b05fcd802f944d6d9717773856d5.jpg,occlusion_moderate
train,Right_turn_ahead_261_jpg.rf.d8dc4ea44735d2a35b9fb0524d38a5eb.jpg,low_light_mild
train,Right_turn_ahead_262_jpg.rf.25e05c05191438f2a7cbd57f10075635.jpg,clean
train,Right_turn_ahead_263_jpg.rf.4b7aa3bbfa6aba1c609b17853db44d43.jpg,small_distance_0.67|blur_severe
train,Right_turn_ahead_264_jpg.rf.34c5e4467d0e10789ba7d5992d7ba232.jpg,small_distance_0.81
train,Right_turn_ahead_265_jpg.rf.b7487f0a47d8c0b3970f0499e883294e.jpg,clean
train,Right_turn_ahead_267_jpg.rf.26b9d66fcfb1b10df16af17ba97b5a78.jpg,rain_moderate
train,Right_turn_ahead_268_jpg.rf.c184ccd8ae8fd9a7f6df3be304a2aac2.jpg,fog_severe
train,Right_turn_ahead_269_jpg.rf.a23ff7d205125fc44ac33e2c97d71787.jpg,small_distance_0.82
train,Right_turn_ahead_26_jpg.rf.699bba01cb4291b47adf8adb581d3ef1.jpg,low_light_severe
train,Right_turn_ahead_270_jpg.rf.fd26588035936fa7ee53f9ac0b3653b6.jpg,clean
train,Right_turn_ahead_271_jpg.rf.bb5ef919e70c74d67f7c22a81b7a7837.jpg,glare_mild
train,Right_turn_ahead_272_jpg.rf.ec60a5e26b7f58d75bda49579f55ca1b.jpg,fog_mild
train,Right_turn_ahead_274_jpg.rf.700c79c835e6bde31ae93c9f51af7fe0.jpg,glare_severe
train,Right_turn_ahead_275_jpg.rf.19e315988c87d530f7f3d8033dec1ec3.jpg,small_distance_0.82|occlusion_moderate
train,Right_turn_ahead_277_jpg.rf.14f23e32cb676fe554ed565dcf4f7878.jpg,occlusion_mild
train,Right_turn_ahead_279_jpg.rf.44edd40eb374e767dcd79f3c725d3dc7.jpg,low_light_severe
train,Right_turn_ahead_27_jpg.rf.1543a1298b98b619c91aaed58e8b78d6.jpg,occlusion_moderate
train,Right_turn_ahead_281_jpg.rf.2265bd7426f35397fadde95d179802b0.jpg,rain_mild
train,Right_turn_ahead_282_jpg.rf.ba2125c037e80e986010752d11968ee9.jpg,blur_moderate
train,Right_turn_ahead_283_jpg.rf.90830eb38eaeafd404886f1e5961dd04.jpg,small_distance_0.73
train,Right_turn_ahead_284_jpg.rf.1df61450bbfd53a2bb50f7d6709026e3.jpg,rain_mild
train,Right_turn_ahead_285_jpg.rf.c39163bc84c1cd54f9e8bc74ee604221.jpg,rain_mild
train,Right_turn_ahead_287_jpg.rf.285247dd8c80e059f0ec39600e3dabc9.jpg,rain_moderate
train,Right_turn_ahead_289_jpg.rf.159a0b38837c255d6e48ea84ab366e8f.jpg,small_distance_0.57|low_light_moderate
train,Right_turn_ahead_290_jpg.rf.18d8c604aceb7357eb296bc5583710db.jpg,glare_mild
train,Right_turn_ahead_291_jpg.rf.7f9f35f3a0d3468c5530ba341816d428.jpg,clean
train,Right_turn_ahead_294_jpg.rf.649c980161d7bf168164f0698d4c6861.jpg,low_light_moderate
train,Right_turn_ahead_296_jpg.rf.63fdd4152e8093b970a91d924ba96fb4.jpg,clean
train,Right_turn_ahead_297_jpg.rf.f8e64b44606e58deb424203356926b79.jpg,small_distance_0.77|occlusion_mild
train,Right_turn_ahead_298_jpg.rf.d0dfcd292b3f773d2b27e4d0af127e6a.jpg,low_light_moderate
train,Right_turn_ahead_299_jpg.rf.da69cf5915d5f21b8926b5690a377bcb.jpg,glare_moderate
train,Right_turn_ahead_29_jpg.rf.4b024bddc6649566b557246d25ee7ffb.jpg,occlusion_severe
train,Right_turn_ahead_301_jpg.rf.655c50bdbbf42ee5688edc492c9ccf29.jpg,blur_moderate
train,Right_turn_ahead_302_jpg.rf.4f2fe2afce19e7ae051a75679c5c1db8.jpg,fog_moderate
train,Right_turn_ahead_303_jpg.rf.9221ede0fe76dd2715939d6cab2e502a.jpg,blur_moderate
train,Right_turn_ahead_304_jpg.rf.3a185a31e855643a5483055202eaf810.jpg,clean
train,Right_turn_ahead_305_jpg.rf.2448ba5396fb713793ee8619ea7b36e9.jpg,blur_mild
train,Right_turn_ahead_307_jpg.rf.b43f5e2fbaed38bf75892ac65f43e221.jpg,small_distance_0.63
train,Right_turn_ahead_308_jpg.rf.0390c1652ecbfd6f995df6de6c359a3e.jpg,rain_moderate
train,Right_turn_ahead_309_jpg.rf.bbc157c3f7b1b31b77ca72afdeaaa118.jpg,rain_moderate
train,Right_turn_ahead_30_jpg.rf.8732fec5bea4d6ddfcd05553efc0ae95.jpg,small_distance_0.58|blur_moderate
train,Right_turn_ahead_311_jpg.rf.f0bc83c9c7e75d00128daeae834a25c0.jpg,rain_moderate
train,Right_turn_ahead_312_jpg.rf.fdf5d100b41f879a755b1472daa728c6.jpg,small_distance_0.76|glare_severe
train,Right_turn_ahead_313_jpg.rf.45b906e7a864939e3085156c6b80dbde.jpg,small_distance_0.63|rain_mild
train,Right_turn_ahead_314_jpg.rf.1eb49a1342559a00cbaa9f8efa9a7e83.jpg,fog_severe
train,Right_turn_ahead_315_jpg.rf.931a3b4727529fc54f0e97748cfd5f9b.jpg,occlusion_mild
train,Right_turn_ahead_316_jpg.rf.8e25dc8842eecc0f482d9d43ae567113.jpg,occlusion_moderate
train,Right_turn_ahead_317_jpg.rf.5472d341b345db21bd65ba1b7c3ce115.jpg,occlusion_mild
train,Right_turn_ahead_319_jpg.rf.7b1f143490ae1065e2f028f78e05d817.jpg,small_distance_0.64|occlusion_mild
train,Right_turn_ahead_320_jpg.rf.87f0fa84b2547c66565213441494e27a.jpg,small_distance_0.61|low_light_mild
train,Right_turn_ahead_321_jpg.rf.8f7e639bbe108bea13321331665ad379.jpg,small_distance_0.77|low_light_moderate
train,Right_turn_ahead_322_jpg.rf.40f7914becc0dbbc671b6442cdb950e4.jpg,clean
train,Right_turn_ahead_323_jpg.rf.a7dbdded22c2ea10772c0ade3556d2c3.jpg,low_light_severe
train,Right_turn_ahead_324_jpg.rf.ddb32606003b80c23d759fc8742dae40.jpg,small_distance_0.66
train,Right_turn_ahead_328_jpg.rf.dbf6555e3b21a9ed00751b8e75eef943.jpg,low_light_moderate
train,Right_turn_ahead_32_jpg.rf.aaebd892ed52bb594dfb588d5fb94383.jpg,small_distance_0.82|blur_moderate
train,Right_turn_ahead_331_jpg.rf.414de86655da189d43fa98c519850abe.jpg,small_distance_0.61|low_light_severe
train,Right_turn_ahead_336_jpg.rf.5d85ee0acada34402c3de9de058d4ccf.jpg,fog_moderate
train,Right_turn_ahead_337_jpg.rf.511447346311e23a3a6d38d02f0caaa1.jpg,clean
train,Right_turn_ahead_338_jpg.rf.645d2c6f9656644b82a4a81b1abb6c1b.jpg,clean
train,Right_turn_ahead_33_jpg.rf.e299d017dae7b8f1d85cec281aeee024.jpg,clean
train,Right_turn_ahead_341_jpg.rf.2150e89143af574b489d1d57d3bc6794.jpg,rain_moderate
train,Right_turn_ahead_342_jpg.rf.0261802a449ff495dbde2be3cdb68a76.jpg,blur_moderate
train,Right_turn_ahead_344_jpg.rf.9ee286c5b960d5dbdb692d47a8111bc3.jpg,low_light_severe
train,Right_turn_ahead_346_jpg.rf.83ebeadf7acf7ec225f3cf82ed41047d.jpg,blur_moderate
train,Right_turn_ahead_347_jpg.rf.3049ac292d435e4e443abe25613bba03.jpg,fog_severe
train,Right_turn_ahead_348_jpg.rf.4e92e3bf9ab1048d4592f407f2547e00.jpg,small_distance_0.83
train,Right_turn_ahead_349_jpg.rf.349caa80713efea7449efb2bb57a9c98.jpg,small_distance_0.77|low_light_moderate
train,Right_turn_ahead_350_jpg.rf.1fbcfd2fa414e93e5742df2efbf3954f.jpg,rain_severe
train,Right_turn_ahead_351_jpg.rf.dd9bee788f27f9dabd5eb9f8724ce9fb.jpg,rain_severe
train,Right_turn_ahead_352_jpg.rf.c1d02658542c19e8e2859d9fe878039c.jpg,small_distance_0.61|low_light_moderate
train,Right_turn_ahead_353_jpg.rf.e55b3284b1c4c68cb567ee158a2cdd39.jpg,blur_moderate
train,Right_turn_ahead_354_jpg.rf.bebf052427e46a987ad8dcf80a9bd0ca.jpg,glare_mild
train,Right_turn_ahead_355_jpg.rf.086195bc8c1ff0e50be4be672b5b4a0d.jpg,blur_severe
train,Right_turn_ahead_356_jpg.rf.6da2aea0d35e83d78d949446a41b6100.jpg,fog_severe
train,Right_turn_ahead_359_jpg.rf.d465c45f48f06434cc1687856c263d1a.jpg,small_distance_0.68
train,Right_turn_ahead_35_jpg.rf.d9843bfa195ef134bfc6af6b96b0bd47.jpg,occlusion_mild
train,Right_turn_ahead_361_jpg.rf.d9f3a8b3f41a1e6f6b1dd62c223fa1f9.jpg,glare_mild
train,Right_turn_ahead_362_jpg.rf.600ba8646dbfc44058fe744d01e3e6c8.jpg,small_distance_0.67|occlusion_mild
train,Right_turn_ahead_363_jpg.rf.740b83a149b9e56fb51e47991b16ef8b.jpg,small_distance_0.69|occlusion_moderate
train,Right_turn_ahead_364_jpg.rf.30e9da608a6dd86032c9878e815269e3.jpg,small_distance_0.71|occlusion_severe
train,Right_turn_ahead_365_jpg.rf.325a847e15a7d09a4ddc86874d55354e.jpg,blur_mild
train,Right_turn_ahead_366_jpg.rf.f00f35850d7362bf0a5d26d30905cecb.jpg,low_light_moderate
train,Right_turn_ahead_367_jpg.rf.3648f2ca1071109fd79e2a365deb7b7a.jpg,glare_severe
train,Right_turn_ahead_369_jpg.rf.57cdcb75b80933c9c27670442be80ed0.jpg,small_distance_0.83|occlusion_severe
train,Right_turn_ahead_36_jpg.rf.ef4791e4a22fe99bc0ba2a6b48b8f55b.jpg,blur_mild
train,Right_turn_ahead_37_jpg.rf.8dc42d8318ef195db9e9d483b732739a.jpg,small_distance_0.70|low_light_moderate
train,Right_turn_ahead_38_jpg.rf.562ee4588660adc085dbe96bcebc7d0d.jpg,small_distance_0.64|low_light_severe
train,Right_turn_ahead_39_jpg.rf.991e5c2dacb2c2e73e77d3e1f2d11d8b.jpg,small_distance_0.60
train,Right_turn_ahead_43_jpg.rf.f72fbac3871512a834bf2281ca6bcd85.jpg,clean
train,Right_turn_ahead_44_jpg.rf.fd99cd306513ad9343dd6777f7e4bb77.jpg,low_light_moderate
train,Right_turn_ahead_45_jpg.rf.1ba09d202e3ee4baeaaaa366ddccdb15.jpg,clean
train,Right_turn_ahead_46_jpg.rf.8faeb4b66dd62c46c717cabb0465ec50.jpg,fog_moderate
train,Right_turn_ahead_48_jpg.rf.c1c3283eb3f21c0494b3132368971227.jpg,clean
train,Right_turn_ahead_52_jpg.rf.9ddae6605d3321a8d997196079ddbb37.jpg,occlusion_moderate
train,Right_turn_ahead_53_jpg.rf.261b83553470c5b312c5926c72e4c0c3.jpg,fog_moderate
train,Right_turn_ahead_55_jpg.rf.6d6c86687c36bcf26ce7be469526e6b2.jpg,clean
train,Right_turn_ahead_56_jpg.rf.3a0b55525fecfaf63d1a8730cd433204.jpg,small_distance_0.83|glare_moderate
train,Right_turn_ahead_57_jpg.rf.1c9e84003ac50847e6698b847f46b8cb.jpg,glare_moderate
train,Right_turn_ahead_58_jpg.rf.0004cb1625f0a7aefae16a5e93ff2a20.jpg,small_distance_0.76|occlusion_moderate
train,Right_turn_ahead_59_jpg.rf.758af56eee99d819a67da41d5af9162d.jpg,small_distance_0.66|glare_moderate
train,Right_turn_ahead_60_jpg.rf.45a391d64335bcf0e27f8a671e8de912.jpg,rain_severe
train,Right_turn_ahead_63_jpg.rf.1c4c550140986585e4d987e2518a264a.jpg,clean
train,Right_turn_ahead_64_jpg.rf.531877a62eae0cf21674372e1e230f65.jpg,small_distance_0.62|glare_severe
train,Right_turn_ahead_65_jpg.rf.4a959e077189304d505d7ca4a48818ab.jpg,clean
train,Right_turn_ahead_66_jpg.rf.309582802f2fedc1e46989ee2a5c670c.jpg,clean
train,Right_turn_ahead_67_jpg.rf.46a1a709c74a45eefcddc1a22beb2c03.jpg,clean
train,Right_turn_ahead_69_jpg.rf.8c3b1cd3cb76102a28f3cb59891cbc75.jpg,low_light_severe
train,Right_turn_ahead_70_jpg.rf.a5c4827d74dd864687f884ef116e84e6.jpg,occlusion_moderate
train,Right_turn_ahead_73_jpg.rf.b58ab0c57779116ccd00ab7ccb259c71.jpg,small_distance_0.66
train,Right_turn_ahead_77_jpg.rf.54a32992fef8dbd52a74c734923c9316.jpg,small_distance_0.59|fog_severe
train,Right_turn_ahead_78_jpg.rf.62ca0a10356229d745898e808e9ed684.jpg,rain_severe
train,Right_turn_ahead_79_jpg.rf.6fb09ddf442428feacc619d9b9b0fc58.jpg,small_distance_0.61|rain_moderate
train,Right_turn_ahead_81_jpg.rf.999e0090b8be15e713f973647946811a.jpg,clean
train,Right_turn_ahead_82_jpg.rf.4fb4043b36f702274e39bebedfcddb6f.jpg,small_distance_0.71|blur_mild
train,Right_turn_ahead_85_jpg.rf.480c67a15437473dd3a870cca5d13217.jpg,occlusion_severe
train,Right_turn_ahead_87_jpg.rf.68beafb9e3b86721bc67d577d83da839.jpg,clean
train,Right_turn_ahead_90_jpg.rf.7d9cf844127dd59f695b81e195540a71.jpg,clean
train,Right_turn_ahead_91_jpg.rf.1b06b6c71bd3bf737bec4b13ef96fd7b.jpg,fog_moderate
train,Right_turn_ahead_92_jpg.rf.55d28a047a3c3efecb725eb30ce272ba.jpg,small_distance_0.66|occlusion_moderate
train,Right_turn_ahead_93_jpg.rf.bcd8de1c9678380220a05e6f7852ff99.jpg,small_distance_0.77|blur_severe
train,Right_turn_ahead_95_jpg.rf.bb5a6b6a120bc33e8091826a974011f4.jpg,glare_mild
train,Right_turn_ahead_96_jpg.rf.e1faad712c39ae737d9b50dc2f4750ec.jpg,low_light_moderate
train,Right_turn_ahead_97_jpg.rf.e6c4190f98959ae37bafa9420ef69ae4.jpg,small_distance_0.68|low_light_moderate
train,Right_turn_ahead_98_jpg.rf.f4bf0b8cfebf7d1e865e6788d944f253.jpg,low_light_moderate
train,School_ahead_0_jpg.rf.8e9ebf36db4cb177f8960b0dd3f91763.jpg,low_light_mild
train,School_ahead_100_jpg.rf.3b9fba56223d232dc93a85e831e15bff.jpg,clean
train,School_ahead_101_jpg.rf.4045b869c8e5ca6b37e5b10dfed55b61.jpg,clean
train,School_ahead_103_jpg.rf.6acd94da49c7fee4be2bb9e3ebbf046f.jpg,glare_severe
train,School_ahead_104_jpg.rf.7ae2eafd6be7fc914c1b26e69271258f.jpg,blur_severe
train,School_ahead_106_jpg.rf.8783c29e90eea0c297e8a80b071623c5.jpg,glare_severe
train,School_ahead_107_jpg.rf.79d5e41c0c0b16303f4b6f5e88f97191.jpg,small_distance_0.65|low_light_moderate
train,School_ahead_109_jpg.rf.44dba60c8a90b6f041352d826d0993e1.jpg,clean
train,School_ahead_10_jpg.rf.938a93be8b5541e78bf151299a98de6d.jpg,clean
train,School_ahead_110_jpg.rf.39dc19594803c2d30e01b5d16a61c79f.jpg,fog_mild
train,School_ahead_111_jpg.rf.0006231f5b888b222712ce6a652ebc34.jpg,blur_mild
train,School_ahead_112_jpg.rf.a8437c2c637c5cfde4a61ebf12fd7880.jpg,small_distance_0.60
train,School_ahead_113_jpg.rf.6a5b292b51839e85f1860200d07de925.jpg,clean
train,School_ahead_115_jpg.rf.50b5e0a8424c91d3037d74cd5f2e8b99.jpg,rain_severe
train,School_ahead_117_jpg.rf.1bd0b21b4936aed5bf7e3649bcc4ce34.jpg,clean
train,School_ahead_118_jpg.rf.e411a6813bf6ed67513fcd9db9f975bc.jpg,rain_mild
train,School_ahead_11_jpg.rf.529d192041612f50e27966859dffa4c4.jpg,small_distance_0.60|low_light_mild
train,School_ahead_121_jpg.rf.512183aed10c7994fbdd00cce36d895c.jpg,blur_moderate
train,School_ahead_123_jpg.rf.d4672b664487170d6fc22bd35dfae148.jpg,clean
train,School_ahead_124_jpg.rf.c72254447487c11cf5d839d98a2b7584.jpg,rain_moderate
train,School_ahead_125_jpg.rf.52e3cfc6df9f40647e1963aef88e1c08.jpg,rain_moderate
train,School_ahead_127_jpg.rf.45d00dbe3816a2ba90d6fba5af3220dc.jpg,small_distance_0.81
train,School_ahead_128_jpg.rf.7f2466462bf066a7f579ae5c9cf170cf.jpg,small_distance_0.83|occlusion_severe
train,School_ahead_129_jpg.rf.2af0825c308c5eb87b364e1d24da6cfe.jpg,small_distance_0.56|rain_mild
train,School_ahead_130_jpg.rf.ec81f2f12097e1d94e5220b970a762bd.jpg,blur_mild
train,School_ahead_131_jpg.rf.383607c89b799f84e1e7dc5978a6b87f.jpg,low_light_severe
train,School_ahead_132_jpg.rf.87ca4ac34284df66aef4a805c3ca46c1.jpg,rain_mild
train,School_ahead_135_jpg.rf.6fa4edeee411c78ba7d59e2e69700039.jpg,fog_severe
train,School_ahead_136_jpg.rf.79fcabd014d93879d24baff0897ef87b.jpg,rain_mild
train,School_ahead_139_jpg.rf.032d4d5f86a391edaa420c2b8cb96a2f.jpg,fog_severe
train,School_ahead_13_jpg.rf.6acdef73858c4ed09722a8a0a487b172.jpg,small_distance_0.69|glare_moderate
train,School_ahead_140_jpg.rf.b227f4cfd79e67923a46df3f8b5c0b5a.jpg,fog_moderate
train,School_ahead_141_jpg.rf.65106c3c3321650cb95bbcfc392e99c4.jpg,occlusion_moderate
train,School_ahead_142_jpg.rf.88d4e11cde120df5dd73941eecf0a163.jpg,small_distance_0.76|glare_moderate
train,School_ahead_143_jpg.rf.fa0f3660840a403823feaa19f29a8ee1.jpg,small_distance_0.84|fog_mild
train,School_ahead_145_jpg.rf.64312778e0785e3b11a559783d9b9f0f.jpg,small_distance_0.62|rain_severe
train,School_ahead_146_jpg.rf.2be4fea9a3c1e9ff96595b6278131779.jpg,small_distance_0.76
train,School_ahead_147_jpg.rf.e9cbd7bce0f50c9e999d27aa921ec45c.jpg,small_distance_0.79
train,School_ahead_151_jpg.rf.6f5b9ebfacd4555f241198783a06f6ce.jpg,glare_mild
train,School_ahead_152_jpg.rf.5d74c687566e6c7604368d03081809d9.jpg,low_light_mild
train,School_ahead_153_jpg.rf.ed4bd67a61702c14c48c198d0015e3cb.jpg,clean
train,School_ahead_155_jpg.rf.982ec2edf31c0778e2e504cdb95a750f.jpg,small_distance_0.81|rain_mild
train,School_ahead_157_jpg.rf.cadd3d70e8ac999bccf24f5fd11c9147.jpg,occlusion_moderate
train,School_ahead_158_jpg.rf.2c0d83fb0eba5993578fb6264c770ca6.jpg,fog_mild
train,School_ahead_15_jpg.rf.cba1a193814d04d330ccde0d8006cf8d.jpg,glare_mild
train,School_ahead_160_jpg.rf.a621a0a8e5a670f8d794fc1d1dc4aa06.jpg,glare_mild
train,School_ahead_161_jpg.rf.89dc86e1e7178da6da8611f201c704c1.jpg,clean
train,School_ahead_162_jpg.rf.0f96f7a8cbc4131cec70cbc450b1dc7e.jpg,blur_mild
train,School_ahead_163_jpg.rf.c6168195bc1c93559e9c60fe0aeb2088.jpg,small_distance_0.62|blur_mild
train,School_ahead_164_jpg.rf.51b0dfce5feea92a5a8cd0b39795df19.jpg,glare_severe
train,School_ahead_165_jpg.rf.81b0116688175f3532a4efdc7e4d0611.jpg,clean
train,School_ahead_166_jpg.rf.e8be48486a988d0ab6e9e78ae2765c60.jpg,glare_moderate
train,School_ahead_167_jpg.rf.dd4af0fdad86079fe66654bb49c57c7f.jpg,fog_severe
train,School_ahead_16_jpg.rf.781ca51f5ef01ba34b8a85d1bb6352e9.jpg,clean
train,School_ahead_173_jpg.rf.a603ed6ccc47289fee8e4c38cf63842e.jpg,glare_severe
train,School_ahead_174_jpg.rf.5a02ff0d0f4fa1fd229a0e04a239acc5.jpg,rain_mild
train,School_ahead_176_jpg.rf.dcd7b79426271afcd1b401b491037471.jpg,clean
train,School_ahead_177_jpg.rf.a0d31aed555a835b9a445605f84b625f.jpg,small_distance_0.75|occlusion_moderate
train,School_ahead_178_jpg.rf.1fc10c15edc776f5f16eec3f3d9645c8.jpg,small_distance_0.73|fog_mild
train,School_ahead_179_jpg.rf.177621ce47fdb39859939f7ce379d2c4.jpg,occlusion_moderate
train,School_ahead_17_jpg.rf.9a1784a8054e6102c3d516cef9039bba.jpg,low_light_moderate
train,School_ahead_181_jpg.rf.ec0765dfcccbc7fd0fe6656e37d6093a.jpg,glare_moderate
train,School_ahead_182_jpg.rf.5cf7657f95e1a5ef1c8133828f284818.jpg,blur_severe
train,School_ahead_183_jpg.rf.e64b6e8c6acccff64e4b348acae8bd41.jpg,blur_mild
train,School_ahead_184_jpg.rf.50448fd3473cb5a6120cf6d84d99004a.jpg,occlusion_mild
train,School_ahead_185_jpg.rf.6bc13c5db247958c46a26c8abb61cd66.jpg,glare_moderate
train,School_ahead_186_jpg.rf.519d753bae8c33b20c48d7003ccc933e.jpg,small_distance_0.69
train,School_ahead_187_jpg.rf.1a04da7ed275cb20aa1217f40a75e288.jpg,small_distance_0.81
train,School_ahead_189_jpg.rf.51671ff7b4ff6560d1981513f0b786ca.jpg,clean
train,School_ahead_18_jpg.rf.19e0f5dfa6c93095db9b9ed94e6ac0da.jpg,glare_mild
train,School_ahead_190_jpg.rf.3e86be4ec7634b8e1533538678e701a3.jpg,low_light_moderate
train,School_ahead_191_jpg.rf.6b4e5a974977b2d9fe2482cc5af260c3.jpg,small_distance_0.82|glare_severe
train,School_ahead_193_jpg.rf.31953b50d58c960c3bebf3faae5e34d8.jpg,fog_severe
train,School_ahead_195_jpg.rf.e21d892d32b1c8b41fbff83fe4113e52.jpg,small_distance_0.78|blur_severe
train,School_ahead_197_jpg.rf.a359375ce48c6ea42cc93ef5886e2d62.jpg,small_distance_0.62|blur_mild
train,School_ahead_1_jpg.rf.9a9ff8783757a65f32521453e27284f3.jpg,fog_moderate
train,School_ahead_202_jpg.rf.bfe52ba6b10a3a038f3fbeaa8b8f206c.jpg,blur_severe
train,School_ahead_204_jpg.rf.d5ff9d40d4db9aa3d82b7dc80acc45ec.jpg,small_distance_0.80
train,School_ahead_205_jpg.rf.51848be7a2b7e8771fd86a05781439af.jpg,occlusion_mild
train,School_ahead_206_jpg.rf.4c3681ece94d63462652e357d81fcbbb.jpg,occlusion_moderate
train,School_ahead_207_jpg.rf.8723877b0bdb6b69eac2050d787df9f2.jpg,clean
train,School_ahead_208_jpg.rf.4b86b7981b6944e4bc0c99702928a75f.jpg,blur_severe
train,School_ahead_20_jpg.rf.11699b936b19dc87e51a6f3454b98778.jpg,low_light_mild
train,School_ahead_210_jpg.rf.9c073db296bdc293211e2c1c6ae9ffa9.jpg,rain_severe
train,School_ahead_212_jpg.rf.09928a79a146830f8791cf729c929213.jpg,occlusion_mild
train,School_ahead_213_jpg.rf.365b17c83af0550173205d2207bf24cd.jpg,clean
train,School_ahead_214_jpg.rf.237de0305c83e7bd24b786b270d2516d.jpg,blur_moderate
train,School_ahead_220_jpg.rf.cb568aef55cb1fa52d2a67921f0f29b3.jpg,small_distance_0.82
train,School_ahead_221_jpg.rf.9600c5fa7f84cfac24e49fb9f9c8f79b.jpg,rain_severe
train,School_ahead_223_jpg.rf.ff6c6547aca5d9a5c87ea62854496f9b.jpg,fog_severe
train,School_ahead_224_jpg.rf.39e399015a8070fbf955433e06b5fe58.jpg,occlusion_severe
train,School_ahead_226_jpg.rf.adeb02d3c0a2bc80b4501c4d1b48cc03.jpg,glare_mild
train,School_ahead_227_jpg.rf.fd9d8b234a886c2764d32e9664e0cac9.jpg,small_distance_0.80
train,School_ahead_228_jpg.rf.a98dd992cd4e86413adb9ebb93e2003c.jpg,clean
train,School_ahead_229_jpg.rf.855158dce05d9c091adc2b38a5d417b5.jpg,small_distance_0.79|glare_severe
train,School_ahead_22_jpg.rf.cf065a418de5f9c7149ee506e611ffa3.jpg,small_distance_0.80|fog_mild
train,School_ahead_231_jpg.rf.e8ec2b8b1a6dec786609b87b97ec0f7d.jpg,occlusion_severe
train,School_ahead_232_jpg.rf.8cf035481dd6cb490c7491fa57a32aaf.jpg,glare_mild
train,School_ahead_233_jpg.rf.d4a2832e2cea336456c1d5c5075fbe6f.jpg,clean
train,School_ahead_234_jpg.rf.ba68ee5ad4e47062cfedc96a90778e39.jpg,small_distance_0.59|blur_severe
train,School_ahead_235_jpg.rf.c110c7bbeed7b2255fee3f17f3727baa.jpg,glare_moderate
train,School_ahead_236_jpg.rf.72ef1de362c285b38bcc997bf9c743f5.jpg,low_light_moderate
train,School_ahead_237_jpg.rf.98cc449971bbe38b1e88e42d616d110e.jpg,small_distance_0.81
train,School_ahead_238_jpg.rf.ac6151c71789ac735a325f4a4f297676.jpg,clean
train,School_ahead_239_jpg.rf.1a93255150387d6cbb04066068efc72c.jpg,fog_mild
train,School_ahead_23_jpg.rf.9b6ccd4727bd0838044efe57ea7c3feb.jpg,rain_severe
train,School_ahead_240_jpg.rf.dcc37164818091018df3ac3513d19200.jpg,clean
train,School_ahead_241_jpg.rf.2d7d032d6e89d34f6de7953248186933.jpg,blur_mild
train,School_ahead_242_jpg.rf.3e8e88c10b262d8b472365d5a41a20ac.jpg,low_light_moderate
train,School_ahead_244_jpg.rf.6294d0c55a09a7b92b9dddb7ad760a29.jpg,small_distance_0.80|occlusion_moderate
train,School_ahead_245_jpg.rf.f8780649095a69d53e87a1dd5d0da5af.jpg,fog_severe
train,School_ahead_246_jpg.rf.044d07025c937effe925c5df72128ab0.jpg,clean
train,School_ahead_249_jpg.rf.6e1f8ad8b1a2e0285902d6079fb20d48.jpg,occlusion_moderate
train,School_ahead_250_jpg.rf.6f87bca31684b419b3b6868efbf28e66.jpg,blur_severe
train,School_ahead_252_jpg.rf.6ca572c80e4b97b2e3bdb1a21eecb4ed.jpg,glare_mild
train,School_ahead_253_jpg.rf.db01427899960c5cd76faf14b9df0aeb.jpg,blur_severe
train,School_ahead_254_jpg.rf.7668910b8b0614494480d89faad586e8.jpg,low_light_moderate
train,School_ahead_257_jpg.rf.ef70a47b0f045d07ae3f7bc79cfdbd46.jpg,clean
train,School_ahead_258_jpg.rf.a2a3e51fc79336228ab55483f5b37833.jpg,blur_severe
train,School_ahead_25_jpg.rf.a8d783e9be4fe06d402ae0c679407bde.jpg,blur_severe
train,School_ahead_260_jpg.rf.64fe7ef88e0facf0dbca97bc41e03940.jpg,small_distance_0.84|low_light_severe
train,School_ahead_262_jpg.rf.5986ac23c0ee759cc42dc3b09a05faf3.jpg,glare_severe
train,School_ahead_263_jpg.rf.783f48ad8c05c2c54512c478157d7505.jpg,glare_moderate
train,School_ahead_265_jpg.rf.05fc38eafd8cc6305a395ff4bc8f1592.jpg,glare_severe
train,School_ahead_266_jpg.rf.31060caaff3502bb3197c206da9d4560.jpg,blur_mild
train,School_ahead_267_jpg.rf.6595da69fadfd3dbf5e1c41cbcf8aff8.jpg,fog_mild
train,School_ahead_268_jpg.rf.a4c0535afcbe20abd7e66e8b0122f333.jpg,small_distance_0.67|glare_moderate
train,School_ahead_269_jpg.rf.899ebb911b372964817a41033a5689ad.jpg,fog_mild
train,School_ahead_26_jpg.rf.6544d1e7aeb1a84c92ff2fc6cb9fcc3d.jpg,small_distance_0.79|occlusion_severe
train,School_ahead_270_jpg.rf.75441a82dce449bfd1a66e405739f77e.jpg,small_distance_0.79|low_light_severe
train,School_ahead_271_jpg.rf.86a1d667bafe773e5677adb5ed0c101d.jpg,small_distance_0.67|rain_moderate
train,School_ahead_273_jpg.rf.18aee9bd17f6696e730feb37da7c5292.jpg,low_light_severe
train,School_ahead_274_jpg.rf.fb1943887191cb73d7e31bf08c56a181.jpg,clean
train,School_ahead_28_jpg.rf.054cee803a7a7c1cc19a2b60c927326e.jpg,small_distance_0.80|occlusion_mild
train,School_ahead_29_jpg.rf.a719749352288d9233563d43e0d6c62a.jpg,glare_severe
train,School_ahead_2_jpg.rf.cbe9e6753730a0b6a4cb016a6dae2d32.jpg,small_distance_0.66|occlusion_moderate
train,School_ahead_31_jpg.rf.6b1dfd6d4b727d06617d7d3a92521afe.jpg,clean
train,School_ahead_32_jpg.rf.372f5bd885deb3fe91a16b814e341fd6.jpg,clean
train,School_ahead_33_jpg.rf.fa5e47f5f804f7faaddf54b587f401b5.jpg,blur_mild
train,School_ahead_34_jpg.rf.fd59ae3a97c6ef9cd1a9d3814684664e.jpg,clean
train,School_ahead_35_jpg.rf.5973eba1596a2526715f8d08f6cef18a.jpg,low_light_severe
train,School_ahead_36_jpg.rf.dd55b139d6eb98a04ab8a7a4d81c3717.jpg,small_distance_0.74|blur_mild
train,School_ahead_37_jpg.rf.913f891247ccae195a21764181b1ded3.jpg,clean
train,School_ahead_38_jpg.rf.703162b26f30eff5064bc357caea3ec2.jpg,clean
train,School_ahead_39_jpg.rf.47469f63f410d39016c1f161f3a3ef0b.jpg,small_distance_0.65|rain_moderate
train,School_ahead_3_jpg.rf.17342ce343df560cef2a272df93a9789.jpg,small_distance_0.84
train,School_ahead_42_jpg.rf.b0ca757686e39ad05c2eaf4e95ba3ff1.jpg,low_light_mild
train,School_ahead_44_jpg.rf.ca8ac0b36922f2a53da2a816595a7f50.jpg,small_distance_0.62
train,School_ahead_46_jpg.rf.645d4159ebb8adf8160d83759cbe5e08.jpg,small_distance_0.60
train,School_ahead_47_jpg.rf.5a44c011dcc68d2fd3c7bcdbb7becec0.jpg,small_distance_0.62|rain_mild
train,School_ahead_48_jpg.rf.49ed5fd3981c0c692acfcffe81ed1b18.jpg,rain_mild
train,School_ahead_49_jpg.rf.cf1060f24e56ee466ca916bc960f1429.jpg,small_distance_0.62|low_light_moderate
train,School_ahead_4_jpg.rf.f7c99c3c7bac9b05cd80b93d02a2bde4.jpg,low_light_severe
train,School_ahead_50_jpg.rf.d06e981bddf5cc3bc3eea365411719d4.jpg,small_distance_0.61|glare_severe
train,School_ahead_51_jpg.rf.fe43593f1b6fbf51f97ae8ceb997a9d8.jpg,clean
train,School_ahead_52_jpg.rf.5ebcd16dbe12a91e26a84267973e2480.jpg,fog_moderate
train,School_ahead_53_jpg.rf.11313878ead434dd8e88bd2b6c290562.jpg,rain_moderate
train,School_ahead_54_jpg.rf.1ae82ed9d54ce0adf49cd9118a7d21cc.jpg,occlusion_mild
train,School_ahead_55_jpg.rf.9cc00f7b309bb595a5f8da3e836cd4b0.jpg,small_distance_0.80|low_light_severe
train,School_ahead_56_jpg.rf.883afae9508b4967c1021ca5040fcd04.jpg,small_distance_0.84
train,School_ahead_57_jpg.rf.7611af6d7c9efa03d92aed801591c632.jpg,fog_mild
train,School_ahead_59_jpg.rf.0bdb64752c91a8702f07e302fa220197.jpg,occlusion_moderate
train,School_ahead_5_jpg.rf.ee9d1a2c4308646de3992f580e6fcf7f.jpg,low_light_mild
train,School_ahead_62_jpg.rf.808afa2f0f102d959dfea615cefabf2e.jpg,blur_moderate
train,School_ahead_66_jpg.rf.b60cfa306fe4caad366f91275b1740ca.jpg,glare_mild
train,School_ahead_67_jpg.rf.3fa38425e71a804c17fbf77b156bfa70.jpg,low_light_moderate
train,School_ahead_68_jpg.rf.c567d5955ee1c11f110bd4fd87631dbd.jpg,fog_moderate
train,School_ahead_69_jpg.rf.7b1c989fbe84214d7661083cd9198f90.jpg,occlusion_moderate
train,School_ahead_71_jpg.rf.2eb4d240251e3a30c326e19c173d1dfd.jpg,small_distance_0.77|occlusion_mild
train,School_ahead_72_jpg.rf.b1928582d4c1ffa46731c464162e747c.jpg,occlusion_mild
train,School_ahead_73_jpg.rf.ebd2344dba39726ba8054fb85a07294b.jpg,glare_moderate
train,School_ahead_74_jpg.rf.827910d8e5b9496096618a93b1d0bab4.jpg,fog_mild
train,School_ahead_76_jpg.rf.72fef1bda52dfe25057329bb8e416c70.jpg,clean
train,School_ahead_78_jpg.rf.315da16f18e59ea88cad93d47d20e674.jpg,low_light_severe
train,School_ahead_79_jpg.rf.5cb1d67d3ef098b1fe105e8d019cc5a9.jpg,clean
train,School_ahead_7_jpg.rf.a395933eca09cb0ce3fb683b91deeb74.jpg,fog_severe
train,School_ahead_80_jpg.rf.e25add26b4af3cdbeaddb74c2fdc1293.jpg,small_distance_0.84|low_light_moderate
train,School_ahead_82_jpg.rf.58c0278914c20d16d2a700780fca0264.jpg,rain_severe
train,School_ahead_83_jpg.rf.240e8b69420937289481827f64741e8b.jpg,clean
train,School_ahead_84_jpg.rf.0e223b6aad873b7c0caa89899990c63b.jpg,glare_severe
train,School_ahead_85_jpg.rf.3aecfbfb9258e5d942dafee2f2c591e1.jpg,small_distance_0.58
train,School_ahead_89_jpg.rf.a97d18026225910e39ac1c2c6ec4ce49.jpg,clean
train,School_ahead_92_jpg.rf.ccd239ece082c54ad5486eff1206241e.jpg,occlusion_moderate
train,School_ahead_93_jpg.rf.a67c42de5ecc857024c52c61a1456f2e.jpg,small_distance_0.65|fog_mild
train,School_ahead_95_jpg.rf.44a259902448de3e73e2593836fabe03.jpg,clean
train,School_ahead_96_jpg.rf.1c2b9b70a18089ee6c729fdb3a4a8365.jpg,glare_mild
train,School_ahead_9_jpg.rf.16103d5e38d43be235d9162e12436102.jpg,small_distance_0.85|fog_moderate
train,Side_road_on_left_100_jpg.rf.16dbe170c9b1d045ec30865c4de74ffa.jpg,blur_severe
train,Side_road_on_left_102_jpg.rf.1cfc44ab679c78f56623f6caab2fdcfc.jpg,small_distance_0.72|blur_mild
train,Side_road_on_left_103_jpg.rf.82d8c6d8676a9aa30b4ecdc9b39aa029.jpg,small_distance_0.85|fog_moderate
train,Side_road_on_left_104_jpg.rf.1aad32becb1b8c716fa840fc23060891.jpg,small_distance_0.79|fog_mild
train,Side_road_on_left_105_jpg.rf.84c95c56b63f2976fb89398abae9eeb0.jpg,low_light_moderate
train,Side_road_on_left_106_jpg.rf.a7cc2cb45a590b7d79c2122f305a60d3.jpg,small_distance_0.62|occlusion_mild
train,Side_road_on_left_108_jpg.rf.9e40ece9e8ca4ff4a69e5c7f09d57dca.jpg,glare_severe
train,Side_road_on_left_109_jpg.rf.46e134e565213d8badf7ddaa171b7520.jpg,clean
train,Side_road_on_left_111_jpg.rf.0f9ad768147a6faaa66c7e47f026cf8b.jpg,clean
train,Side_road_on_left_113_jpg.rf.f32fa9c9514e22e62e8f457f077f9514.jpg,low_light_mild
train,Side_road_on_left_114_jpg.rf.3057f1cbadd61813729e9a5122d63d32.jpg,fog_mild
train,Side_road_on_left_115_jpg.rf.31c0e67c0f363160163282e21d17dc40.jpg,small_distance_0.60|blur_moderate
train,Side_road_on_left_117_jpg.rf.7921e627c07200645920a466553d7226.jpg,small_distance_0.60|fog_moderate
train,Side_road_on_left_118_jpg.rf.74cbfcb28025f915eff9d2784c48d98f.jpg,glare_moderate
train,Side_road_on_left_119_jpg.rf.d5b862f069612fa1b9b8b185a2956ec9.jpg,blur_moderate
train,Side_road_on_left_11_jpg.rf.7424fca81ac2d0b9266f5f94e2b05c0c.jpg,small_distance_0.59
train,Side_road_on_left_121_jpg.rf.b5fc07e6bb55dffb679b5ddb1397a4c9.jpg,clean
train,Side_road_on_left_123_jpg.rf.0501d3e22b075cd1e05e5a34b06e65a2.jpg,small_distance_0.57
train,Side_road_on_left_124_jpg.rf.6acc87c3a10727b3948ae79941932585.jpg,clean
train,Side_road_on_left_126_jpg.rf.e6704ec1dfc6f05daf82ffc020575454.jpg,clean
train,Side_road_on_left_127_jpg.rf.d5df1350531e03b517fe309c2b8886b6.jpg,clean
train,Side_road_on_left_128_jpg.rf.6115f8725db1e824d79d2b849055bfe1.jpg,small_distance_0.75
train,Side_road_on_left_130_jpg.rf.82dfde8a66e115816cda5b177d59c75a.jpg,low_light_moderate
train,Side_road_on_left_132_jpg.rf.14fcbbe7005e6ae65fab24ffa63a14ad.jpg,fog_moderate
train,Side_road_on_left_135_jpg.rf.291470af9b7923a714e1aa9969882d87.jpg,small_distance_0.78|occlusion_moderate
train,Side_road_on_left_136_jpg.rf.4739952b73e8b3e0c25140d2acac8101.jpg,glare_mild
train,Side_road_on_left_137_jpg.rf.b3af018d8c20cbd2aba8d1b9b03a72c1.jpg,glare_severe
train,Side_road_on_left_139_jpg.rf.2888a57968d29b2bf945a93edeebd56c.jpg,fog_severe
train,Side_road_on_left_13_jpg.rf.c11668138ad9f8a38eac2ee856e25855.jpg,blur_mild
train,Side_road_on_left_140_jpg.rf.69c570175d42108be8e774b00afd2ef4.jpg,low_light_severe
train,Side_road_on_left_141_jpg.rf.6aa57effd7c8634f20327d0a9d2be6da.jpg,occlusion_moderate
train,Side_road_on_left_142_jpg.rf.313f1ce8d17bb773458ba7f5e0a962cf.jpg,blur_moderate
train,Side_road_on_left_143_jpg.rf.3fd1c1eb8ae7050e73f38f19526542ea.jpg,low_light_mild
train,Side_road_on_left_144_jpg.rf.e0c5ac9c47469017d12c077b0d02f7d2.jpg,glare_severe
train,Side_road_on_left_145_jpg.rf.8800fe6940cb345f45e9503831c0c3eb.jpg,clean
train,Side_road_on_left_147_jpg.rf.7a023c4e821f2120768d02db5ac304bb.jpg,blur_mild
train,Side_road_on_left_148_jpg.rf.e40a83715952f1770fada2e7c204944b.jpg,small_distance_0.83
train,Side_road_on_left_149_jpg.rf.623f0b1e19967c23072ab3ace43e278b.jpg,rain_moderate
train,Side_road_on_left_14_jpg.rf.7e279224cf95516ece9c7428d6a46209.jpg,small_distance_0.74|glare_mild
train,Side_road_on_left_150_jpg.rf.c97b7691c2577d2b603ebaf48679cdee.jpg,fog_mild
train,Side_road_on_left_151_jpg.rf.95f8a971727e53d9f2ff70baefccb7c0.jpg,fog_mild
train,Side_road_on_left_152_jpg.rf.30a7692d8baa11cbbc448caabb6e009e.jpg,clean
train,Side_road_on_left_153_jpg.rf.94b990829e42b105f82bd72f4b8102b6.jpg,clean
train,Side_road_on_left_154_jpg.rf.ad4e239d5bb13b301eef116dc5247ce1.jpg,small_distance_0.59|occlusion_moderate
train,Side_road_on_left_157_jpg.rf.c2c72b429274f9722198bce2c99e35f9.jpg,low_light_severe
train,Side_road_on_left_158_jpg.rf.03e175037439465283daddf6df747164.jpg,rain_severe
train,Side_road_on_left_159_jpg.rf.6651caacf9761d3d699b27c2703f818a.jpg,occlusion_mild
train,Side_road_on_left_160_jpg.rf.8479397856a9a23bb4d3ab1ff1e24c9d.jpg,fog_mild
train,Side_road_on_left_161_jpg.rf.3875e31ef19688076a223a59a2d3252c.jpg,low_light_mild
train,Side_road_on_left_162_jpg.rf.4f37f620d2cbc53d63c99376d6994a6e.jpg,occlusion_moderate
train,Side_road_on_left_164_jpg.rf.6b851b4d17d511a943aab08857a3c574.jpg,small_distance_0.76|blur_mild
train,Side_road_on_left_165_jpg.rf.0de2e7204482c0585f901719f48ac891.jpg,small_distance_0.79|low_light_moderate
train,Side_road_on_left_166_jpg.rf.9eed95355b2282e788f6d1738437ab76.jpg,small_distance_0.77
train,Side_road_on_left_168_jpg.rf.9c8ddc270146e401f44e6ee97690c383.jpg,fog_severe
train,Side_road_on_left_170_jpg.rf.7225e7922ee7e23962d9cf839bd80ad8.jpg,small_distance_0.81|blur_moderate
train,Side_road_on_left_171_jpg.rf.d264861e0d6c205f3d377d0f7af07968.jpg,clean
train,Side_road_on_left_172_jpg.rf.1313c514a32036a1b8bf69094cd29467.jpg,glare_mild
train,Side_road_on_left_174_jpg.rf.a772c52ac1e459e1ab0593e723f8fb12.jpg,small_distance_0.85|blur_mild
train,Side_road_on_left_176_jpg.rf.c775741463d779356bbef4a18c77613f.jpg,small_distance_0.80|occlusion_mild
train,Side_road_on_left_177_jpg.rf.6e995ed983563400c374bbe37c54742e.jpg,small_distance_0.73|rain_moderate
train,Side_road_on_left_179_jpg.rf.4227dbd4fbbad5c5c23b0420f29275a5.jpg,low_light_mild
train,Side_road_on_left_17_jpg.rf.5cccc31e90dd66e858093efb02d23f24.jpg,blur_severe
train,Side_road_on_left_181_jpg.rf.1467adaea5efc640716df60e41b1ca56.jpg,small_distance_0.60
train,Side_road_on_left_183_jpg.rf.5b23b62e72653c40093531a8c9b3555b.jpg,small_distance_0.60|occlusion_mild
train,Side_road_on_left_184_jpg.rf.7e910371b1fc5958c024a97d06b4ec5f.jpg,fog_severe
train,Side_road_on_left_185_jpg.rf.e9280d231d66493961524934fd613ee5.jpg,small_distance_0.61|occlusion_severe
train,Side_road_on_left_187_jpg.rf.f112934ee3986e6f202fb292ff74df40.jpg,clean
train,Side_road_on_left_188_jpg.rf.bbff9bba7fb7ce2cc0d3f6a04fa5e8be.jpg,small_distance_0.62|low_light_mild
train,Side_road_on_left_18_jpg.rf.7e1f5c464c1b635475e227e99f7105bd.jpg,small_distance_0.84|occlusion_mild
train,Side_road_on_left_193_jpg.rf.0ba0de1afc21d110e2ec4743ebcbaa5d.jpg,low_light_severe
train,Side_road_on_left_194_jpg.rf.240b36724becefc832edfcc7712760cb.jpg,small_distance_0.83|rain_mild
train,Side_road_on_left_195_jpg.rf.058f060302844f1f882606b0b6eb4185.jpg,blur_severe
train,Side_road_on_left_196_jpg.rf.916dbfb6c83b8cf2d2655d35f4ad7fa0.jpg,small_distance_0.67|rain_severe
train,Side_road_on_left_197_jpg.rf.7c0ac51f0c532dfba55cb00ee50d90ba.jpg,small_distance_0.71|glare_severe
train,Side_road_on_left_19_jpg.rf.b1c85cbfbffea1fa6160d9b67b26c2c0.jpg,low_light_moderate
train,Side_road_on_left_1_jpg.rf.ce8ab1832bcfb71a62cd34a6f1b74b38.jpg,occlusion_moderate
train,Side_road_on_left_200_jpg.rf.264cc42eb0fe80eca615df2846f9798d.jpg,occlusion_moderate
train,Side_road_on_left_201_jpg.rf.6d424911e15ddca35a6cdfa6ce006b81.jpg,clean
train,Side_road_on_left_203_jpg.rf.302b2fec4dcd29d26089e9a4befbd934.jpg,clean
train,Side_road_on_left_205_jpg.rf.8b982622a11ae9ff6806f8cec73e2eae.jpg,small_distance_0.64|glare_moderate
train,Side_road_on_left_206_jpg.rf.8658d622a97304dc2a5d5c01e53e9d93.jpg,blur_moderate
train,Side_road_on_left_208_jpg.rf.5cd628765e62d62589aa5e4cba6367d9.jpg,glare_moderate
train,Side_road_on_left_209_jpg.rf.a50926cdf2b8c1c12fc4be217fbb86d4.jpg,rain_moderate
train,Side_road_on_left_20_jpg.rf.73c60572e99c2b6b6a5af83eb80018ff.jpg,small_distance_0.74|glare_moderate
train,Side_road_on_left_210_jpg.rf.b1ef0ae4cb5ca12e30cc574cbaf5a9dc.jpg,glare_moderate
train,Side_road_on_left_211_jpg.rf.e103858100a4112ade8d1e715ee8da33.jpg,fog_moderate
train,Side_road_on_left_213_jpg.rf.cc938a1ebcabae5dc3ddacea335642b6.jpg,low_light_mild
train,Side_road_on_left_214_jpg.rf.0eeed5ca766152e9a2eb438be9c1b8ff.jpg,small_distance_0.76|occlusion_severe
train,Side_road_on_left_215_jpg.rf.2e699b7f4ffe78c14ef7ceb7dfa626f0.jpg,glare_severe
train,Side_road_on_left_216_jpg.rf.1d40a468bfe43f784524cecc27fc6dac.jpg,clean
train,Side_road_on_left_217_jpg.rf.ff5fc071ecd6714bf8d460baec23191e.jpg,glare_mild
train,Side_road_on_left_218_jpg.rf.bb521edd5f52cb896ec3ff4a2715727e.jpg,glare_moderate
train,Side_road_on_left_219_jpg.rf.63f827a668e61ef9551899326192e088.jpg,clean
train,Side_road_on_left_21_jpg.rf.46f129b383ac2e3f3a62404c609dd227.jpg,rain_mild
train,Side_road_on_left_220_jpg.rf.39325c6acfd19cb4a7ccd701c8b64afb.jpg,small_distance_0.82|low_light_moderate
train,Side_road_on_left_221_jpg.rf.26a9f8d842fb3457c5273dc6c27931be.jpg,small_distance_0.68|glare_severe
train,Side_road_on_left_223_jpg.rf.194fc94efb5ca8c05c783718fc4999ef.jpg,occlusion_severe
train,Side_road_on_left_224_jpg.rf.773eea40fed4d1b9d2ab096e3dd5a8b0.jpg,glare_severe
train,Side_road_on_left_225_jpg.rf.6429e90c768b5136945e08af7bf4c410.jpg,glare_moderate
train,Side_road_on_left_226_jpg.rf.532b46aa807bde09615a1f111717cf87.jpg,clean
train,Side_road_on_left_227_jpg.rf.37faf31dd11f4bf752224438aab66474.jpg,small_distance_0.83|low_light_severe
train,Side_road_on_left_228_jpg.rf.b086e30ebe330342beb8f849578b6b21.jpg,clean
train,Side_road_on_left_229_jpg.rf.ac86fa93befcbafacc7d8987ab151442.jpg,clean
train,Side_road_on_left_22_jpg.rf.a4dd8206b0f892580fd5e2c7e0868e57.jpg,small_distance_0.55
train,Side_road_on_left_230_jpg.rf.1f602e9f29655afaf3b4ed00259db8c5.jpg,small_distance_0.81|fog_mild
train,Side_road_on_left_231_jpg.rf.21656bf6efde5fcd89084687076faba6.jpg,clean
train,Side_road_on_left_233_jpg.rf.7a0c3400c3c98a35008cb5513a96d9f4.jpg,small_distance_0.57|fog_severe
train,Side_road_on_left_234_jpg.rf.2cc135200cd9953ad51a7c2a4509a669.jpg,fog_severe
train,Side_road_on_left_235_jpg.rf.8d24b58a796624ad6fc121f553dca776.jpg,small_distance_0.64
train,Side_road_on_left_236_jpg.rf.1f7925d76119f43ea67344d48aacbbe4.jpg,small_distance_0.81|blur_severe
train,Side_road_on_left_238_jpg.rf.e97ffca881fad7fd8c3585cfa1c6781e.jpg,low_light_severe
train,Side_road_on_left_239_jpg.rf.62fb39b6f5f415c0b5a31db3d044228d.jpg,fog_severe
train,Side_road_on_left_23_jpg.rf.c24ee97a04471b6dbb3f0c846d42af8e.jpg,blur_severe
train,Side_road_on_left_240_jpg.rf.7efe4f25925937e53c236c7486c3590c.jpg,clean
train,Side_road_on_left_241_jpg.rf.71402c96b2c9b34dfffb4f02915d77fe.jpg,small_distance_0.56
train,Side_road_on_left_243_jpg.rf.497c024028b31bb654de5ec29ec38321.jpg,blur_severe
train,Side_road_on_left_244_jpg.rf.d4ba759bc1284024bd48e59442c0dbf6.jpg,clean
train,Side_road_on_left_246_jpg.rf.cb5577289254133f15787c3ec55c1d17.jpg,rain_moderate
train,Side_road_on_left_248_jpg.rf.292900bd15232da3f7f6e3f6b24041fc.jpg,clean
train,Side_road_on_left_249_jpg.rf.36f53ebf18d5a4e59e94eb473cc74798.jpg,fog_mild
train,Side_road_on_left_251_jpg.rf.3b539d2455d6fbaceadcce37789ef9e1.jpg,rain_severe
train,Side_road_on_left_252_jpg.rf.a4cacdf311fbbb799000aed94dcd9f46.jpg,small_distance_0.67|occlusion_mild
train,Side_road_on_left_253_jpg.rf.2b01d8158f9111c70824c68bc354042b.jpg,occlusion_mild
train,Side_road_on_left_254_jpg.rf.d375861ec00b0708ba02c5a6a5529630.jpg,clean
train,Side_road_on_left_255_jpg.rf.b1cc6e180cf2449ec47785a00213008d.jpg,low_light_moderate
train,Side_road_on_left_256_jpg.rf.7d34a6830f2c2c907eb221b5bd902092.jpg,fog_mild
train,Side_road_on_left_257_jpg.rf.9643deb23becb8ce661bd9edd5921be8.jpg,clean
train,Side_road_on_left_258_jpg.rf.bb8d6e30ae0e114e77db0eb517fcc7fd.jpg,fog_mild
train,Side_road_on_left_260_jpg.rf.3b1cec1752b7b54e6553eae672b44c05.jpg,small_distance_0.62|glare_moderate
train,Side_road_on_left_263_jpg.rf.9c913b06682342a3829db9efc9aba5c0.jpg,small_distance_0.63
train,Side_road_on_left_265_jpg.rf.1307365c8bf43162809c7eef8b7551fe.jpg,fog_severe
train,Side_road_on_left_266_jpg.rf.97eca74bb423717fd23f0b5024f3c0ad.jpg,small_distance_0.81
train,Side_road_on_left_267_jpg.rf.b40973bf2844a7ca18d1a75358841170.jpg,small_distance_0.72|rain_moderate
train,Side_road_on_left_269_jpg.rf.bc2dc889509447e256540a9cd10498f4.jpg,occlusion_moderate
train,Side_road_on_left_26_jpg.rf.fe952d263e97ff0089f9169915adfac1.jpg,low_light_moderate
train,Side_road_on_left_272_jpg.rf.95066b2edf17fe8e2c79d3d9125330ad.jpg,fog_severe
train,Side_road_on_left_273_jpg.rf.3214bf4c09db07eef0768e1eb338d08d.jpg,small_distance_0.61|blur_moderate
train,Side_road_on_left_276_jpg.rf.738ce1b2b1351eaff68d023e653dd3a0.jpg,occlusion_moderate
train,Side_road_on_left_277_jpg.rf.0f9427ef192714b455a8031d06daa329.jpg,clean
train,Side_road_on_left_278_jpg.rf.46955d93c12871251a8b915699d1dd0e.jpg,small_distance_0.59
train,Side_road_on_left_27_jpg.rf.a089243505f5376b9fd305baf7711e42.jpg,small_distance_0.60|low_light_mild
train,Side_road_on_left_280_jpg.rf.4eb99ff674903a16d44768287a286ca5.jpg,clean
train,Side_road_on_left_282_jpg.rf.9ccf1a1ef5b7f379fdca15f7ce84e792.jpg,small_distance_0.55
train,Side_road_on_left_283_jpg.rf.7533e7748927865a0b94b3b77455bf29.jpg,rain_severe
train,Side_road_on_left_284_jpg.rf.b48a4cc4664a5ea0e5b06ef710fb32c8.jpg,clean
train,Side_road_on_left_285_jpg.rf.7991b03292adbd45358b672435a85a9d.jpg,clean
train,Side_road_on_left_286_jpg.rf.7cfecb5910f18204268b09f97fbbff60.jpg,blur_mild
train,Side_road_on_left_287_jpg.rf.124e0e188b3cf5d9a1e473da396fe6d8.jpg,occlusion_mild
train,Side_road_on_left_288_jpg.rf.c12a5d3735ee118aac32cbf375839676.jpg,small_distance_0.77|glare_severe
train,Side_road_on_left_289_jpg.rf.bedbf2d2eae03ea45f1d4da5149c3e3f.jpg,small_distance_0.56|fog_severe
train,Side_road_on_left_290_jpg.rf.e298068828ded50ab95a3dc6a6897a7f.jpg,rain_severe
train,Side_road_on_left_292_jpg.rf.b7d3c4bc7f7b1362af0aa48b63fe779b.jpg,rain_moderate
train,Side_road_on_left_294_jpg.rf.efcff3beb80e65a241ce0361bc1a8aa4.jpg,small_distance_0.75
train,Side_road_on_left_295_jpg.rf.e79836d66aeeb9f28c731ee9a8753078.jpg,small_distance_0.61|rain_mild
train,Side_road_on_left_296_jpg.rf.be25ad6e9356531cf5dbd81c22bffa05.jpg,small_distance_0.81|rain_severe
train,Side_road_on_left_298_jpg.rf.a61a99e87955cf5d5f9022c1cb92564e.jpg,small_distance_0.78|fog_mild
train,Side_road_on_left_29_jpg.rf.1dbfec66bc9ffece55002d01c3b9ff34.jpg,small_distance_0.74|low_light_moderate
train,Side_road_on_left_2_jpg.rf.92049b27c583ac27938abd85aa7a5f27.jpg,glare_moderate
train,Side_road_on_left_300_jpg.rf.0645a6903ba785ef7f37e9a45c502f61.jpg,low_light_mild
train,Side_road_on_left_302_jpg.rf.87fe6d775bedf3154961e7898da49545.jpg,clean
train,Side_road_on_left_303_jpg.rf.7c4edde8ef218a3b8c3f5317904369c8.jpg,small_distance_0.78|blur_moderate
train,Side_road_on_left_306_jpg.rf.f7afd211c887287f4209606c1d546862.jpg,small_distance_0.77|glare_mild
train,Side_road_on_left_307_jpg.rf.cf6ae22167271c9e57ff38e6314209ce.jpg,clean
train,Side_road_on_left_309_jpg.rf.58723bae94e3efa636fb83f25799ba09.jpg,clean
train,Side_road_on_left_310_jpg.rf.0ed959df4ea29f72e37e9dd54a0e9a15.jpg,fog_severe
train,Side_road_on_left_312_jpg.rf.772a0a08070f468cad0e3a32897d394f.jpg,blur_severe
train,Side_road_on_left_314_jpg.rf.ebb5c28dd7ce05437554c93112bbd473.jpg,small_distance_0.80|occlusion_moderate
train,Side_road_on_left_315_jpg.rf.0ffa8228f73c0b94861909c54501762c.jpg,glare_moderate
train,Side_road_on_left_316_jpg.rf.323fcd2239238a71851e13ff765b3544.jpg,rain_severe
train,Side_road_on_left_318_jpg.rf.346eef575cf2ee7ae5813586d7452482.jpg,small_distance_0.76|glare_moderate
train,Side_road_on_left_320_jpg.rf.789db5e5adb3c4ce601505a358bc6e54.jpg,clean
train,Side_road_on_left_322_jpg.rf.92c6138d9d5201acb7f2d30954d467a9.jpg,glare_moderate
train,Side_road_on_left_323_jpg.rf.6f70262e757ce5cd3f842fb6a8a54a38.jpg,small_distance_0.77|blur_mild
train,Side_road_on_left_324_jpg.rf.70f045e519e58c52950b650bbaf2620f.jpg,occlusion_mild
train,Side_road_on_left_325_jpg.rf.12bab98862a72bfb7c7307c3f7d5ea9b.jpg,occlusion_mild
train,Side_road_on_left_326_jpg.rf.5d98e2cd152d5fe181d81b01b2050695.jpg,small_distance_0.83|blur_moderate
train,Side_road_on_left_328_jpg.rf.e9e7d3256eefd470d22aad92324f959f.jpg,rain_mild
train,Side_road_on_left_329_jpg.rf.d966607dfe5f85ffa256a0a926a5bc55.jpg,low_light_moderate
train,Side_road_on_left_330_jpg.rf.97a536f00ef2a46c9d86baed506d44f1.jpg,small_distance_0.70|glare_moderate
train,Side_road_on_left_331_jpg.rf.35d7b700787164559ddb3d7591060460.jpg,occlusion_mild
train,Side_road_on_left_332_jpg.rf.d9a0595f6836fdb840011bef4aad0873.jpg,fog_severe
train,Side_road_on_left_333_jpg.rf.ff0f4ac33e830b832db3e07c0252127e.jpg,rain_severe
train,Side_road_on_left_334_jpg.rf.8e2d0fcc30f6256e4a079a4be7802d92.jpg,clean
train,Side_road_on_left_335_jpg.rf.e06974fd4e97813ccf2c11a9dbb1bb3e.jpg,fog_severe
train,Side_road_on_left_336_jpg.rf.e8723690ba952b1ce45f96b03a6095a9.jpg,small_distance_0.74|glare_severe
train,Side_road_on_left_337_jpg.rf.20011c7781aeb70f68d051456e306148.jpg,small_distance_0.59|occlusion_moderate
train,Side_road_on_left_338_jpg.rf.9d506491a8b97019b7034f76495dcc82.jpg,clean
train,Side_road_on_left_33_jpg.rf.18aa65cc25647f93236c76ebcc14c95b.jpg,clean
train,Side_road_on_left_340_jpg.rf.cb897fc6d6ff2c092b82187a0c0e7b84.jpg,small_distance_0.68|rain_moderate
train,Side_road_on_left_342_jpg.rf.a5615f3b025cfa916a4a36589e8b1c6c.jpg,clean
train,Side_road_on_left_343_jpg.rf.a41f1252827c5ffd39c3d593bbe9f349.jpg,glare_moderate
train,Side_road_on_left_344_jpg.rf.4c113a795451149ae40079b15c7d9705.jpg,fog_severe
train,Side_road_on_left_345_jpg.rf.248ec04b827de993ba60fcbbb703e78e.jpg,small_distance_0.59|occlusion_severe
train,Side_road_on_left_346_jpg.rf.53bf315024b4c7a42e90e0a2909f6bb6.jpg,low_light_severe
train,Side_road_on_left_347_jpg.rf.509e732b112360b340425e950e6d1ea3.jpg,small_distance_0.80|glare_mild
train,Side_road_on_left_348_jpg.rf.e8c70dcf158582790f1bdac25cacbcce.jpg,small_distance_0.81|rain_severe
train,Side_road_on_left_349_jpg.rf.e8821c4d874427415b4a51d6b0a48c18.jpg,small_distance_0.71|occlusion_moderate
train,Side_road_on_left_34_jpg.rf.d7406e240690ebbe1b486c249b197147.jpg,small_distance_0.67|fog_severe
train,Side_road_on_left_350_jpg.rf.57106427bfa9b4e5da66bdf8f0238a2f.jpg,small_distance_0.80|rain_mild
train,Side_road_on_left_356_jpg.rf.1e7d6310e86ec0decb343e19ad5843f1.jpg,low_light_moderate
train,Side_road_on_left_360_jpg.rf.82d7f437a8df0d6b217987ad3715f0af.jpg,clean
train,Side_road_on_left_361_jpg.rf.55642efb855847cc8633e42a56257961.jpg,fog_severe
train,Side_road_on_left_362_jpg.rf.a5da6057401d41eb96f808831d4c7d44.jpg,occlusion_mild
train,Side_road_on_left_363_jpg.rf.6b7bf29f323d01cdaab4d3fd950c4f4e.jpg,blur_moderate
train,Side_road_on_left_364_jpg.rf.eb68e57717347e278819878ab29b3ff7.jpg,rain_severe
train,Side_road_on_left_365_jpg.rf.9e4023e69658af345f011c0a810551c5.jpg,glare_moderate
train,Side_road_on_left_366_jpg.rf.930e1f683e7c2cd2b1045438a178c443.jpg,clean
train,Side_road_on_left_367_jpg.rf.e50914f7c9290ea38fb74309897edf34.jpg,small_distance_0.61|blur_severe
train,Side_road_on_left_370_jpg.rf.c5c1f599785931eb97f9b5f6debbefd4.jpg,fog_moderate
train,Side_road_on_left_374_jpg.rf.71a8d22a2393f7115ca74b3863438f69.jpg,clean
train,Side_road_on_left_375_jpg.rf.c336609de2dc61835ee11529b6a267e6.jpg,rain_severe
train,Side_road_on_left_376_jpg.rf.ecdc7d1809da140b0c3eba09873064b1.jpg,fog_moderate
train,Side_road_on_left_377_jpg.rf.51941f188be1a17a3244f4a36fad1a2e.jpg,small_distance_0.76|rain_severe
train,Side_road_on_left_378_jpg.rf.e83e9174b8bead78902a4ba00937edb1.jpg,small_distance_0.84|fog_severe
train,Side_road_on_left_379_jpg.rf.4a3808cbe4c9202575f5eef1135efd2f.jpg,occlusion_moderate
train,Side_road_on_left_37_jpg.rf.b6d7916b94bad05291fc1c922bde5a46.jpg,occlusion_moderate
train,Side_road_on_left_380_jpg.rf.8c248cd00df1d07e1113fee3b68f8783.jpg,blur_severe
train,Side_road_on_left_381_jpg.rf.a6c6c45c3e01b25fb2e296d04fd88437.jpg,small_distance_0.72|low_light_mild
train,Side_road_on_left_382_jpg.rf.379f4c8d4c0f4393175e13e5ce708adc.jpg,glare_mild
train,Side_road_on_left_383_jpg.rf.621295a693b215e957147d1bf6bc6883.jpg,blur_severe
train,Side_road_on_left_384_jpg.rf.2151b48f628d9b4ecf702a9d10857354.jpg,small_distance_0.76|fog_moderate
train,Side_road_on_left_385_jpg.rf.3767894798e9b2d4f6dacf1a28df4b82.jpg,small_distance_0.67
train,Side_road_on_left_386_jpg.rf.e383163ff0aafe21268e1bb48a153fa9.jpg,low_light_moderate
train,Side_road_on_left_387_jpg.rf.88468c6d8f484c2008d5ec764f2f0be1.jpg,rain_severe
train,Side_road_on_left_388_jpg.rf.4855cc913bcc0e9178456fe073ce3b45.jpg,clean
train,Side_road_on_left_390_jpg.rf.0f33aceac52b9e80c985731c80883eda.jpg,fog_mild
train,Side_road_on_left_391_jpg.rf.b75acfba2b18b5d105fc8eae3649bf29.jpg,small_distance_0.74|blur_severe
train,Side_road_on_left_392_jpg.rf.99a2ba20f34b20e3302915e570b06d5d.jpg,blur_mild
train,Side_road_on_left_394_jpg.rf.1b1b5c8c294703b077790db11034e256.jpg,small_distance_0.62|rain_severe
train,Side_road_on_left_395_jpg.rf.0dec0046174c410dfe87532b4eb46171.jpg,small_distance_0.67|glare_mild
train,Side_road_on_left_397_jpg.rf.ef170f89b4c57a911cd47da2bbe5cee2.jpg,blur_severe
train,Side_road_on_left_398_jpg.rf.09bdaf8bf4433a66f29f4ffc03146c60.jpg,blur_mild
train,Side_road_on_left_402_jpg.rf.a67769a85032c68fd4a3d998c84b611a.jpg,small_distance_0.56|glare_mild
train,Side_road_on_left_403_jpg.rf.62e3bab178ebfc9d95606ec7a5b3954d.jpg,small_distance_0.57
train,Side_road_on_left_405_jpg.rf.9638812d41d49cc09894a93f25b43406.jpg,clean
train,Side_road_on_left_407_jpg.rf.ad1c72f6008023d563d744776a9be15b.jpg,blur_severe
train,Side_road_on_left_408_jpg.rf.a944dbd859a7252851ee56e97c2dcf87.jpg,low_light_moderate
train,Side_road_on_left_40_jpg.rf.8063d5825e3d662ab60606fa74bf6e94.jpg,rain_severe
train,Side_road_on_left_410_jpg.rf.458da1ab13cd1d6c291fdbffa9b1b458.jpg,small_distance_0.61
train,Side_road_on_left_412_jpg.rf.50e46a318cd9dff6af576e7df0da9947.jpg,glare_mild
train,Side_road_on_left_413_jpg.rf.aa45e0b817e1645048831f6603f8597d.jpg,clean
train,Side_road_on_left_414_jpg.rf.e631e3a4c1d852ef174f45f0f0a053b5.jpg,clean
train,Side_road_on_left_416_jpg.rf.98b704e939fbf2e546a9464dc5d0224e.jpg,small_distance_0.58|blur_severe
train,Side_road_on_left_417_jpg.rf.aaf5f56c7baee17739ffed80d6a957e6.jpg,low_light_severe
train,Side_road_on_left_418_jpg.rf.1a90d0f3eff4dfcf6818c326f81396a7.jpg,clean
train,Side_road_on_left_420_jpg.rf.201c348346e5feb6bb5de68d6999a9dc.jpg,clean
train,Side_road_on_left_421_jpg.rf.ddc5778acb23596d8785525887c5f021.jpg,blur_severe
train,Side_road_on_left_422_jpg.rf.63f6ea2525bd08619349fabced77190a.jpg,fog_mild
train,Side_road_on_left_423_jpg.rf.81f2e7eff19cd984afbb65da730a1ec5.jpg,rain_mild
train,Side_road_on_left_424_jpg.rf.757abdab93536edb1fc9f4f8e8482cce.jpg,occlusion_moderate
train,Side_road_on_left_427_jpg.rf.c33a4da463f4e19dda0de0a8641fe50e.jpg,glare_severe
train,Side_road_on_left_429_jpg.rf.46868b0179d2a5ca32befb6fcb74e94e.jpg,clean
train,Side_road_on_left_42_jpg.rf.2712d6f5b70ef3f5c725248dd86a60ec.jpg,occlusion_mild
train,Side_road_on_left_430_jpg.rf.a9b8ddd25d9c3975f1216503af3116d2.jpg,small_distance_0.58|blur_severe
train,Side_road_on_left_431_jpg.rf.74b3ce2eb966da142a0d3bad87552484.jpg,small_distance_0.55|blur_moderate
train,Side_road_on_left_433_jpg.rf.a4be8f091f6c8735775e8d5a5abfd29b.jpg,rain_mild
train,Side_road_on_left_434_jpg.rf.841e1a607029f12bdf485e8c69418492.jpg,small_distance_0.61|glare_severe
train,Side_road_on_left_436_jpg.rf.67fded87a7b23ab8e81cf2de75c75f40.jpg,glare_severe
train,Side_road_on_left_437_jpg.rf.1dcb04b11fb16d88bf19972bfbe0257a.jpg,small_distance_0.78
train,Side_road_on_left_438_jpg.rf.4335b2492accd073e4a086ff6f974f21.jpg,small_distance_0.63
train,Side_road_on_left_439_jpg.rf.0be43ef7b3cbd6e48ab98dfc2c6c85da.jpg,clean
train,Side_road_on_left_43_jpg.rf.2c4d8c5d353ae3629d7ce51c5684af29.jpg,small_distance_0.83|occlusion_mild
train,Side_road_on_left_440_jpg.rf.f839791e210b090ba9c347c6855ef343.jpg,clean
train,Side_road_on_left_441_jpg.rf.de2e6e5e05dc7478855b9619b403c223.jpg,small_distance_0.58|glare_severe
train,Side_road_on_left_442_jpg.rf.7567c768ef15c7a1d50b239147235b1d.jpg,blur_severe
train,Side_road_on_left_443_jpg.rf.aab895ac6c6d784daa8861ee754b1e34.jpg,occlusion_mild
train,Side_road_on_left_447_jpg.rf.aaa1c616b4f976a89b573bc45a951142.jpg,small_distance_0.67|blur_moderate
train,Side_road_on_left_44_jpg.rf.6508546d8c512b4e62f1be316d5ef3d2.jpg,rain_mild
train,Side_road_on_left_450_jpg.rf.3a784ffd3bae697b33314616c8a94018.jpg,blur_moderate
train,Side_road_on_left_452_jpg.rf.bf08f53cc2c96d4445bed94348a82f80.jpg,rain_moderate
train,Side_road_on_left_453_jpg.rf.b2363b13c57f02df9f5695c28799545b.jpg,small_distance_0.63
train,Side_road_on_left_454_jpg.rf.0d0b15bd9d5f15dfc226e49e81aac430.jpg,small_distance_0.68|occlusion_mild
train,Side_road_on_left_459_jpg.rf.967264b540e9bfb577c32509aabf1b44.jpg,clean
train,Side_road_on_left_45_jpg.rf.fc657d072930ae88b78c880c08741482.jpg,clean
train,Side_road_on_left_460_jpg.rf.b17157d96f43e648ba668834d323c86c.jpg,occlusion_mild
train,Side_road_on_left_461_jpg.rf.c58292ad6bb0fdef8f35729cd49e307c.jpg,small_distance_0.58|glare_severe
train,Side_road_on_left_462_jpg.rf.f93f8dcdf23f556c73bb357cbb0f9e58.jpg,small_distance_0.75|low_light_severe
train,Side_road_on_left_463_jpg.rf.5a7660026335cded09f55801b4288156.jpg,small_distance_0.77|rain_severe
train,Side_road_on_left_464_jpg.rf.579dd2b62418a879e2640fa1bb33b95c.jpg,fog_moderate
train,Side_road_on_left_466_jpg.rf.950f96bd883425d164e1f3deab48efe0.jpg,small_distance_0.75
train,Side_road_on_left_467_jpg.rf.f556f178ad7550aedbe3a097f31be148.jpg,glare_mild
train,Side_road_on_left_468_jpg.rf.61d12a7ca6ee061aff6c67a06d4ff62c.jpg,clean
train,Side_road_on_left_469_jpg.rf.6fd5736667f045e7d34de780dcbe02c1.jpg,small_distance_0.66|low_light_severe
train,Side_road_on_left_46_jpg.rf.f4cef2f241fe7c0ce00020494854c160.jpg,small_distance_0.56|occlusion_mild
train,Side_road_on_left_470_jpg.rf.36aab3604b455debc951c9ee2af392b6.jpg,occlusion_mild
train,Side_road_on_left_471_jpg.rf.b4b6bc13eda0d70a18d74d051525d9d8.jpg,rain_severe
train,Side_road_on_left_472_jpg.rf.fb16d69db68c0fa3c5a6552a6896d8c7.jpg,clean
train,Side_road_on_left_473_jpg.rf.fac4ac8b7aceefb4681df65532444e13.jpg,clean
train,Side_road_on_left_474_jpg.rf.49e8012ae6872fe013ff737fcb925f0f.jpg,low_light_mild
train,Side_road_on_left_475_jpg.rf.d5cdb089d7f8f09e778e4bf4d6ad556d.jpg,small_distance_0.72
train,Side_road_on_left_476_jpg.rf.49c646b59d09ad0063a67152e0fcdb51.jpg,fog_moderate
train,Side_road_on_left_477_jpg.rf.e22029e93e2c337d95095448e3511200.jpg,small_distance_0.77
train,Side_road_on_left_478_jpg.rf.ab99710c1ba077a971db706dbe2faf48.jpg,occlusion_moderate
train,Side_road_on_left_479_jpg.rf.00c4d34f4d06c9889d76fedc547e5ea6.jpg,small_distance_0.66|blur_mild
train,Side_road_on_left_47_jpg.rf.cf6cf4d796dd2b6bc83f9f94df0258f5.jpg,occlusion_mild
train,Side_road_on_left_481_jpg.rf.4c73fdc35e25b4804ad0fb2722ec5d26.jpg,clean
train,Side_road_on_left_482_jpg.rf.d310e2ed2e84ca3b023d30a8de641670.jpg,clean
train,Side_road_on_left_483_jpg.rf.a2c8cbaecde3f397d6d4b06345af3064.jpg,clean
train,Side_road_on_left_484_jpg.rf.9432421e61ace0da7f58b61b49a449e1.jpg,glare_moderate
train,Side_road_on_left_485_jpg.rf.5fb0ee9599f4b653ee7ccf871889733a.jpg,blur_mild
train,Side_road_on_left_488_jpg.rf.ffd6051137429689733c8bf09ce12d51.jpg,small_distance_0.56|rain_severe
train,Side_road_on_left_489_jpg.rf.b4f4fb37d51f1428d9b8122083563d31.jpg,small_distance_0.63
train,Side_road_on_left_491_jpg.rf.6371af098edfe0613d44e483ac40fb5a.jpg,glare_mild
train,Side_road_on_left_492_jpg.rf.461518ab46d4e62eef6cff3739c80e32.jpg,glare_moderate
train,Side_road_on_left_493_jpg.rf.28626de3db534e170141fa4abff64887.jpg,small_distance_0.68|glare_severe
train,Side_road_on_left_494_jpg.rf.6ce202b42d1c344fa1cad4453f84c453.jpg,glare_mild
train,Side_road_on_left_495_jpg.rf.75d9e625ed1a4b00e0b237bd43d2a5c7.jpg,fog_severe
train,Side_road_on_left_497_jpg.rf.013311f00d3785a628f964f4fb0f8930.jpg,clean
train,Side_road_on_left_498_jpg.rf.e3059ab4f71bf3ff9b15c41cbfa4f833.jpg,clean
train,Side_road_on_left_499_jpg.rf.229dcfa394ee3108504dd4bd78ed52d1.jpg,fog_severe
train,Side_road_on_left_49_jpg.rf.a1764bdde271089c948b615f31fa494f.jpg,blur_moderate
train,Side_road_on_left_500_jpg.rf.2cfc13f8609e8fe047d46125b791c86a.jpg,fog_severe
train,Side_road_on_left_501_jpg.rf.f8eb4503145cea863145a9e1b049542c.jpg,small_distance_0.62
train,Side_road_on_left_502_jpg.rf.0447301394f6c9a084afa6c3c6243276.jpg,glare_severe
train,Side_road_on_left_503_jpg.rf.a4629773844036a5ece7f29c5c6d5e09.jpg,small_distance_0.73|fog_moderate
train,Side_road_on_left_504_jpg.rf.486a6bd08917d99e6bbdf19a46f1ccfb.jpg,glare_mild
train,Side_road_on_left_505_jpg.rf.5c01f5cf95f1bdd2bf05fd48f982a61f.jpg,occlusion_mild
train,Side_road_on_left_507_jpg.rf.3ae3db7e472f430822389f14a7015181.jpg,blur_severe
train,Side_road_on_left_508_jpg.rf.bb5fe52b03e5f199adb0fb5ee0c6cbc9.jpg,glare_moderate
train,Side_road_on_left_509_jpg.rf.9857c7e95be84da6e0b9e29012ba6b0b.jpg,low_light_severe
train,Side_road_on_left_511_jpg.rf.a06c4d810a939d96fcb676521836584d.jpg,blur_severe
train,Side_road_on_left_513_jpg.rf.9c642e6f39485a58a58d6abc94e8fc04.jpg,glare_moderate
train,Side_road_on_left_515_jpg.rf.5dfbb4e078d276d8d5cc62f4726193b6.jpg,low_light_moderate
train,Side_road_on_left_516_jpg.rf.a84ab2f82798ce7529317bd77a656f03.jpg,blur_mild
train,Side_road_on_left_519_jpg.rf.f047ed940c3939655481abd9c66db4a8.jpg,glare_severe
train,Side_road_on_left_520_jpg.rf.3804c52c156ee4a4fd993c32ab4756c2.jpg,clean
train,Side_road_on_left_521_jpg.rf.b818a49ad4709e7594b78a8511349412.jpg,rain_mild
train,Side_road_on_left_522_jpg.rf.53ed0126a23a09710c713a46c87addcf.jpg,small_distance_0.75
train,Side_road_on_left_523_jpg.rf.a5ec3b414ad25dd8a7fa9226124881bf.jpg,small_distance_0.68|blur_mild
train,Side_road_on_left_524_jpg.rf.9b856677277f162dcb37e5fc69777236.jpg,small_distance_0.59
train,Side_road_on_left_527_jpg.rf.92f218b606967f02f0dcbf795e18596a.jpg,glare_moderate
train,Side_road_on_left_528_jpg.rf.d1e4805bdedf17f7ba4c0176b3f68fe4.jpg,occlusion_severe
train,Side_road_on_left_532_jpg.rf.de6d4e9c4f3da8eae8e8a60c18bfe13d.jpg,low_light_mild
train,Side_road_on_left_533_jpg.rf.dce8b412fa3b81e4040665f6e158ce92.jpg,glare_severe
train,Side_road_on_left_534_jpg.rf.5e367bd7fe1eaefa25de0aef80727b1d.jpg,blur_moderate
train,Side_road_on_left_536_jpg.rf.17273479a125d19afc1e28d0bdf40ff8.jpg,glare_moderate
train,Side_road_on_left_537_jpg.rf.7ec12647b72a06e768db95f8ddc66425.jpg,rain_mild
train,Side_road_on_left_538_jpg.rf.9ee9d889525829ac7550249b19b98009.jpg,small_distance_0.58|rain_moderate
train,Side_road_on_left_539_jpg.rf.9b0b6045748419fe4e4bce7ea3120846.jpg,low_light_moderate
train,Side_road_on_left_53_jpg.rf.a30fb704de3717e2483595a88d1d4524.jpg,clean
train,Side_road_on_left_540_jpg.rf.609ac878854b4b4a6be5ef39391c53d1.jpg,blur_severe
train,Side_road_on_left_541_jpg.rf.b75f5486e0f698925e4efa6116b28d8d.jpg,small_distance_0.61|occlusion_severe
train,Side_road_on_left_543_jpg.rf.aac53ef776394f5d62688eab6266a84c.jpg,low_light_mild
train,Side_road_on_left_545_jpg.rf.5053340bcd6c804f288c44aa19462385.jpg,small_distance_0.75|blur_moderate
train,Side_road_on_left_546_jpg.rf.3050d7a552b78716e70f58fae9ac380b.jpg,rain_moderate
train,Side_road_on_left_548_jpg.rf.45cd25b515c8ccb476a3960de78450ac.jpg,glare_moderate
train,Side_road_on_left_549_jpg.rf.ab4f8b690df92e8997c8ad80dbd9f669.jpg,glare_severe
train,Side_road_on_left_550_jpg.rf.228359416b57683f74adeb2cac91f68e.jpg,blur_mild
train,Side_road_on_left_551_jpg.rf.88b6e698ecb38fada787893c77b72c86.jpg,clean
train,Side_road_on_left_552_jpg.rf.c0663bd9dbd70430b5e061a6e8ab404a.jpg,small_distance_0.78|blur_severe
train,Side_road_on_left_553_jpg.rf.88e29b0e4e72fbc84d184389c4ce882f.jpg,small_distance_0.74|occlusion_moderate
train,Side_road_on_left_554_jpg.rf.65c1eb67f9eeb57f379f6387d9d69889.jpg,clean
train,Side_road_on_left_555_jpg.rf.2bedd5ee818095dbeacf42a35130fa5d.jpg,clean
train,Side_road_on_left_556_jpg.rf.a7d6e58d99bc7749e9a027a3c589f65d.jpg,small_distance_0.65|rain_severe
train,Side_road_on_left_557_jpg.rf.dc3ebb5d0f9c1ae2df93487a6ec8b9f0.jpg,glare_severe
train,Side_road_on_left_558_jpg.rf.e636997d481d855b359c30dfe41ac883.jpg,rain_moderate
train,Side_road_on_left_55_jpg.rf.ac6c67be2c25bbb56e68f1ec105905a4.jpg,clean
train,Side_road_on_left_560_jpg.rf.b8b5b4574b2360cdb184ad728e559b4d.jpg,occlusion_mild
train,Side_road_on_left_561_jpg.rf.bcc7f8a4de8973443901f15462d78228.jpg,small_distance_0.71|blur_moderate
train,Side_road_on_left_564_jpg.rf.e3cbe3c81d7f01e8633087f6e349c8f4.jpg,low_light_mild
train,Side_road_on_left_565_jpg.rf.f91f859f767fb7cd8e3e574d9d6494c0.jpg,clean
train,Side_road_on_left_566_jpg.rf.48870fc9af7045cde4dd798b1a27d284.jpg,fog_moderate
train,Side_road_on_left_568_jpg.rf.2eae5dae18ace270ce7d2af8eb83a5d5.jpg,small_distance_0.75
train,Side_road_on_left_569_jpg.rf.5beb70f54f8bfdd765a87f9f2aefa5f2.jpg,small_distance_0.80|fog_moderate
train,Side_road_on_left_570_jpg.rf.287965a37ccbc4c967f1ec9bb35a9e20.jpg,occlusion_severe
train,Side_road_on_left_571_jpg.rf.404aa84eba5ba12f4e50eee4900c5b2f.jpg,clean
train,Side_road_on_left_572_jpg.rf.631e7c1031ee96d39b5c46f6ee74ab0b.jpg,low_light_mild
train,Side_road_on_left_573_jpg.rf.06d0fc359f541f9d53fc1596a4927231.jpg,glare_moderate
train,Side_road_on_left_574_jpg.rf.504afae7cac145d023e1dfe6f20670c8.jpg,blur_moderate
train,Side_road_on_left_575_jpg.rf.661a253a9ba7568e3f39ccae68d87e1a.jpg,clean
train,Side_road_on_left_576_jpg.rf.1325a4ae9be4721b51e277874a86ac31.jpg,rain_moderate
train,Side_road_on_left_577_jpg.rf.08b51ab582f05687ce540358df9f23fc.jpg,rain_severe
train,Side_road_on_left_57_jpg.rf.0573452728a841f7c77947f080b3f9d6.jpg,small_distance_0.84|fog_severe
train,Side_road_on_left_580_jpg.rf.166a5924d2e0bb92a25a2022e98e467c.jpg,low_light_moderate
train,Side_road_on_left_583_jpg.rf.3d83dcb043312cce84b39c7e7ddad4a0.jpg,low_light_mild
train,Side_road_on_left_584_jpg.rf.020d62e81086628216ebb10fad8389c6.jpg,rain_severe
train,Side_road_on_left_585_jpg.rf.c9ce9cc904ea4ba380fadc66290b36a0.jpg,low_light_moderate
train,Side_road_on_left_586_jpg.rf.d6a8acd122af79d7ee50a74a9bc73317.jpg,small_distance_0.69|blur_severe
train,Side_road_on_left_587_jpg.rf.9798b2e7a03d25d2debdfb199f910765.jpg,rain_mild
train,Side_road_on_left_58_jpg.rf.3de8e46f121aa97fdb11bd79e022a1bd.jpg,fog_mild
train,Side_road_on_left_590_jpg.rf.8be9b0c5bdf1215d4f4491a6fe669c57.jpg,clean
train,Side_road_on_left_591_jpg.rf.bfd98e0dae789d5c371b73a65a88e8c2.jpg,occlusion_moderate
train,Side_road_on_left_593_jpg.rf.b9fe33cceb568802a97596832eae69df.jpg,fog_mild
train,Side_road_on_left_595_jpg.rf.010237b929ed782e46a870d41d994a5c.jpg,small_distance_0.57|glare_severe
train,Side_road_on_left_596_jpg.rf.7a5e59c43c27a4286916bd03c99a7003.jpg,rain_moderate
train,Side_road_on_left_598_jpg.rf.a680e1400e849ed5ae5af42f0df3880b.jpg,low_light_severe
train,Side_road_on_left_599_jpg.rf.cd4eb72c683724298f71cd6ac78af1a1.jpg,glare_mild
train,Side_road_on_left_59_jpg.rf.5452db64d1dbd3289faec8a131caf2dd.jpg,small_distance_0.84|glare_severe
train,Side_road_on_left_5_jpg.rf.5dfa3be5d854c5684c7a31a845d94d23.jpg,small_distance_0.68|rain_mild
train,Side_road_on_left_600_jpg.rf.34050b53938a8ca1d47b66a6ccf5a381.jpg,small_distance_0.78
train,Side_road_on_left_602_jpg.rf.660d732d45d443ee882061244f3d6beb.jpg,small_distance_0.57|low_light_moderate
train,Side_road_on_left_603_jpg.rf.222457a225ebf8b017a79d0afaca9d7c.jpg,small_distance_0.58|glare_mild
train,Side_road_on_left_604_jpg.rf.8e3282a63d4f556127c75a44ea138f21.jpg,small_distance_0.75|blur_moderate
train,Side_road_on_left_605_jpg.rf.a6e054f117717283da794e1509772a82.jpg,fog_moderate
train,Side_road_on_left_607_jpg.rf.16af9eb2290c668cee868c95e1e22cb3.jpg,small_distance_0.62|fog_severe
train,Side_road_on_left_608_jpg.rf.56d8d64b235a899bc9c4013364e027d8.jpg,blur_severe
train,Side_road_on_left_609_jpg.rf.647268abf408fc8369b2f5c058cd57c4.jpg,clean
train,Side_road_on_left_60_jpg.rf.cfc785a75e0b4fbc6befd9098afae239.jpg,small_distance_0.84|low_light_severe
train,Side_road_on_left_610_jpg.rf.467894102cf8a91a4ca7198521352ba7.jpg,small_distance_0.60|low_light_moderate
train,Side_road_on_left_611_jpg.rf.dc739926a6910e06ea9943fcf25b642b.jpg,rain_moderate
train,Side_road_on_left_612_jpg.rf.1e29df7092f30c33d60bc1c11e5ff620.jpg,small_distance_0.69|rain_mild
train,Side_road_on_left_613_jpg.rf.a3730ffd77684c61fee08b2b572a605e.jpg,small_distance_0.55|glare_severe
train,Side_road_on_left_614_jpg.rf.de0b7d8743b0716fb146489328ec94ec.jpg,clean
train,Side_road_on_left_615_jpg.rf.83d78d008bdb1ffe5e555df016cd9cdc.jpg,blur_moderate
train,Side_road_on_left_618_jpg.rf.686a56e5ee7d8a24731ef97bcc971f4e.jpg,occlusion_moderate
train,Side_road_on_left_619_jpg.rf.c2734fb5a5f4a0804ecb82d2b1dca2dc.jpg,clean
train,Side_road_on_left_61_jpg.rf.4c8bab0321b3d07e61f50e0c8bcf901a.jpg,small_distance_0.78|occlusion_moderate
train,Side_road_on_left_620_jpg.rf.6f50f69e8cf971f27e40abe37524f4bb.jpg,clean
train,Side_road_on_left_623_jpg.rf.aa420f4bbd20518f52a78530a9d2fd5b.jpg,small_distance_0.56|glare_moderate
train,Side_road_on_left_624_jpg.rf.6ecbdea19086646fc250233a7fb69f92.jpg,occlusion_mild
train,Side_road_on_left_626_jpg.rf.56b507123d30861a0c83704ef236d4be.jpg,glare_mild
train,Side_road_on_left_627_jpg.rf.289935f2befa40b822ee528323c49dfb.jpg,fog_moderate
train,Side_road_on_left_628_jpg.rf.b2a872af629b6684a380213364759844.jpg,fog_mild
train,Side_road_on_left_630_jpg.rf.e215f84f6a16c9738ad439119afea6ab.jpg,clean
train,Side_road_on_left_632_jpg.rf.e95614c8d10b729875b56a7c308fdabb.jpg,low_light_mild
train,Side_road_on_left_633_jpg.rf.3a0e88fe786e78b705991c2cdfa3d74a.jpg,occlusion_mild
train,Side_road_on_left_634_jpg.rf.3fd0c6e72715fcd5c1e1aac3c2e941a5.jpg,glare_mild
train,Side_road_on_left_635_jpg.rf.7a6a669fa8e2384248575c2c0aaf1b89.jpg,glare_mild
train,Side_road_on_left_636_jpg.rf.4a7fdbd1489f92ea30336a211daa3e88.jpg,fog_moderate
train,Side_road_on_left_638_jpg.rf.33ccf3854275d664d92913eacc094fb9.jpg,rain_mild
train,Side_road_on_left_63_jpg.rf.a01b7f0c72ee913ed343c5cb406bb914.jpg,small_distance_0.73|low_light_mild
train,Side_road_on_left_641_jpg.rf.a6a6ff7ca2b7a057fe5ec01379d4da57.jpg,clean
train,Side_road_on_left_642_jpg.rf.4867aa9a25cdedfca3510bc855542d5c.jpg,clean
train,Side_road_on_left_643_jpg.rf.98f769cd784642a34b597fba93339889.jpg,small_distance_0.82|occlusion_severe
train,Side_road_on_left_644_jpg.rf.97649af7c72af44c7f8f6773bf8bb874.jpg,small_distance_0.57
train,Side_road_on_left_645_jpg.rf.ebf61de3cd844fe57e5df79888f41aa9.jpg,glare_moderate
train,Side_road_on_left_647_jpg.rf.825beb7fff9036aa4d4b6e1ffbbe699a.jpg,glare_moderate
train,Side_road_on_left_648_jpg.rf.6c4368da6e678e13fbfa9d563bf41232.jpg,small_distance_0.57
train,Side_road_on_left_649_jpg.rf.e42ba8a9071dd5cc80dc4fc9b9baeeba.jpg,occlusion_mild
train,Side_road_on_left_651_jpg.rf.f1e9a8e40a8ee0cd6e7412b81f921bd6.jpg,small_distance_0.69|rain_mild
train,Side_road_on_left_653_jpg.rf.c44826b7ab4c4977b254700e3dc42a88.jpg,small_distance_0.84|blur_mild
train,Side_road_on_left_654_jpg.rf.c04db9cf42cf356efcaf9251887bec83.jpg,rain_severe
train,Side_road_on_left_655_jpg.rf.07121b3357fc20c12a59ffea14fdb269.jpg,small_distance_0.69
train,Side_road_on_left_659_jpg.rf.783a5b8737157e8a960c1b3b8ef59001.jpg,rain_mild
train,Side_road_on_left_661_jpg.rf.4102c60d85fb18c1e7b70b2f58d4e526.jpg,rain_moderate
train,Side_road_on_left_662_jpg.rf.803bb797f661b5df9faf6fbfe296ed87.jpg,low_light_mild
train,Side_road_on_left_663_jpg.rf.7df9940e229d374c04a4be4f9f81fea0.jpg,glare_mild
train,Side_road_on_left_665_jpg.rf.aabf712c3620e45960587da27c2c224d.jpg,low_light_moderate
train,Side_road_on_left_666_jpg.rf.6ecb3038a309b08c41ec86ee608a1f63.jpg,rain_moderate
train,Side_road_on_left_667_jpg.rf.0f8c226d22fa9bdbadb8fe7f97d06bec.jpg,small_distance_0.58|occlusion_severe
train,Side_road_on_left_669_jpg.rf.76d133103ed9cfa1444dc3d218a6e782.jpg,glare_mild
train,Side_road_on_left_66_jpg.rf.14d6fe985daa8bc56bc4239e4e1f6418.jpg,small_distance_0.69
train,Side_road_on_left_675_jpg.rf.54f7228cd373f5519a422a70ac3adb9a.jpg,low_light_severe
train,Side_road_on_left_677_jpg.rf.0e935ad9e96172e442066b4fe8794556.jpg,occlusion_severe
train,Side_road_on_left_679_jpg.rf.5387a10bd4d7ff0c70aaa0a82bbdaa59.jpg,occlusion_severe
train,Side_road_on_left_681_jpg.rf.41e3d5971e3c3a421fcd27b7e948694a.jpg,glare_mild
train,Side_road_on_left_682_jpg.rf.69a13d3305068e98bc599b5c2e57a3c5.jpg,blur_mild
train,Side_road_on_left_683_jpg.rf.95370d1cd9296498af0ff42333be6898.jpg,small_distance_0.85
train,Side_road_on_left_684_jpg.rf.1bb6b7132605cb6625edffa679fa818c.jpg,small_distance_0.82|fog_moderate
train,Side_road_on_left_686_jpg.rf.5e6e3ec638f29b342fd7112eaac96b8b.jpg,small_distance_0.70
train,Side_road_on_left_68_jpg.rf.843072f54909617866bf11eff75db63e.jpg,small_distance_0.78
train,Side_road_on_left_690_jpg.rf.241a4c7c96ea445cc5af1ba91f487a57.jpg,occlusion_mild
train,Side_road_on_left_692_jpg.rf.032259cc46e88e567d51acc0a6aa1e09.jpg,rain_mild
train,Side_road_on_left_693_jpg.rf.b41b45cb9c62e79b7f3b6df946f188a6.jpg,small_distance_0.62|glare_moderate
train,Side_road_on_left_696_jpg.rf.98887b53c39dfad116203194cd56aede.jpg,rain_moderate
train,Side_road_on_left_69_jpg.rf.ade22089cfaab5b9a16b99046b63e085.jpg,small_distance_0.84|rain_severe
train,Side_road_on_left_6_jpg.rf.25d9260e18891d13ca4a9e94cffec494.jpg,blur_moderate
train,Side_road_on_left_700_jpg.rf.25e57b1ad0ab911877f3ad6c249ef95d.jpg,occlusion_moderate
train,Side_road_on_left_701_jpg.rf.0f897ce8e349aa33326391a44a4c61ec.jpg,small_distance_0.64
train,Side_road_on_left_702_jpg.rf.07f6b64e8cf740d37a2fa7b85b58a1e5.jpg,glare_mild
train,Side_road_on_left_703_jpg.rf.557f5aae4f8227ec7cdb10685e9ce957.jpg,low_light_mild
train,Side_road_on_left_704_jpg.rf.dba585e4c8c6e2d47312826e8395267f.jpg,small_distance_0.58|low_light_moderate
train,Side_road_on_left_709_jpg.rf.aa3a326563d89e621f89be1c436671ff.jpg,small_distance_0.70|fog_mild
train,Side_road_on_left_70_jpg.rf.f82cf3b6bfeabb4a2968e8e6b3cfe5b9.jpg,low_light_moderate
train,Side_road_on_left_710_jpg.rf.9b28eb32ed54e26ed9dede9c73117ce9.jpg,small_distance_0.65|low_light_severe
train,Side_road_on_left_711_jpg.rf.77c637c2671c80eacfdbd7a7871c835d.jpg,small_distance_0.68|low_light_mild
train,Side_road_on_left_712_jpg.rf.e1f04e3f379dff3f9a5f41b1580f1c4e.jpg,occlusion_severe
train,Side_road_on_left_715_jpg.rf.97561715ee002589babd6942b7324250.jpg,clean
train,Side_road_on_left_716_jpg.rf.255aaf660c3ca7100717ee218787c5b8.jpg,small_distance_0.80|occlusion_moderate
train,Side_road_on_left_717_jpg.rf.25301a21cf62aa41b241d595ea08bbd3.jpg,rain_mild
train,Side_road_on_left_718_jpg.rf.1eadfdf60028ae176ff5d72aaa07d30c.jpg,low_light_moderate
train,Side_road_on_left_719_jpg.rf.2c312a1a8d27e20709ac2e42568818b6.jpg,small_distance_0.62|blur_mild
train,Side_road_on_left_720_jpg.rf.9434940537ad46cda991d36dbcd70ff7.jpg,small_distance_0.72|rain_moderate
train,Side_road_on_left_721_jpg.rf.f3e9f421886d565bd9deb0683dc9f48c.jpg,rain_mild
train,Side_road_on_left_722_jpg.rf.099dcfea2e9dfddfd5dfc27fc7d67b7d.jpg,blur_moderate
train,Side_road_on_left_723_jpg.rf.ddf983cb4fd6c77a7690892c3abbb2e9.jpg,clean
train,Side_road_on_left_724_jpg.rf.5b5a90449c193a29395cec0f8cb4ff82.jpg,small_distance_0.82|occlusion_moderate
train,Side_road_on_left_725_jpg.rf.21c43b593a4369c7e7bab2e7d9a528c7.jpg,small_distance_0.75
train,Side_road_on_left_726_jpg.rf.43dc8fb7785902baf4c8cc087a2fde5e.jpg,small_distance_0.77|glare_moderate
train,Side_road_on_left_727_jpg.rf.d2f52903dd19a8f5750c7906f9839b2f.jpg,occlusion_moderate
train,Side_road_on_left_728_jpg.rf.1237ed8d17a1a8e1b121564495df4270.jpg,rain_severe
train,Side_road_on_left_729_jpg.rf.15f5ecc549468f442beb11900592ca6a.jpg,low_light_severe
train,Side_road_on_left_72_jpg.rf.2a9fb2a6e58f7c7c517798cbdca66a12.jpg,small_distance_0.73
train,Side_road_on_left_730_jpg.rf.36950ae3c59872142ee92fcf7b8e1b95.jpg,small_distance_0.56|fog_severe
train,Side_road_on_left_731_jpg.rf.a090ab7331569c15c5218bae41d9fb57.jpg,small_distance_0.84
train,Side_road_on_left_732_jpg.rf.64e8046e944e58356b765a8a71fc611c.jpg,small_distance_0.73
train,Side_road_on_left_733_jpg.rf.c827fed3a78bfc0b426bf84f5b8e0092.jpg,small_distance_0.80|rain_mild
train,Side_road_on_left_734_jpg.rf.ee90a44f7841f5dd59492824fd8215c0.jpg,blur_severe
train,Side_road_on_left_735_jpg.rf.e5abbdefec0a11963fde59ecb48196a1.jpg,occlusion_moderate
train,Side_road_on_left_737_jpg.rf.20b5ddda2a993bc306841ef960446c89.jpg,blur_mild
train,Side_road_on_left_739_jpg.rf.132e5677d8ae117fd582257ec7bef787.jpg,small_distance_0.69
train,Side_road_on_left_73_jpg.rf.fca22f7e006b811baa040c8dbdb9c2fe.jpg,small_distance_0.64
train,Side_road_on_left_745_jpg.rf.546b2ae9fd927ab7896e1014aab87ebf.jpg,clean
train,Side_road_on_left_746_jpg.rf.8cb0548cc05cfbb2c560cbfb8ec60414.jpg,small_distance_0.69|fog_mild
train,Side_road_on_left_747_jpg.rf.174da58a8a0299acc43122ecbda3b603.jpg,small_distance_0.70
train,Side_road_on_left_748_jpg.rf.3e33e7004a20374a2fe11355cda96bdc.jpg,rain_moderate
train,Side_road_on_left_749_jpg.rf.4f56d02f3deeaa4b150de1725d419546.jpg,rain_severe
train,Side_road_on_left_74_jpg.rf.9eb73f5db167fbcc87be28092f054bb7.jpg,low_light_moderate
train,Side_road_on_left_751_jpg.rf.f6c3707bc23645945287f53784d6160a.jpg,clean
train,Side_road_on_left_752_jpg.rf.98ef523252634513137361472e889044.jpg,small_distance_0.57|rain_severe
train,Side_road_on_left_753_jpg.rf.1b3da7d50f9a50811475b1c164b43588.jpg,clean
train,Side_road_on_left_754_jpg.rf.e82d19e15de8ed25b3ed90710a5fdbde.jpg,clean
train,Side_road_on_left_755_jpg.rf.7e641cddd84c6ea453d7f2ae087f60cd.jpg,blur_mild
train,Side_road_on_left_757_jpg.rf.0e23f1b0bd715c58afe7111b8dde4f07.jpg,fog_moderate
train,Side_road_on_left_758_jpg.rf.5024fc9ad2b669225231ddc9727b7ab4.jpg,clean
train,Side_road_on_left_759_jpg.rf.65975a72720b5aff7c330c5c960d2598.jpg,blur_mild
train,Side_road_on_left_761_jpg.rf.a1c2e360359b42839117251c75952899.jpg,small_distance_0.64|low_light_mild
train,Side_road_on_left_762_jpg.rf.5be996c4fea195de4435737b6caee883.jpg,rain_mild
train,Side_road_on_left_763_jpg.rf.cff58d71f56b12671e3cd27de61487a5.jpg,clean
train,Side_road_on_left_768_jpg.rf.33de49adfb0a012783bc57da33fffb64.jpg,fog_severe
train,Side_road_on_left_769_jpg.rf.39af66e9ae3d352b582b5f2bcca7a99a.jpg,low_light_moderate
train,Side_road_on_left_76_jpg.rf.af8ad3f7f114c3cce9d3d1ab39a26eb1.jpg,small_distance_0.69
train,Side_road_on_left_770_jpg.rf.3538202d22dc004ff445ad894c0d7f89.jpg,small_distance_0.78|glare_severe
train,Side_road_on_left_771_jpg.rf.adf54f29660508c7bb7a16676f1a0bd7.jpg,small_distance_0.64|fog_severe
train,Side_road_on_left_772_jpg.rf.a31876f74d21c0f6bff02776492293de.jpg,small_distance_0.69|low_light_moderate
train,Side_road_on_left_773_jpg.rf.564cbf05930bda4ad285a5fa11297c8a.jpg,small_distance_0.76|rain_moderate
train,Side_road_on_left_774_jpg.rf.1db8dc7dcf4fded2318402ab9b25a7fd.jpg,glare_mild
train,Side_road_on_left_775_jpg.rf.921adb04247a8b433314be8be6ede0a8.jpg,blur_severe
train,Side_road_on_left_776_jpg.rf.64d7dbd287737da324a1557e751ed7d0.jpg,glare_mild
train,Side_road_on_left_778_jpg.rf.4ea87835c6b12ac2b4a984a12f1a9a9a.jpg,small_distance_0.57
train,Side_road_on_left_779_jpg.rf.849450d85bf9a5d3d31623d99e628b27.jpg,occlusion_moderate
train,Side_road_on_left_77_jpg.rf.1b97a7c8b346007345a10d6ea9138c4a.jpg,occlusion_severe
train,Side_road_on_left_781_jpg.rf.c92261e54e2849e029e54a4af5610e75.jpg,low_light_moderate
train,Side_road_on_left_783_jpg.rf.23fcf2c358d4b2066f459ee9bdd9dbe4.jpg,glare_severe
train,Side_road_on_left_785_jpg.rf.c9b7fcd61220c26a7b2ef2919ffaca07.jpg,small_distance_0.60|blur_mild
train,Side_road_on_left_786_jpg.rf.e9edc9d2c3112023128ab5e9a07591f1.jpg,small_distance_0.81|rain_moderate
train,Side_road_on_left_787_jpg.rf.4782904e9063b7fab21ad02bf546c32d.jpg,clean
train,Side_road_on_left_788_jpg.rf.638e9b55a3335fb5756ad4689fae4349.jpg,clean
train,Side_road_on_left_789_jpg.rf.d5ef5b68d36c4f36c7da3d4a53044455.jpg,clean
train,Side_road_on_left_78_jpg.rf.d620139c1d4a97185b8c247adfb5d024.jpg,occlusion_moderate
train,Side_road_on_left_790_jpg.rf.2ed43ff26757c4f0f99511894657be9e.jpg,clean
train,Side_road_on_left_792_jpg.rf.7111e47fc64794b331bf4afb760d1b8a.jpg,rain_moderate
train,Side_road_on_left_795_jpg.rf.8d6d3fc4568ee88f3533a175f6508b62.jpg,fog_mild
train,Side_road_on_left_796_jpg.rf.1d668e04040193bb66e729631c862b8b.jpg,small_distance_0.59|glare_moderate
train,Side_road_on_left_797_jpg.rf.8f296c8e2c4e18220e62b7b5299e6628.jpg,glare_mild
train,Side_road_on_left_798_jpg.rf.2b6d1f23d126f0e9e151b090553f31a5.jpg,occlusion_moderate
train,Side_road_on_left_7_jpg.rf.dde6722d99726c6246bae5b84a9d71c3.jpg,blur_mild
train,Side_road_on_left_800_jpg.rf.450aad4d3caa0d63aacca3dc12c35800.jpg,clean
train,Side_road_on_left_802_jpg.rf.16172953e34ea95eca0d6d46d237f746.jpg,fog_severe
train,Side_road_on_left_804_jpg.rf.5c0bf9444cb80b84b4327566605f5b90.jpg,low_light_moderate
train,Side_road_on_left_805_jpg.rf.aea970c1ebaa8b6bf4001d53fd9415ed.jpg,clean
train,Side_road_on_left_806_jpg.rf.289b0baa2929c5c7bfbb74b756621ea7.jpg,low_light_mild
train,Side_road_on_left_807_jpg.rf.930ac4dc5d1efe6c6e0d9fa141caa7a0.jpg,clean
train,Side_road_on_left_809_jpg.rf.067d78cb5d589fdcee0df757ceacf858.jpg,occlusion_severe
train,Side_road_on_left_810_jpg.rf.67667875886b22061fab97b6a72d783f.jpg,glare_mild
train,Side_road_on_left_811_jpg.rf.741beb644f73a994c0a70be1a7260f39.jpg,small_distance_0.56|blur_moderate
train,Side_road_on_left_812_jpg.rf.bfc023919080a53fd10614b75dfee947.jpg,glare_severe
train,Side_road_on_left_813_jpg.rf.6087e7a8647ab624dbe49238aa4581a1.jpg,clean
train,Side_road_on_left_814_jpg.rf.b5d8b4ad54ebac7e865c1b015548fca0.jpg,fog_moderate
train,Side_road_on_left_815_jpg.rf.07081788bdc1a2044e2980b09f617b78.jpg,clean
train,Side_road_on_left_816_jpg.rf.ec315be96d097a465be532eb003bf4d0.jpg,low_light_moderate
train,Side_road_on_left_817_jpg.rf.b031f993197c7caa5f24498bc1ad4f96.jpg,rain_mild
train,Side_road_on_left_81_jpg.rf.dcf73ebd2636d06dd28b21ff220509ee.jpg,small_distance_0.80|blur_moderate
train,Side_road_on_left_820_jpg.rf.bf5b1bf215a6c1057ae1e3ab86a5e1fe.jpg,small_distance_0.57
train,Side_road_on_left_821_jpg.rf.dab29d5902a30b8a2eb430f9c4411e07.jpg,clean
train,Side_road_on_left_822_jpg.rf.777e439b5ac3dbdebf89fcc7bb7c9e6a.jpg,occlusion_severe
train,Side_road_on_left_823_jpg.rf.d11e11e60083f2a31f92706c1caab355.jpg,clean
train,Side_road_on_left_824_jpg.rf.4cd347504a15f274014e77df02d194d5.jpg,low_light_mild
train,Side_road_on_left_825_jpg.rf.b62a3c34dd746852691825ee41d744b9.jpg,blur_mild
train,Side_road_on_left_826_jpg.rf.625727adf215d7f30c519f2d43edaf30.jpg,occlusion_moderate
train,Side_road_on_left_827_jpg.rf.45b248c3b2c867ae559afd348e4f5b6c.jpg,small_distance_0.75|glare_mild
train,Side_road_on_left_828_jpg.rf.cbc4e29de6027eef1b31172dd0380eb4.jpg,small_distance_0.62|blur_mild
train,Side_road_on_left_829_jpg.rf.f6330e61a1a16ea567d183e3d5244f4f.jpg,rain_severe
train,Side_road_on_left_82_jpg.rf.d184a25ddb2ddf7c86978df441880668.jpg,small_distance_0.63|glare_mild
train,Side_road_on_left_830_jpg.rf.7414684c0d1eb6e8e8d82989a409bd41.jpg,fog_moderate
train,Side_road_on_left_831_jpg.rf.93b532014c916f8b29d5adfa63717588.jpg,occlusion_mild
train,Side_road_on_left_832_jpg.rf.aa2935d0ef0a8ed21ea6ad0fc95d288a.jpg,small_distance_0.60|blur_mild
train,Side_road_on_left_833_jpg.rf.e4ed6d14575c2c2a27765c438f1a1730.jpg,small_distance_0.78
train,Side_road_on_left_834_jpg.rf.87b244b6ce83d47dd335c993b7b91174.jpg,small_distance_0.60
train,Side_road_on_left_835_jpg.rf.3e0a58dab92465cc9acb10c8b0f811ea.jpg,small_distance_0.70
train,Side_road_on_left_83_jpg.rf.1058edbc8c8d98913821c7de0c55cb36.jpg,glare_severe
train,Side_road_on_left_841_jpg.rf.a856f0b8d16f6c0f76e4f9403c9ae1e4.jpg,clean
train,Side_road_on_left_842_jpg.rf.0b155246ef1c4bce655bf86f4a535ba8.jpg,rain_moderate
train,Side_road_on_left_843_jpg.rf.d7b529253500ccc8979f866df73c399d.jpg,fog_severe
train,Side_road_on_left_846_jpg.rf.485e5407fc8f30128d04547be2c5838d.jpg,small_distance_0.82
train,Side_road_on_left_849_jpg.rf.d6bcd244a7365f460f553150c2fd6f2b.jpg,blur_mild
train,Side_road_on_left_850_jpg.rf.6766e37a178466810c21ff7452f1730e.jpg,small_distance_0.60
train,Side_road_on_left_88_jpg.rf.848bbf52f2ccac435771475be6ee0365.jpg,occlusion_moderate
train,Side_road_on_left_8_jpg.rf.426e82aa01758c6555566b0c37a0c9ea.jpg,small_distance_0.81
train,Side_road_on_left_91_jpg.rf.ffd9e2f1c0be98dc78c7067675b8c388.jpg,clean
train,Side_road_on_left_93_jpg.rf.561b4dc22eef1f0bf9bb87df8f793012.jpg,rain_mild
train,Side_road_on_left_97_jpg.rf.82c61594d107de412076f86f10dabea3.jpg,low_light_severe
train,Side_road_on_left_98_jpg.rf.4e51afadaa5f3a37a55493514f6755c2.jpg,clean
train,Side_road_on_left_9_jpg.rf.45142261aa8769005a1ee882269bcff6.jpg,clean
train,Side_road_on_right_1000_jpg.rf.2da3bcd771e595b790942ece346ef0de.jpg,clean
train,Side_road_on_right_1001_jpg.rf.e797d77a3c1f37dd5ecce5eb03a83ded.jpg,fog_severe
train,Side_road_on_right_1002_jpg.rf.65ee601819c5200ff6d998fd687bc0e6.jpg,clean
train,Side_road_on_right_1003_jpg.rf.8753ea349d035cdc0dfb3fc32f6f9056.jpg,small_distance_0.61|blur_severe
train,Side_road_on_right_1004_jpg.rf.225e44c7b93a8b5a66cb516ca7c86713.jpg,glare_severe
train,Side_road_on_right_1005_jpg.rf.8570345c16f891839a5df4dd04fc26be.jpg,clean
train,Side_road_on_right_1008_jpg.rf.c332f4bd75449ca9be2502275554813c.jpg,blur_severe
train,Side_road_on_right_100_jpg.rf.cefc9ccc0774aafec226373ec50c4373.jpg,clean
train,Side_road_on_right_1015_jpg.rf.b717e64c9e5a9bd6e5bd31e44c2c63b1.jpg,low_light_severe
train,Side_road_on_right_1016_jpg.rf.727474c38501c5cc3267e8de1f58e064.jpg,low_light_mild
train,Side_road_on_right_1017_jpg.rf.775ada4ea809b559ce532df6f2e0bd2a.jpg,rain_moderate
train,Side_road_on_right_1018_jpg.rf.b37f3e86a3bed6be6c883b6d0a8504b6.jpg,blur_mild
train,Side_road_on_right_101_jpg.rf.8c673e3af09ada0024dd2474b1509424.jpg,small_distance_0.64
train,Side_road_on_right_1020_jpg.rf.a31a18921b509cb6169161a53bc53953.jpg,small_distance_0.63|rain_moderate
train,Side_road_on_right_1022_jpg.rf.632d5cf04b7e37ab48e2b75cdfacd73c.jpg,small_distance_0.67|low_light_moderate
train,Side_road_on_right_1023_jpg.rf.3767fa8da3c2e50db061145cbd67473d.jpg,small_distance_0.64|blur_mild
train,Side_road_on_right_1025_jpg.rf.003b246fb766d515b1ec7c1681b501a4.jpg,occlusion_mild
train,Side_road_on_right_1028_jpg.rf.2d063e6473ff8784468aa53a56ae1fc2.jpg,clean
train,Side_road_on_right_1029_jpg.rf.29fa1b6bedfc50c6f57f5e6c96d183ee.jpg,clean
train,Side_road_on_right_102_jpg.rf.fcc2e15a79e05ffefa5e5204ac0a7813.jpg,fog_moderate
train,Side_road_on_right_1030_jpg.rf.70a05f03fdd382b9716c9b231ae45d16.jpg,small_distance_0.59|low_light_mild
train,Side_road_on_right_1031_jpg.rf.c94005dc04948d09eed8085a626e87d7.jpg,small_distance_0.63
train,Side_road_on_right_1033_jpg.rf.a9d405a036063653d7a9f410816068d0.jpg,blur_severe
train,Side_road_on_right_1034_jpg.rf.55298fd22228772f909807dd54eb01aa.jpg,occlusion_severe
train,Side_road_on_right_1035_jpg.rf.e2cf66ca4ca9d00ec6c8c8c6169a7914.jpg,small_distance_0.72|glare_mild
train,Side_road_on_right_1036_jpg.rf.98cb508bc1c7fbb2a7269b8e5d2f3c2d.jpg,small_distance_0.81|fog_moderate
train,Side_road_on_right_1038_jpg.rf.17d1dbf986b2620d13aa1c8e6288704f.jpg,blur_severe
train,Side_road_on_right_103_jpg.rf.337e378e728ea5f8fa3f0bcc932e51e8.jpg,small_distance_0.82|fog_moderate
train,Side_road_on_right_1040_jpg.rf.e951779ed41d25b965c8013ef75d8a28.jpg,low_light_severe
train,Side_road_on_right_1042_jpg.rf.1dd1027fcb8b1972e4f78481fde4fda7.jpg,fog_mild
train,Side_road_on_right_1043_jpg.rf.4631b44fa30fdfba32379c563950f936.jpg,small_distance_0.83|blur_severe
train,Side_road_on_right_1044_jpg.rf.eba6518fb321c8a08ee3e0a0168a0010.jpg,occlusion_severe
train,Side_road_on_right_1046_jpg.rf.7574383b810d5ef4ddd1dea13909c041.jpg,small_distance_0.77
train,Side_road_on_right_1047_jpg.rf.760ac10677550c3c335cfba51481fb52.jpg,glare_mild
train,Side_road_on_right_104_jpg.rf.c3b2fff3c0a8f9b6c18c6108bd970e2c.jpg,clean
train,Side_road_on_right_1050_jpg.rf.eb14db68c5332968813a5e9fd2b9512e.jpg,rain_moderate
train,Side_road_on_right_1051_jpg.rf.9db108feda2fdd34e63b06433a9892ab.jpg,rain_severe
train,Side_road_on_right_1052_jpg.rf.f778aaf2f2bed79df117c7e8608df189.jpg,low_light_moderate
train,Side_road_on_right_1053_jpg.rf.e68eb0130a5b09e2d522a332eb837907.jpg,small_distance_0.67|low_light_moderate
train,Side_road_on_right_1054_jpg.rf.5b96bad0f8dbd44797889f015a543a05.jpg,small_distance_0.73
train,Side_road_on_right_1055_jpg.rf.9412da7f03507d9ff7de173f11a95c2b.jpg,low_light_moderate
train,Side_road_on_right_1056_jpg.rf.b02bd485cbc13169731e6b5ff15250bc.jpg,small_distance_0.58|occlusion_moderate
train,Side_road_on_right_1057_jpg.rf.11d1cfc2dc930fbb065225b6c4df9a62.jpg,occlusion_severe
train,Side_road_on_right_1060_jpg.rf.ed57a90296479493ec2ec9e6328f1aa8.jpg,small_distance_0.75|blur_mild
train,Side_road_on_right_1061_jpg.rf.dc7e400ae4586721733c73ba6f2c9ff5.jpg,occlusion_mild
train,Side_road_on_right_1062_jpg.rf.b63ea3c151bf8cfeed474e5c0b835c17.jpg,rain_moderate
train,Side_road_on_right_1063_jpg.rf.c65b9ae23e0d1db540fc22d08decb9a4.jpg,occlusion_mild
train,Side_road_on_right_1064_jpg.rf.16e9bd89e09c1204e440d2d63736c14d.jpg,clean
train,Side_road_on_right_1067_jpg.rf.f25566e6032b0159adfe5087662e84a1.jpg,small_distance_0.58|rain_mild
train,Side_road_on_right_1069_jpg.rf.cbb56de7626d3891e46a0fe91c1c795f.jpg,clean
train,Side_road_on_right_1070_jpg.rf.e90c509d3aff9efd928baf9cef2becbf.jpg,glare_moderate
train,Side_road_on_right_1071_jpg.rf.0f38c22acd2215594da340cf288adcc9.jpg,glare_severe
train,Side_road_on_right_1072_jpg.rf.3a775277e753666dbde57304fdd13627.jpg,small_distance_0.74|fog_mild
train,Side_road_on_right_1073_jpg.rf.d024ddd9c132133b2c25c860062f19ab.jpg,clean
train,Side_road_on_right_1074_jpg.rf.24a052eadb33bd5e649d71c105c631a5.jpg,fog_moderate
train,Side_road_on_right_1075_jpg.rf.14dae1048b6fa00c8cba9280615a2757.jpg,small_distance_0.55|blur_mild
train,Side_road_on_right_1076_jpg.rf.17f9685b9a4192444ec1eb7f8f5eecd3.jpg,rain_moderate
train,Side_road_on_right_1077_jpg.rf.7526c8371686e2073141560fa97d1caf.jpg,small_distance_0.64|rain_moderate
train,Side_road_on_right_1078_jpg.rf.cbd2a54d29507711226cb7989d787af4.jpg,low_light_mild
train,Side_road_on_right_1079_jpg.rf.9b1d82e3863ac8ad40ddb515523b4dc4.jpg,occlusion_mild
train,Side_road_on_right_107_jpg.rf.4ec2750a33171b6b366c51656da3b6da.jpg,fog_moderate
train,Side_road_on_right_1080_jpg.rf.9283a0f2c2c9c155446c825478019060.jpg,glare_mild
train,Side_road_on_right_1081_jpg.rf.6f52b842629f210f9a89721b0ee5bc3d.jpg,rain_severe
train,Side_road_on_right_1084_jpg.rf.a5592c11bbb49b6431f65512524599be.jpg,low_light_severe
train,Side_road_on_right_1085_jpg.rf.ced8f09404a4019c145c8a3d341fb809.jpg,fog_severe
train,Side_road_on_right_1087_jpg.rf.5dda0423143903c3ebb25dd15c99f1eb.jpg,blur_moderate
train,Side_road_on_right_108_jpg.rf.7052d71ecc22866e06bb8f943b08c4fa.jpg,fog_severe
train,Side_road_on_right_1090_jpg.rf.0c72723f9b56ca626d7e9bc03f77e93e.jpg,blur_mild
train,Side_road_on_right_1091_jpg.rf.8d74764b4868833b428878ca3a5b879e.jpg,rain_severe
train,Side_road_on_right_1092_jpg.rf.b016415bab280c952b69b36fcfe68fd0.jpg,clean
train,Side_road_on_right_1093_jpg.rf.b3ca6b5d68b3aee4d3ffd363aeb660e1.jpg,clean
train,Side_road_on_right_1094_jpg.rf.13e119294a6c905d0b8721b3e0e53c98.jpg,low_light_mild
train,Side_road_on_right_1095_jpg.rf.1a864b76bdf0248b70b9c2fbf817f420.jpg,small_distance_0.56
train,Side_road_on_right_1097_jpg.rf.daf1a1b5eca8745388bde7d4cfad0424.jpg,fog_mild
train,Side_road_on_right_1099_jpg.rf.c2e7cacafee0731aea30c43454a1bbc9.jpg,occlusion_moderate
train,Side_road_on_right_10_jpg.rf.ffecf02fe53b3282603a11894cde8252.jpg,occlusion_moderate
train,Side_road_on_right_1101_jpg.rf.094ff033598ee250195e9df3f5514d50.jpg,occlusion_severe
train,Side_road_on_right_1102_jpg.rf.18007038e1a4593e1fc767c7268756f3.jpg,glare_moderate
train,Side_road_on_right_1106_jpg.rf.d030bb859344b6f50aacf9223c31be0e.jpg,clean
train,Side_road_on_right_1107_jpg.rf.35bb2eeeac74727b51c85afd54eb3477.jpg,small_distance_0.81|rain_severe
train,Side_road_on_right_1109_jpg.rf.fcadf5fa4b44a91925a4d38c3ea2c629.jpg,small_distance_0.62
train,Side_road_on_right_1111_jpg.rf.1c865dc4b3f7b81b13212e478efd746f.jpg,small_distance_0.57|rain_mild
train,Side_road_on_right_1112_jpg.rf.d9f7673d78d69f7cb81ffa14b735418d.jpg,glare_moderate
train,Side_road_on_right_1113_jpg.rf.7fca163c9e6760779917f4fd2d7bb701.jpg,blur_severe
train,Side_road_on_right_1114_jpg.rf.c7e7d278bab02f622f6db3f0f69c83a8.jpg,occlusion_mild
train,Side_road_on_right_1115_jpg.rf.1248e19d6f8a49821dbfd7777f41bd8d.jpg,small_distance_0.61|blur_moderate
train,Side_road_on_right_1116_jpg.rf.24d91d5fa5d7d0589f81391aa5a3ec89.jpg,small_distance_0.73|fog_severe
train,Side_road_on_right_1118_jpg.rf.60e09477150c05867818ec69fe30074e.jpg,rain_mild
train,Side_road_on_right_1119_jpg.rf.5aec71742ff9eab52697367961d09dcc.jpg,small_distance_0.62|fog_severe
train,Side_road_on_right_111_jpg.rf.2fcf93104d17907513b20ffb84513691.jpg,rain_mild
train,Side_road_on_right_1120_jpg.rf.3b750c3ee3afba3caf4ca1c3f7e20434.jpg,rain_severe
train,Side_road_on_right_1121_jpg.rf.e261603d76d31133be5afc084677335d.jpg,glare_mild
train,Side_road_on_right_1122_jpg.rf.55e049553f9680e053c42e7d289318b3.jpg,clean
train,Side_road_on_right_1123_jpg.rf.fecff7c7c3b5a9ecdf13f3ac82e3f935.jpg,small_distance_0.70|low_light_moderate
train,Side_road_on_right_1127_jpg.rf.23a5d7050bde5ababd4e8a867da05006.jpg,small_distance_0.76
train,Side_road_on_right_112_jpg.rf.3f9a8e006e672ba9a10991be2f2d7055.jpg,rain_mild
train,Side_road_on_right_1130_jpg.rf.2f4c419966ed28db5e00a04f498afd0c.jpg,clean
train,Side_road_on_right_1131_jpg.rf.147a5dd8b729a63bf98ef9fabe46220b.jpg,rain_mild
train,Side_road_on_right_1132_jpg.rf.553aa3ea4cf8d84ab3a7d81e9d122a71.jpg,blur_severe
train,Side_road_on_right_1133_jpg.rf.e9db7df24a1b2ace5c321901f4f2e3c0.jpg,small_distance_0.80|fog_moderate
train,Side_road_on_right_1134_jpg.rf.c8bded6b648bed551ba9f872f46e42d5.jpg,small_distance_0.68|blur_mild
train,Side_road_on_right_1136_jpg.rf.de45bbdfcf2975abe3b3428506fe47ea.jpg,fog_severe
train,Side_road_on_right_1137_jpg.rf.8c04b7f73d0f106cbbce73fa37dbcaf1.jpg,clean
train,Side_road_on_right_1138_jpg.rf.69f8967c5409b20b4c41b770c5a36d25.jpg,occlusion_mild
train,Side_road_on_right_113_jpg.rf.14041ec8c317a2054c728301c4ab8755.jpg,glare_mild
train,Side_road_on_right_1141_jpg.rf.accd445f7b56062473af1a91a9b38363.jpg,small_distance_0.56|glare_mild
train,Side_road_on_right_1142_jpg.rf.d16ad3aeae5fcadfa3480cb96c5a09c2.jpg,small_distance_0.60|glare_mild
train,Side_road_on_right_1143_jpg.rf.5f1273c1d54fe48a8af64a8a4c449070.jpg,rain_moderate
train,Side_road_on_right_1145_jpg.rf.32d37b214e2f01b34ce875a99700e6e9.jpg,occlusion_severe
train,Side_road_on_right_1147_jpg.rf.95c559b9859d933581b44e51fa30afc0.jpg,clean
train,Side_road_on_right_1148_jpg.rf.aad79a7ff7fe5c32b5b67d2163c6a753.jpg,clean
train,Side_road_on_right_1149_jpg.rf.e8f0750302fe2a682f92e76744af74b9.jpg,clean
train,Side_road_on_right_114_jpg.rf.a64cd7c5d0beef0a4cca07e2ced1ed80.jpg,small_distance_0.85|low_light_mild
train,Side_road_on_right_1150_jpg.rf.9732a18ea2567658d8b8b9b67a594458.jpg,low_light_moderate
train,Side_road_on_right_1151_jpg.rf.dd8f08a7ea0a2c43a5ad8a8dc694a59c.jpg,small_distance_0.63|occlusion_mild
train,Side_road_on_right_1152_jpg.rf.14e97c83dabdd10450324c711769ac67.jpg,small_distance_0.64
train,Side_road_on_right_1153_jpg.rf.16047efc68ffb8c9fe7c9cd8430fe336.jpg,low_light_mild
train,Side_road_on_right_1155_jpg.rf.1a19c433c9f3a576efa9d5e3b9bccd1a.jpg,blur_mild
train,Side_road_on_right_1156_jpg.rf.1ea77f5d0fd85f0e96359831ae781997.jpg,blur_severe
train,Side_road_on_right_1157_jpg.rf.f9053169edbf1a857d2f410cec797c3e.jpg,clean
train,Side_road_on_right_1158_jpg.rf.753f31a80a782b61687a6a040998cc3b.jpg,rain_mild
train,Side_road_on_right_1159_jpg.rf.0a56ca635b8ebf7219cff98ea58909ff.jpg,rain_mild
train,Side_road_on_right_1161_jpg.rf.d26e344fe1ded461c4f10d39e20ff3df.jpg,small_distance_0.57
train,Side_road_on_right_1162_jpg.rf.884df002b7e0a1173153eff943bfec0e.jpg,low_light_severe
train,Side_road_on_right_1163_jpg.rf.21c482a7d269cf9f10d7784c52d01ecb.jpg,small_distance_0.71|fog_moderate
train,Side_road_on_right_1166_jpg.rf.b9cf7e8df8644a1d7d72340b022a9946.jpg,clean
train,Side_road_on_right_1168_jpg.rf.de3a41287ea363b39280ab7806bce10d.jpg,small_distance_0.70
train,Side_road_on_right_116_jpg.rf.b9fbe4341df3fdfbc601ae4b738c276a.jpg,small_distance_0.79|blur_severe
train,Side_road_on_right_1171_jpg.rf.d8f791045cf2c1885ca8f799719a62bf.jpg,small_distance_0.68|occlusion_severe
train,Side_road_on_right_1173_jpg.rf.3163b211ddd05146ff0751dadf3ee760.jpg,small_distance_0.78|occlusion_moderate
train,Side_road_on_right_1174_jpg.rf.9994fb19543aaeeabbed77bc3de69e47.jpg,blur_mild
train,Side_road_on_right_1175_jpg.rf.55bbc16e041404b2118745eb5505ad66.jpg,clean
train,Side_road_on_right_1176_jpg.rf.71920eab05913984bad8a61782de73d4.jpg,clean
train,Side_road_on_right_119_jpg.rf.df8c604845b23262c993db57b2c9a026.jpg,rain_severe
train,Side_road_on_right_11_jpg.rf.76422dc8568611671221a50d1da7e2d1.jpg,blur_severe
train,Side_road_on_right_120_jpg.rf.86ade490baa826cdfb2186ecc0a3f593.jpg,small_distance_0.84|low_light_severe
train,Side_road_on_right_122_jpg.rf.e34de2dda815a340b822446f75052caf.jpg,clean
train,Side_road_on_right_124_jpg.rf.ab67e26cfdf57b90d37fd2b19353c9f9.jpg,occlusion_mild
train,Side_road_on_right_125_jpg.rf.6c0944648850025d10106a661adb58b4.jpg,occlusion_mild
train,Side_road_on_right_126_jpg.rf.bba48ee0f5a71e40b474a2689b45db8c.jpg,fog_moderate
train,Side_road_on_right_128_jpg.rf.d88f634bb46caa7d831a742f8c72952c.jpg,small_distance_0.58
train,Side_road_on_right_129_jpg.rf.b7a9bb14736413123b09dbc2e216193f.jpg,glare_moderate
train,Side_road_on_right_12_jpg.rf.17a1ca9f0d930a9c9953a585af6bc962.jpg,clean
train,Side_road_on_right_130_jpg.rf.37a469db94e87ff4cdcf50ada08442cb.jpg,small_distance_0.60
train,Side_road_on_right_131_jpg.rf.9cae088df01037194903787009ff6562.jpg,clean
train,Side_road_on_right_132_jpg.rf.f5c465034ab349fcf23f0c318b26458e.jpg,small_distance_0.69|glare_mild
train,Side_road_on_right_133_jpg.rf.32cc3874c1897894d01e8ddd06fe3c3c.jpg,small_distance_0.56|rain_moderate
train,Side_road_on_right_134_jpg.rf.cb8986491c69ece704fdd4c9d0f830d3.jpg,small_distance_0.65|low_light_moderate
train,Side_road_on_right_135_jpg.rf.abed926329c5a21c2e38477efa85e6bc.jpg,low_light_mild
train,Side_road_on_right_138_jpg.rf.6ca96f9f36a12025bd95a71cc3945bf7.jpg,small_distance_0.59|rain_moderate
train,Side_road_on_right_139_jpg.rf.5f0c0505adc54b429bbd6d1470d7d580.jpg,fog_mild
train,Side_road_on_right_140_jpg.rf.b08d86ddbe42f5731b8c735c24083d82.jpg,blur_severe
train,Side_road_on_right_141_jpg.rf.f763b679839efbe73d2d1c012884c6d9.jpg,blur_moderate
train,Side_road_on_right_142_jpg.rf.fe495f461934fa047ae4323de4f5da41.jpg,small_distance_0.67
train,Side_road_on_right_143_jpg.rf.f5506640aa004659f10965615d422e16.jpg,blur_severe
train,Side_road_on_right_144_jpg.rf.7b8ff4405ed4ca37fa880c0bbb4141ce.jpg,clean
train,Side_road_on_right_145_jpg.rf.a4f69933ec53a5abc432b0e198a340f3.jpg,rain_mild
train,Side_road_on_right_147_jpg.rf.9f8d05341bbb7a18a71261dfdb9ee97f.jpg,small_distance_0.79
train,Side_road_on_right_148_jpg.rf.5d600f3ad9713709b049a41c1e256660.jpg,low_light_mild
train,Side_road_on_right_150_jpg.rf.ca3c55b940fcbbba2c5ae42235048844.jpg,clean
train,Side_road_on_right_152_jpg.rf.de1878b297a0c2d25d92fc4821b08fab.jpg,occlusion_moderate
train,Side_road_on_right_153_jpg.rf.8c8e760810a3e133c7c5af5f39a4c972.jpg,low_light_moderate
train,Side_road_on_right_154_jpg.rf.7df00facd190e39fc21cce2383fde23e.jpg,clean
train,Side_road_on_right_155_jpg.rf.95407b24d2366eb477b1cec83f91b6ee.jpg,rain_severe
train,Side_road_on_right_156_jpg.rf.08b91730fdba7683c70d14dbac94f5cf.jpg,rain_mild
train,Side_road_on_right_158_jpg.rf.6c55a11e6d63a84e5295458f8cef66b1.jpg,glare_severe
train,Side_road_on_right_15_jpg.rf.e14f413fa1e0d02580d56092f8956dfc.jpg,low_light_severe
train,Side_road_on_right_161_jpg.rf.1101c2c14820063c87c9c9c2de3117b5.jpg,fog_moderate
train,Side_road_on_right_162_jpg.rf.c0c71666cf890db6735ced9d205183cd.jpg,small_distance_0.56
train,Side_road_on_right_163_jpg.rf.f6c4ce811d704f034c351d1d767ffb65.jpg,occlusion_severe
train,Side_road_on_right_164_jpg.rf.5894b68abe321a2f03467c292755b23e.jpg,blur_moderate
train,Side_road_on_right_166_jpg.rf.1fb7856834c58e8a1717fc887b7475aa.jpg,glare_mild
train,Side_road_on_right_167_jpg.rf.15118de568e67bb578b79e377b99b6a5.jpg,occlusion_moderate
train,Side_road_on_right_168_jpg.rf.19cfd0e014e9b60e3317f9d2378649e9.jpg,small_distance_0.83|fog_mild
train,Side_road_on_right_16_jpg.rf.73126d7da8743f76974739544ec63ec7.jpg,small_distance_0.79|fog_moderate
train,Side_road_on_right_172_jpg.rf.c07aba9596680f8ce39bb4683b09b514.jpg,rain_severe
train,Side_road_on_right_173_jpg.rf.ff81a1048225bd72fd0cfe826cb4098b.jpg,small_distance_0.58|glare_moderate
train,Side_road_on_right_174_jpg.rf.c25f0e5c9785c783d5dc3f9eee6c0ad2.jpg,low_light_severe
train,Side_road_on_right_175_jpg.rf.cc84c14201a8d508584558fcef8e5f20.jpg,rain_severe
train,Side_road_on_right_176_jpg.rf.652fc81c18c1db793ee7998aa688e6fc.jpg,small_distance_0.62|low_light_mild
train,Side_road_on_right_179_jpg.rf.6b9ba9feec79dccd501cce5cb47a64d5.jpg,occlusion_mild
train,Side_road_on_right_180_jpg.rf.7c3be09fd8153866705eef982403473c.jpg,clean
train,Side_road_on_right_181_jpg.rf.c7be4cb22eef43c36f4054c50f1edbe5.jpg,small_distance_0.76|occlusion_severe
train,Side_road_on_right_182_jpg.rf.ce301623c8598a9f7cf3e99c7ba7a441.jpg,small_distance_0.81|rain_mild
train,Side_road_on_right_183_jpg.rf.43582e862ce5d98f75543b1ef7673676.jpg,clean
train,Side_road_on_right_185_jpg.rf.b76f50a3c78b9d2b5f3bb86814811986.jpg,small_distance_0.71|occlusion_mild
train,Side_road_on_right_186_jpg.rf.74e7dca1386a057ceb27de4c3c9d05b1.jpg,rain_mild
train,Side_road_on_right_187_jpg.rf.befd22bbf006fea52914451a9a099bdb.jpg,small_distance_0.76|glare_severe
train,Side_road_on_right_188_jpg.rf.9308116637fea48acbc1e2ebc7d67ece.jpg,blur_severe
train,Side_road_on_right_189_jpg.rf.b488be1bd566ef3ef69f96a83bb60f49.jpg,blur_severe
train,Side_road_on_right_18_jpg.rf.b940b02905b697d1f5be3d9d101c14ea.jpg,rain_moderate
train,Side_road_on_right_191_jpg.rf.ce8cd99bcd1ec6c215321f8d7348d53d.jpg,clean
train,Side_road_on_right_192_jpg.rf.54a6d18b1cb1e79578345336ead2286d.jpg,small_distance_0.67|blur_mild
train,Side_road_on_right_193_jpg.rf.50f43b4f64eeef2c2946c7c3a8b56563.jpg,low_light_moderate
train,Side_road_on_right_194_jpg.rf.78deee7a0669b908ab2bb8e4ca57426d.jpg,glare_mild
train,Side_road_on_right_196_jpg.rf.4d20b2270e81a2a32ca1bdd1d724d466.jpg,glare_severe
train,Side_road_on_right_197_jpg.rf.c43761c4e42e3c51ccc9f2402b803817.jpg,blur_mild
train,Side_road_on_right_198_jpg.rf.0026d631e1054206749058bb3758bf40.jpg,blur_mild
train,Side_road_on_right_19_jpg.rf.69d40c44313b7b9f403af4dcf8b09db7.jpg,glare_mild
train,Side_road_on_right_200_jpg.rf.b910101a45c6307d115be462ad3a4a84.jpg,clean
train,Side_road_on_right_202_jpg.rf.3dd0ed614d4e2e4fb971b4fc9b669a4c.jpg,occlusion_moderate
train,Side_road_on_right_203_jpg.rf.cdea9af780477000f48e8ab039d8fd31.jpg,small_distance_0.74|occlusion_moderate
train,Side_road_on_right_204_jpg.rf.ff643861d1a87441e050285feaa00f7e.jpg,occlusion_moderate
train,Side_road_on_right_205_jpg.rf.cbc24f3a826241ab49a94be1a4a6d5c7.jpg,clean
train,Side_road_on_right_206_jpg.rf.1323bb0aef730c1291398c00c2f8229e.jpg,low_light_moderate
train,Side_road_on_right_207_jpg.rf.6044446d5bec0f8b8f79f3481a7a6660.jpg,small_distance_0.57|blur_mild
train,Side_road_on_right_208_jpg.rf.3dd95c62353e6980b74fb2310dc70a00.jpg,low_light_moderate
train,Side_road_on_right_209_jpg.rf.09541381b7dccc26646c2482b57ea9ab.jpg,small_distance_0.64|low_light_moderate
train,Side_road_on_right_20_jpg.rf.b7848cfb28dbb3ea8835efdf0f672ed8.jpg,small_distance_0.56|glare_mild
train,Side_road_on_right_210_jpg.rf.cffa439d54f4b52166ac33caecef37f9.jpg,small_distance_0.77
train,Side_road_on_right_211_jpg.rf.986ca79707bd8cc9f2f2df10182d0abb.jpg,blur_mild
train,Side_road_on_right_212_jpg.rf.605b5126f82474f18f82967f729c3e1e.jpg,glare_mild
train,Side_road_on_right_213_jpg.rf.cddee2753a9c9a3be5089e221b470cc7.jpg,small_distance_0.83|occlusion_moderate
train,Side_road_on_right_214_jpg.rf.887219c2685e18246b83145fa5f9a746.jpg,small_distance_0.71
train,Side_road_on_right_215_jpg.rf.81821409f53918cc06ec1efdb669c4b3.jpg,small_distance_0.66|fog_mild
train,Side_road_on_right_216_jpg.rf.eb6c016e1113f9b4323cfaaad645a770.jpg,glare_severe
train,Side_road_on_right_217_jpg.rf.086a30d705c4a0d8b9f0153cc8e3bc6c.jpg,small_distance_0.76|rain_moderate
train,Side_road_on_right_218_jpg.rf.30d1c0f891c3c9a6cf5d834cf491d277.jpg,blur_mild
train,Side_road_on_right_219_jpg.rf.a43cd7da192c20d4d27aa04296e4e8eb.jpg,rain_moderate
train,Side_road_on_right_21_jpg.rf.2413cf02cb089ad4ba1068753d884062.jpg,clean
train,Side_road_on_right_220_jpg.rf.dac5ffd27371df1ae03cc2e80c604ecf.jpg,small_distance_0.81|rain_severe
train,Side_road_on_right_221_jpg.rf.6b03424195df316e62ee2b8120cd2bb6.jpg,occlusion_mild
train,Side_road_on_right_222_jpg.rf.aac6fe320482228e613659d258a93dc9.jpg,small_distance_0.60|fog_moderate
train,Side_road_on_right_223_jpg.rf.d7d7ae56465142a2df0f92b5557b5cc8.jpg,small_distance_0.68|glare_severe
train,Side_road_on_right_224_jpg.rf.8d7f0f0958bb4bb278c8756c2c78ea15.jpg,small_distance_0.74|low_light_severe
train,Side_road_on_right_225_jpg.rf.c50fd4bb74c508e2ba2c7c6a491f171a.jpg,low_light_moderate
train,Side_road_on_right_226_jpg.rf.8df57089201a86b2c8dfaf6745bdbde8.jpg,small_distance_0.84|fog_severe
train,Side_road_on_right_227_jpg.rf.a84b9e78f8992d1a235ae198aed3131b.jpg,small_distance_0.71|rain_moderate
train,Side_road_on_right_229_jpg.rf.a577e1f9236910b9ed091f8ec0e5252d.jpg,small_distance_0.69|low_light_severe
train,Side_road_on_right_22_jpg.rf.dd8367f8fdc1868d8ebfd801b976fe3b.jpg,blur_mild
train,Side_road_on_right_230_jpg.rf.bdc81518e1c4b470f30b0db7cf3f12dc.jpg,small_distance_0.66|blur_mild
train,Side_road_on_right_231_jpg.rf.4b082ab92bf24706f11ab127ed8f9160.jpg,occlusion_mild
train,Side_road_on_right_234_jpg.rf.f0553e6b38f88bc6b1c0c538d3cd577c.jpg,fog_severe
train,Side_road_on_right_235_jpg.rf.3556652e9ef59a67e1c76d4ea5d0eb41.jpg,fog_moderate
train,Side_road_on_right_236_jpg.rf.9d80a47a8085282cd6190813054358ab.jpg,clean
train,Side_road_on_right_239_jpg.rf.a902153aa4555d11bdd49e338796afd8.jpg,fog_severe
train,Side_road_on_right_241_jpg.rf.8da483689428189c12c7f8816eba0d98.jpg,low_light_severe
train,Side_road_on_right_242_jpg.rf.d2749270e935fc6253b283af91c01207.jpg,clean
train,Side_road_on_right_245_jpg.rf.2977acbeb382b047de2db94bed4ba1f0.jpg,glare_severe
train,Side_road_on_right_246_jpg.rf.b13315bd05b1908b77bb2ba6108d48d1.jpg,small_distance_0.72|low_light_severe
train,Side_road_on_right_247_jpg.rf.e9bf8adbd6b145fd777a1a55bbfbdeff.jpg,glare_mild
train,Side_road_on_right_248_jpg.rf.9af58d70570f8af149d22bfb2231a424.jpg,low_light_moderate
train,Side_road_on_right_249_jpg.rf.73ad0fc73ba8c3d032bd11abf4d506b2.jpg,low_light_mild
train,Side_road_on_right_250_jpg.rf.64e40a893ddc8ad6adeb74257925f6a2.jpg,small_distance_0.72|low_light_moderate
train,Side_road_on_right_251_jpg.rf.e0deade5f6257a186ad81953de572b6a.jpg,clean
train,Side_road_on_right_252_jpg.rf.3e454b396a4871b6f7f9d4b2aec65565.jpg,clean
train,Side_road_on_right_253_jpg.rf.b665ff0cb2c20d979b6aa38962654cdd.jpg,rain_moderate
train,Side_road_on_right_255_jpg.rf.7cdd5587da811416edacd92af7195adf.jpg,clean
train,Side_road_on_right_258_jpg.rf.9794107630514eed522d802f0c6ca06f.jpg,blur_moderate
train,Side_road_on_right_25_jpg.rf.e2fc21865bc88c8bcbd89c275b25497d.jpg,low_light_moderate
train,Side_road_on_right_260_jpg.rf.dd0a1ddcc8956e5b1f095b6310ef3729.jpg,small_distance_0.74|glare_mild
train,Side_road_on_right_263_jpg.rf.0f17c5faff671c8415c7cf1345dfc435.jpg,rain_moderate
train,Side_road_on_right_264_jpg.rf.909f93ef83ab05a88bb1decbfed89d53.jpg,clean
train,Side_road_on_right_267_jpg.rf.0e4ceac7fea83595d379738e4b91e518.jpg,small_distance_0.73|occlusion_severe
train,Side_road_on_right_268_jpg.rf.238455fd59b9021e59f0d1feb55fd53f.jpg,low_light_mild
train,Side_road_on_right_269_jpg.rf.dae0b34139cac384be02c92d29e4a117.jpg,blur_moderate
train,Side_road_on_right_26_jpg.rf.793b921a9e8008aa68660c954616a6d0.jpg,clean
train,Side_road_on_right_270_jpg.rf.a1cc021591ea75aa737b2256007f55d3.jpg,clean
train,Side_road_on_right_271_jpg.rf.d46e0278bda07f7d20998962f700315d.jpg,small_distance_0.59|low_light_moderate
train,Side_road_on_right_272_jpg.rf.324c9788aa4fa6456a40e74c023cdab3.jpg,small_distance_0.71
train,Side_road_on_right_273_jpg.rf.e0136ca9a4af6dd443379e9a68b68d2a.jpg,small_distance_0.73|occlusion_mild
train,Side_road_on_right_274_jpg.rf.69b887b23dc998efd5da78b37a5d0f5b.jpg,low_light_moderate
train,Side_road_on_right_276_jpg.rf.d4648e1073a28990dff9c63de1b8e345.jpg,occlusion_mild
train,Side_road_on_right_278_jpg.rf.8b8285258e095f3ecdc512f3383940bb.jpg,low_light_moderate
train,Side_road_on_right_279_jpg.rf.7ced397bb281f8e5579bb7db3f41765a.jpg,occlusion_mild
train,Side_road_on_right_27_jpg.rf.2b54395fdfa294c18cd5918aeba337ba.jpg,clean
train,Side_road_on_right_280_jpg.rf.cf606cf27bceb13fb3b3c40c21699660.jpg,small_distance_0.65
train,Side_road_on_right_281_jpg.rf.4afae5e6c4a9cd5ac32649347a9b7671.jpg,small_distance_0.80
train,Side_road_on_right_283_jpg.rf.394d3144ab4e0258840ef9aeb42fd36c.jpg,low_light_moderate
train,Side_road_on_right_284_jpg.rf.3aac205de09a67b3005d776c457cedaa.jpg,blur_mild
train,Side_road_on_right_285_jpg.rf.42b42a73bd18ac6ff0af41aeb71fa09f.jpg,rain_mild
train,Side_road_on_right_287_jpg.rf.35eead46430749f00f1f372024de9f55.jpg,small_distance_0.81|glare_moderate
train,Side_road_on_right_28_jpg.rf.872837a5ebae9d751c240ee62f61b184.jpg,small_distance_0.57
train,Side_road_on_right_290_jpg.rf.9c3d9d5ecdf66300013af092bd9fa3be.jpg,blur_mild
train,Side_road_on_right_291_jpg.rf.c080e0f41b4f3e0dff083f5d712d5a93.jpg,clean
train,Side_road_on_right_293_jpg.rf.03e0c49c4765a6529aadfe730dfdd161.jpg,small_distance_0.84
train,Side_road_on_right_295_jpg.rf.a92b7f304b01eccc957b046ad27a026a.jpg,small_distance_0.57|low_light_severe
train,Side_road_on_right_296_jpg.rf.1887679fe933f62b8f1ceaba58570ff7.jpg,small_distance_0.64|occlusion_moderate
train,Side_road_on_right_298_jpg.rf.5c99d7dbc16f2e3f3123f58c693a23bd.jpg,small_distance_0.67|occlusion_severe
train,Side_road_on_right_299_jpg.rf.4cced3be39fe6d1a48b1765492b100ab.jpg,small_distance_0.72|glare_severe
train,Side_road_on_right_29_jpg.rf.f774d227ea1222266a6fc0a9c3748c7e.jpg,small_distance_0.77|fog_moderate
train,Side_road_on_right_2_jpg.rf.29a414613eb053a6690d97032be09962.jpg,small_distance_0.70|fog_moderate
train,Side_road_on_right_300_jpg.rf.fd9f29684d6960f376f37c7755cdf6d7.jpg,small_distance_0.76|rain_severe
train,Side_road_on_right_301_jpg.rf.cbcc79bf83d87745e57eee17104a3946.jpg,clean
train,Side_road_on_right_302_jpg.rf.c458de789ab32cdbdc94ab8b0d6ed1e9.jpg,fog_mild
train,Side_road_on_right_303_jpg.rf.dbc5f95123f1e497b7ba68304817cacf.jpg,glare_severe
train,Side_road_on_right_306_jpg.rf.2a145cdb0a2efb8fb4d9bd636e9224fe.jpg,glare_mild
train,Side_road_on_right_307_jpg.rf.bb3fc751d673ee43e1016682a2f42317.jpg,low_light_mild
train,Side_road_on_right_309_jpg.rf.04c5d3024b8ab6ad59068b0e5f10ebbc.jpg,glare_severe
train,Side_road_on_right_30_jpg.rf.5fe5ed21552b6f44a8e905e6be154dd4.jpg,rain_mild
train,Side_road_on_right_310_jpg.rf.eda44b54f2970ad8307f6ecf27147d38.jpg,small_distance_0.62
train,Side_road_on_right_312_jpg.rf.9b4d91ef42940da2da94345b9e33cd65.jpg,occlusion_mild
train,Side_road_on_right_314_jpg.rf.9555554e3400c5eebd1b605cc1a4408b.jpg,small_distance_0.82|glare_severe
train,Side_road_on_right_316_jpg.rf.0d1890dc93fb82572b384e201eeed694.jpg,rain_mild
train,Side_road_on_right_317_jpg.rf.91903666ba4098208d1d1d3746d5ac6d.jpg,rain_mild
train,Side_road_on_right_319_jpg.rf.d0c651bde79834cfdc91ed7aeebb8075.jpg,glare_mild
train,Side_road_on_right_31_jpg.rf.fb717467fa86ee251aca38fd09f8cdf1.jpg,clean
train,Side_road_on_right_320_jpg.rf.c486056395d089c6e9e3beae55c797f4.jpg,small_distance_0.69|fog_moderate
train,Side_road_on_right_321_jpg.rf.8da58c5749f913841a1606d4d4abb920.jpg,small_distance_0.62|occlusion_severe
train,Side_road_on_right_322_jpg.rf.5bc94ccb6bf9f5cc5ddcafcebe66551f.jpg,small_distance_0.63|rain_severe
train,Side_road_on_right_323_jpg.rf.6dbafb9486968df527057f43c9cf21a8.jpg,small_distance_0.59|low_light_mild
train,Side_road_on_right_324_jpg.rf.d101b0c36c8797267252861d15d469bd.jpg,fog_moderate
train,Side_road_on_right_325_jpg.rf.bacd08a09fb77166e6ceda221f358a75.jpg,rain_severe
train,Side_road_on_right_326_jpg.rf.1c50fdcd460897babf5954c7225be935.jpg,small_distance_0.58|blur_mild
train,Side_road_on_right_327_jpg.rf.25e39a75073c0a31fa52e0a0ee40c146.jpg,glare_severe
train,Side_road_on_right_329_jpg.rf.e93b8e1c11800ffbaf71300e682c42e1.jpg,clean
train,Side_road_on_right_32_jpg.rf.70a3f800c1f9fab3dd691230a032e1b7.jpg,small_distance_0.80|glare_severe
train,Side_road_on_right_330_jpg.rf.44f2225a29ecc7c4d372773fcb4f31f6.jpg,occlusion_mild
train,Side_road_on_right_331_jpg.rf.a9a6710b16d82830593db5e6b013b6a7.jpg,small_distance_0.83|low_light_severe
train,Side_road_on_right_332_jpg.rf.a99b07b65112593ce7d4c7f2a5dd0e17.jpg,small_distance_0.80
train,Side_road_on_right_333_jpg.rf.bd96c55f9db28f45d67defd875a04d1a.jpg,glare_mild
train,Side_road_on_right_334_jpg.rf.a9ef72e2fb0240e7e0eb43f4e61423a5.jpg,blur_severe
train,Side_road_on_right_335_jpg.rf.8484d89b3a2d581808acae515345b421.jpg,small_distance_0.75|blur_moderate
train,Side_road_on_right_337_jpg.rf.bc5cfe8505b9a488dfb896ac4cd347f6.jpg,small_distance_0.78
train,Side_road_on_right_338_jpg.rf.7381cdb9398d8eb0486d08ec42c209f8.jpg,small_distance_0.79|occlusion_severe
train,Side_road_on_right_339_jpg.rf.505c988ee1881388b4a52f91c7755b9f.jpg,blur_moderate
train,Side_road_on_right_342_jpg.rf.d7822b99d5d0f8eaabfca4c0195b5eae.jpg,glare_mild
train,Side_road_on_right_343_jpg.rf.f5fa8c62c4e2c1c1b6c79f7126bd4b60.jpg,rain_mild
train,Side_road_on_right_346_jpg.rf.92a145e57bc89ec63a094d4e5dd86d02.jpg,low_light_mild
train,Side_road_on_right_348_jpg.rf.c91dc7ddef4f304836b8e90a80c76e14.jpg,small_distance_0.80|occlusion_moderate
train,Side_road_on_right_349_jpg.rf.9712847bfdf31a5a50ff51e24cd2998c.jpg,small_distance_0.60
train,Side_road_on_right_34_jpg.rf.b63ae1050b2534a551d6a3037d6aa404.jpg,blur_moderate
train,Side_road_on_right_350_jpg.rf.24f3ad0905419f5b79cf032d0bee599e.jpg,blur_severe
train,Side_road_on_right_352_jpg.rf.5de0e943623e1bbc27b531cbc0094403.jpg,small_distance_0.72|low_light_severe
train,Side_road_on_right_354_jpg.rf.250e0066f71c1b238d4426eeaaaa3cd7.jpg,low_light_mild
train,Side_road_on_right_357_jpg.rf.d1e2c24bcc303b23d8e70ab7eadb3ebb.jpg,small_distance_0.67|low_light_mild
train,Side_road_on_right_358_jpg.rf.c3c12ec803bfb499011a343888155745.jpg,occlusion_moderate
train,Side_road_on_right_359_jpg.rf.498245723c90aee08cd91590dea54916.jpg,small_distance_0.74|low_light_mild
train,Side_road_on_right_35_jpg.rf.1368d52a73ed7ede04e4d5ff08ed5d65.jpg,blur_moderate
train,Side_road_on_right_361_jpg.rf.9664fd87c0fd6f3392729e163ee2617b.jpg,clean
train,Side_road_on_right_362_jpg.rf.93b671561d819278f928ebfc2416ffb0.jpg,low_light_moderate
train,Side_road_on_right_363_jpg.rf.53130ee0b67ac2dbec17da0b330bd0af.jpg,occlusion_moderate
train,Side_road_on_right_364_jpg.rf.91492760243242b230b165771df38fae.jpg,rain_moderate
train,Side_road_on_right_367_jpg.rf.20b626d441dd4ede506156665f79fafb.jpg,occlusion_severe
train,Side_road_on_right_368_jpg.rf.8b642ba108ba17f58068a960faa817ad.jpg,occlusion_mild
train,Side_road_on_right_369_jpg.rf.4cbb6e8164e5f690d9a9fc29863bcb02.jpg,small_distance_0.69|glare_mild
train,Side_road_on_right_371_jpg.rf.4c3309def4edd7a25a70819b4337958a.jpg,fog_mild
train,Side_road_on_right_373_jpg.rf.bbace79787500f42e8497f63b25d384b.jpg,small_distance_0.71|glare_mild
train,Side_road_on_right_374_jpg.rf.de1a9403de66a633220330d8b64dbf16.jpg,clean
train,Side_road_on_right_375_jpg.rf.b8d0ac72ee8447ffb69501ff762d7e6e.jpg,small_distance_0.83|glare_mild
train,Side_road_on_right_376_jpg.rf.ffa539833bb161e6d0f692e694fa044a.jpg,occlusion_severe
train,Side_road_on_right_378_jpg.rf.aba11777dd362c71ee18902ae8ddfa95.jpg,low_light_moderate
train,Side_road_on_right_380_jpg.rf.7f3c407df23c48f08e2624c91e2ab05b.jpg,low_light_severe
train,Side_road_on_right_381_jpg.rf.b3420cb5af1f05975b242547def7dd81.jpg,occlusion_mild
train,Side_road_on_right_384_jpg.rf.801e49dcba6efe4a0bad6ba8acd3b7a9.jpg,low_light_severe
train,Side_road_on_right_385_jpg.rf.13e3ced1f36fd2cc8c090fa9f1bda646.jpg,small_distance_0.85|occlusion_severe
train,Side_road_on_right_386_jpg.rf.c8868368aefa3b81e84a1a7bd5645d28.jpg,small_distance_0.71|rain_severe
train,Side_road_on_right_388_jpg.rf.0d52d4d129fc1419724568f0617193fc.jpg,blur_severe
train,Side_road_on_right_389_jpg.rf.300bc0b57425800a8f51924b63c71ef9.jpg,small_distance_0.56
train,Side_road_on_right_38_jpg.rf.2121373061c5ea24cfe920d29630dde8.jpg,clean
train,Side_road_on_right_390_jpg.rf.8464b729e9ebb904895f2f9b0a1fcd27.jpg,occlusion_moderate
train,Side_road_on_right_391_jpg.rf.8cb75495424f82f76c44ea00527f2f39.jpg,blur_mild
train,Side_road_on_right_393_jpg.rf.d31f04d3faaf9cbbd3aeb47c0ba90896.jpg,small_distance_0.71
train,Side_road_on_right_395_jpg.rf.ab0af70a39050983f36173c53bedc963.jpg,small_distance_0.66|low_light_moderate
train,Side_road_on_right_396_jpg.rf.a2d5dfc7163e4b7d4830a5bee3b51abf.jpg,rain_moderate
train,Side_road_on_right_397_jpg.rf.9a9ea4575c632900b9dd49267048fb51.jpg,rain_severe
train,Side_road_on_right_399_jpg.rf.3ab5dcc6696ed44e63d2e641d68fbc62.jpg,small_distance_0.84|occlusion_severe
train,Side_road_on_right_39_jpg.rf.2d217d5bb3e32324e9f5e55ab0af0a39.jpg,clean
train,Side_road_on_right_400_jpg.rf.63ba6ee7fe458ec17e4bcaf478366e14.jpg,rain_severe
train,Side_road_on_right_401_jpg.rf.64a8b74018e13cf3d7e53f3938f65100.jpg,clean
train,Side_road_on_right_402_jpg.rf.3722cfb1bcb9945eb4cb68481e6af88e.jpg,rain_moderate
train,Side_road_on_right_403_jpg.rf.b61e0102bfce07b6a8be9e3128f8da82.jpg,small_distance_0.75|low_light_moderate
train,Side_road_on_right_404_jpg.rf.445e64e237aa0f2a8b062f194521f623.jpg,clean
train,Side_road_on_right_406_jpg.rf.c1f0196b0ddbeef5c1d51b2199dbc919.jpg,small_distance_0.83|low_light_mild
train,Side_road_on_right_40_jpg.rf.df92e895f927c91cc116007de0559e92.jpg,occlusion_mild
train,Side_road_on_right_410_jpg.rf.d6ab08cf5a2624031d49cff95df081c6.jpg,small_distance_0.73|blur_mild
train,Side_road_on_right_411_jpg.rf.17140694817f09c8da034e8bf924b2ce.jpg,clean
train,Side_road_on_right_414_jpg.rf.39d24ebd53c9b1b3ac47fe769944a098.jpg,small_distance_0.76|blur_severe
train,Side_road_on_right_416_jpg.rf.a766ddf07142803db15db9055cc8ade4.jpg,glare_severe
train,Side_road_on_right_417_jpg.rf.e386e83a44823c4a94392185c2b44bdb.jpg,small_distance_0.73
train,Side_road_on_right_419_jpg.rf.946a905839f0b062c52b4c70cd9b9470.jpg,fog_mild
train,Side_road_on_right_420_jpg.rf.f931e3023fb78b63428ad725c066db9f.jpg,small_distance_0.64|occlusion_severe
train,Side_road_on_right_421_jpg.rf.1bd55c64bebf1b2a0682da46a31b0ab9.jpg,blur_moderate
train,Side_road_on_right_422_jpg.rf.7845c5f9f43d6926b548fdf84c042bc6.jpg,rain_severe
train,Side_road_on_right_424_jpg.rf.bd461ca9f03183a70ff457745d782086.jpg,rain_moderate
train,Side_road_on_right_425_jpg.rf.545406d0d491930420dfa2160223d46f.jpg,fog_mild
train,Side_road_on_right_426_jpg.rf.f1f68883236971923ef40d810709d56e.jpg,fog_moderate
train,Side_road_on_right_427_jpg.rf.81a47ba4d5736bd4658e97be39e7f95b.jpg,small_distance_0.80|rain_severe
train,Side_road_on_right_429_jpg.rf.9d179b4f474dea0e39979bc3a951f707.jpg,small_distance_0.74|glare_moderate
train,Side_road_on_right_42_jpg.rf.08cb41f4d984872c8ff2d302cfa76226.jpg,clean
train,Side_road_on_right_430_jpg.rf.b7f379501888606bf98aed7673a143a3.jpg,small_distance_0.79|fog_mild
train,Side_road_on_right_431_jpg.rf.e15d51699d3fc0e8cc08d7d855731b5b.jpg,small_distance_0.74
train,Side_road_on_right_433_jpg.rf.51c95e9c8d7c5cb64efc62c9ed35a90d.jpg,small_distance_0.81
train,Side_road_on_right_434_jpg.rf.c5e9ab1050c8ec7d596f454261388a31.jpg,small_distance_0.78|fog_mild
train,Side_road_on_right_435_jpg.rf.1e122be5138e98c8155dbe6930462382.jpg,blur_severe
train,Side_road_on_right_436_jpg.rf.577b1cb9b130a587f37cd565167997bb.jpg,blur_severe
train,Side_road_on_right_439_jpg.rf.96fdb246dcbff3a219165b1e60819fab.jpg,glare_mild
train,Side_road_on_right_440_jpg.rf.9fed4d24db8c9aed3eb0ab402ebc3b2f.jpg,small_distance_0.59
train,Side_road_on_right_441_jpg.rf.829a98d1bd005137a4c0dc9788298a39.jpg,clean
train,Side_road_on_right_443_jpg.rf.5b4d90b969d47820237d83638673742f.jpg,small_distance_0.60|fog_severe
train,Side_road_on_right_444_jpg.rf.c287bc7d5c83269b57c90607cf5e0421.jpg,clean
train,Side_road_on_right_445_jpg.rf.367bb718fbaee91f188d6411b3dd2279.jpg,fog_severe
train,Side_road_on_right_446_jpg.rf.56e03edaee83fa1f907e45bf6f67e821.jpg,clean
train,Side_road_on_right_448_jpg.rf.c6cfaedafeaf1e3e5dec96ae3f07dcf1.jpg,fog_mild
train,Side_road_on_right_449_jpg.rf.e01aea006ee701e5ae31effe8d191e72.jpg,small_distance_0.76|occlusion_severe
train,Side_road_on_right_44_jpg.rf.7af11a020d05f98ee4fd6ab1b82d5364.jpg,small_distance_0.74|glare_moderate
train,Side_road_on_right_450_jpg.rf.1e3e1d5e89d888240cce8101a7479dad.jpg,occlusion_severe
train,Side_road_on_right_452_jpg.rf.9149d79bf31f2fafb397a7da409f75b7.jpg,small_distance_0.70|low_light_mild
train,Side_road_on_right_453_jpg.rf.460269824c41d8e7a739e92b35e0225b.jpg,clean
train,Side_road_on_right_454_jpg.rf.f50c468115eca4786c872e005474da20.jpg,rain_mild
train,Side_road_on_right_456_jpg.rf.56ee8879878acef1ab59956b8eb0cd9f.jpg,fog_moderate
train,Side_road_on_right_457_jpg.rf.85358c0fe5c4d23a986a12c4cfa07b28.jpg,rain_mild
train,Side_road_on_right_459_jpg.rf.fae44fb42d45a7c2481ceb13cbf2e550.jpg,blur_moderate
train,Side_road_on_right_45_jpg.rf.e7bbf80bda060d2e85f017666cbd01b6.jpg,blur_moderate
train,Side_road_on_right_461_jpg.rf.6f6a3e663f61aae2c45e94d45b8cffd5.jpg,small_distance_0.56|occlusion_moderate
train,Side_road_on_right_463_jpg.rf.1934a07fd07f7a47987384e81fbe2796.jpg,blur_moderate
train,Side_road_on_right_464_jpg.rf.842b89f4145b75abc4f8f42f4110814d.jpg,small_distance_0.81|glare_moderate
train,Side_road_on_right_466_jpg.rf.fea83b5a5ff424e78a43779d7b70933b.jpg,clean
train,Side_road_on_right_467_jpg.rf.ab9eca549cd7d8672b85b8e61f6a32c6.jpg,occlusion_mild
train,Side_road_on_right_468_jpg.rf.244648577ba8821d291f4468a1450b0b.jpg,clean
train,Side_road_on_right_46_jpg.rf.02ab3730d17efd3824863e93db26dd58.jpg,fog_severe
train,Side_road_on_right_470_jpg.rf.7bfcb910a65debe7ac9d0aef93805d32.jpg,rain_moderate
train,Side_road_on_right_471_jpg.rf.84df597ae51b154c69d99a429beed6b4.jpg,clean
train,Side_road_on_right_473_jpg.rf.213646598cd9fef20e6fdb8e419adb09.jpg,clean
train,Side_road_on_right_474_jpg.rf.f4752637542a473a3bcdb70044abd715.jpg,small_distance_0.83|rain_mild
train,Side_road_on_right_476_jpg.rf.fc4caaa2609ebaa881ea96743142790c.jpg,clean
train,Side_road_on_right_479_jpg.rf.853928e4e606b64c9330a40dfeaf5805.jpg,small_distance_0.59
train,Side_road_on_right_47_jpg.rf.a9b6a5fb1349dd7c45672cceab0e0d5c.jpg,small_distance_0.73
train,Side_road_on_right_480_jpg.rf.458165c4ddc66cb82b88f7e1aa1f9b53.jpg,low_light_mild
train,Side_road_on_right_483_jpg.rf.19e54be6881770514346a97e02dd40bf.jpg,small_distance_0.77
train,Side_road_on_right_484_jpg.rf.bab599c88b8e48b6bf676dd074f869ad.jpg,glare_mild
train,Side_road_on_right_486_jpg.rf.65f40bbe3de79382842568f3c64d8a04.jpg,small_distance_0.72|low_light_mild
train,Side_road_on_right_487_jpg.rf.f38ca56c8bc202d6d08f646c5eb97933.jpg,occlusion_mild
train,Side_road_on_right_488_jpg.rf.5d82fbfc3a8dd0c4b1394cb600e393cb.jpg,rain_moderate
train,Side_road_on_right_489_jpg.rf.12871c8f2f98c3314c489adefe0b7e2c.jpg,occlusion_moderate
train,Side_road_on_right_490_jpg.rf.f646bef7d2c49472c44ab50f3bad1fe2.jpg,rain_moderate
train,Side_road_on_right_492_jpg.rf.b54b241c4d009628daa7065c28ea57a7.jpg,small_distance_0.72|rain_severe
train,Side_road_on_right_493_jpg.rf.1b49f4523cb4a8814e6dd1d2c0ac4261.jpg,small_distance_0.80
train,Side_road_on_right_494_jpg.rf.13b7fdfa9ecb63f5e548a86b4e3cb0ff.jpg,occlusion_severe
train,Side_road_on_right_495_jpg.rf.e8fef72384d1e0b73202f824b4bf0a9e.jpg,small_distance_0.58|rain_severe
train,Side_road_on_right_496_jpg.rf.c74a6649db812b55179fbff827bea908.jpg,glare_mild
train,Side_road_on_right_497_jpg.rf.3ee53b89bb3bdd3a86c24ee3f2d4ecab.jpg,small_distance_0.76|occlusion_severe
train,Side_road_on_right_498_jpg.rf.25a3d1cd51aa51ff23da7a1f978e4152.jpg,small_distance_0.72|rain_mild
train,Side_road_on_right_499_jpg.rf.d78ca6580f541e7cfe98efd8b3df9ebc.jpg,small_distance_0.60|low_light_severe
train,Side_road_on_right_4_jpg.rf.614bc66005a0981bfd52fcf817e30725.jpg,small_distance_0.67|blur_severe
train,Side_road_on_right_500_jpg.rf.30dd2006a2c322581c39758ba8549e1b.jpg,low_light_mild
train,Side_road_on_right_501_jpg.rf.b02eb809d7c3781479b4820455143630.jpg,low_light_mild
train,Side_road_on_right_503_jpg.rf.475f09c10335e03dd96ff3a8e5ae2e3b.jpg,small_distance_0.60|occlusion_mild
train,Side_road_on_right_504_jpg.rf.9138b6af0b420f104cd5641880006aa4.jpg,clean
train,Side_road_on_right_505_jpg.rf.d63501dd5c3a2dc9e280f01c39f05647.jpg,fog_moderate
train,Side_road_on_right_506_jpg.rf.50d92eb460f407fe343fd9d7fe939191.jpg,occlusion_moderate
train,Side_road_on_right_507_jpg.rf.78f088922b053919540b24c7810c1d9d.jpg,clean
train,Side_road_on_right_508_jpg.rf.c924c8236dcb00e97224d7d2ab5b220d.jpg,small_distance_0.79|blur_severe
train,Side_road_on_right_509_jpg.rf.f78de099a78291fcfd8a0d3069bb7796.jpg,small_distance_0.81|glare_severe
train,Side_road_on_right_511_jpg.rf.ae54941d4edca7f92f4ce9ba034202d2.jpg,glare_severe
train,Side_road_on_right_512_jpg.rf.2cdc0ec0fcd60006bf3f8e99c2893920.jpg,clean
train,Side_road_on_right_513_jpg.rf.3c4e05ee6d58c4845e32589c4157e975.jpg,rain_moderate
train,Side_road_on_right_514_jpg.rf.d3b49baf68de929c2015c788e011db6a.jpg,small_distance_0.57|low_light_moderate
train,Side_road_on_right_517_jpg.rf.9cb5c881b26fde233bb176fcf58d3699.jpg,clean
train,Side_road_on_right_518_jpg.rf.588b4535964125bfa85310288cde950b.jpg,occlusion_moderate
train,Side_road_on_right_519_jpg.rf.08e4ca6fdc0a196c5a8a91c5fb8ae51e.jpg,small_distance_0.84
train,Side_road_on_right_51_jpg.rf.fef7d8229262b644ce182e6d02dc66e4.jpg,blur_severe
train,Side_road_on_right_520_jpg.rf.4c7d0fb95b101adf4260ecfee958375c.jpg,fog_moderate
train,Side_road_on_right_521_jpg.rf.5c6f8584c3d798d84bbcf99ae4905f6e.jpg,blur_severe
train,Side_road_on_right_522_jpg.rf.ca60319bb70fe43e56a8deaae816af7a.jpg,small_distance_0.56|low_light_moderate
train,Side_road_on_right_523_jpg.rf.3c5fb775d1bd37052325ff8f56e1ec62.jpg,clean
train,Side_road_on_right_524_jpg.rf.4fb1ba9dee81f269221ff9b833697e4c.jpg,low_light_severe
train,Side_road_on_right_526_jpg.rf.d12a0113c56fd33061d3b6a80a4bcbe6.jpg,occlusion_severe
train,Side_road_on_right_527_jpg.rf.97800a9c91486f824eefc7543e8f39d3.jpg,clean
train,Side_road_on_right_528_jpg.rf.3855951229606d22cdb9ac9a44e420bf.jpg,rain_severe
train,Side_road_on_right_529_jpg.rf.3f912b3cb0a2e66c1b845ea5c855fbc5.jpg,clean
train,Side_road_on_right_52_jpg.rf.bb0af75b72e7d79cbdd2e680d1a43fd9.jpg,clean
train,Side_road_on_right_530_jpg.rf.b52381085b4f2293ce55a8ed5810ed2d.jpg,clean
train,Side_road_on_right_531_jpg.rf.608a7d585909ac724030dd41f5778de7.jpg,small_distance_0.56
train,Side_road_on_right_532_jpg.rf.1508e51a77544c1470265ad80fae64c7.jpg,small_distance_0.67|low_light_severe
train,Side_road_on_right_535_jpg.rf.fdf8a3b64b2e71fb2bb4ae92da1a5fbe.jpg,small_distance_0.69|rain_mild
train,Side_road_on_right_537_jpg.rf.d9dd10ca09a4589554671cab14f19b86.jpg,blur_mild
train,Side_road_on_right_538_jpg.rf.50c1e80d41f385ae83dddeb69ab7e159.jpg,rain_severe
train,Side_road_on_right_539_jpg.rf.eafd45d9e420ca58c2058a07188796d1.jpg,occlusion_mild
train,Side_road_on_right_540_jpg.rf.4aca0f1653504b4dc03b67e25dfc2132.jpg,small_distance_0.61|occlusion_severe
train,Side_road_on_right_541_jpg.rf.a6be233f1ccc398d26a6ece9c026a445.jpg,small_distance_0.73|blur_severe
train,Side_road_on_right_543_jpg.rf.e1386ba4e23e457f1aa0d0c582be143b.jpg,rain_severe
train,Side_road_on_right_545_jpg.rf.2d8df5bf1ba5f7d6e188b39c98713d52.jpg,blur_mild
train,Side_road_on_right_546_jpg.rf.c291ec5ff087f647fa1753a24c3039be.jpg,occlusion_mild
train,Side_road_on_right_548_jpg.rf.b58f4388d51703b87d2cb2c6ca964bc4.jpg,small_distance_0.60
train,Side_road_on_right_549_jpg.rf.a64d5f8c30b7b338f0edc24e30fea183.jpg,clean
train,Side_road_on_right_551_jpg.rf.a5fab6e99e905d359ad6df76f2df1ff5.jpg,clean
train,Side_road_on_right_552_jpg.rf.19d73919ee3eeb04c13cce90b4f019ae.jpg,small_distance_0.58
train,Side_road_on_right_553_jpg.rf.c5138e656860d9bd3030fa60729ae7bf.jpg,glare_moderate
train,Side_road_on_right_554_jpg.rf.d47edea221e2a441da1ff23a62129736.jpg,small_distance_0.82|low_light_severe
train,Side_road_on_right_557_jpg.rf.d19c5f278274bc53e7be0bd7b8bf0ef3.jpg,small_distance_0.59|occlusion_severe
train,Side_road_on_right_558_jpg.rf.93d692a6a5eb37782ad49d52f3b20504.jpg,clean
train,Side_road_on_right_559_jpg.rf.81b123a129c97d815f85943524852663.jpg,small_distance_0.74|blur_moderate
train,Side_road_on_right_55_jpg.rf.0a5a9adc94976db8544accef8f50d030.jpg,fog_mild
train,Side_road_on_right_560_jpg.rf.fb5b7f9b4e0e96cab03be8aaf0fcf1f6.jpg,glare_severe
train,Side_road_on_right_561_jpg.rf.237018921e79ea6a8b466490065c8004.jpg,clean
train,Side_road_on_right_562_jpg.rf.0e764f7a55303accc15dd40cd9741ad9.jpg,fog_mild
train,Side_road_on_right_563_jpg.rf.188448dee55d8f69d36c09ce958fe1b5.jpg,small_distance_0.64
train,Side_road_on_right_566_jpg.rf.2ca3074f13df75a49a5e18d23a2ccaf9.jpg,rain_moderate
train,Side_road_on_right_568_jpg.rf.35ebb7ee97e5382c3bac3a54650f0772.jpg,fog_mild
train,Side_road_on_right_569_jpg.rf.fe62ebc6abf626ffa8919cb1b944ff24.jpg,small_distance_0.64|low_light_mild
train,Side_road_on_right_571_jpg.rf.6364a6b56796e3306d87b7606c0db265.jpg,fog_severe
train,Side_road_on_right_572_jpg.rf.bb6f512882d56fab0ce39d83230a3382.jpg,clean
train,Side_road_on_right_575_jpg.rf.2016c483f427ac512faaca85ddc948ec.jpg,blur_mild
train,Side_road_on_right_577_jpg.rf.2394f63abb7f5a554ef9dedfdc243988.jpg,fog_mild
train,Side_road_on_right_578_jpg.rf.b3ef150f770effb12b6b63a1a724eaa9.jpg,blur_mild
train,Side_road_on_right_579_jpg.rf.e78a28823b05450edb9321ce6ea1c5b3.jpg,small_distance_0.69|rain_moderate
train,Side_road_on_right_57_jpg.rf.a21682eb7bad46a3abe061c6c088a77a.jpg,low_light_moderate
train,Side_road_on_right_580_jpg.rf.2aa022efd4264a71e49e1f5ca3eb9011.jpg,clean
train,Side_road_on_right_583_jpg.rf.46fbc6075e2d38ab283ed327595508b8.jpg,small_distance_0.80|blur_severe
train,Side_road_on_right_584_jpg.rf.8aa4e6eac9c09dc8da7a6e9d987663f2.jpg,glare_mild
train,Side_road_on_right_586_jpg.rf.97138bfce286bcca57e0f0e87dbb6126.jpg,rain_moderate
train,Side_road_on_right_587_jpg.rf.48faef15d60124a153fc5be5bf10f387.jpg,small_distance_0.70|low_light_severe
train,Side_road_on_right_588_jpg.rf.8a171dfb2a13327dce231d8e8f3e93cc.jpg,small_distance_0.77
train,Side_road_on_right_58_jpg.rf.9e40ac4fb790fb0e57a40746eca9872c.jpg,clean
train,Side_road_on_right_591_jpg.rf.1695d59fab4f54587f4297766e57d22b.jpg,small_distance_0.62|fog_severe
train,Side_road_on_right_592_jpg.rf.ac06535d05b5a780686608581758ea6e.jpg,clean
train,Side_road_on_right_594_jpg.rf.0ec6b123cd480914811ce4c8f87a38b3.jpg,small_distance_0.63
train,Side_road_on_right_595_jpg.rf.3d3064ebe6c46e31e05df98e76138a6e.jpg,occlusion_mild
train,Side_road_on_right_596_jpg.rf.b0ff868dcd5959fe85656ea95a4ffc73.jpg,small_distance_0.76|rain_mild
train,Side_road_on_right_597_jpg.rf.e1d432f832715652cbea1c6c80d57eb0.jpg,small_distance_0.73
train,Side_road_on_right_598_jpg.rf.858e2ed20f9f1810310071b2af0df47d.jpg,occlusion_moderate
train,Side_road_on_right_599_jpg.rf.1ee633e2f8d324c49243d672edb5ecb3.jpg,clean
train,Side_road_on_right_5_jpg.rf.077bcd40d04c68b511b8af6a35e2a1f9.jpg,small_distance_0.57|occlusion_moderate
train,Side_road_on_right_601_jpg.rf.b36ba89ce2c6b9e5e24a38c97795c726.jpg,rain_mild
train,Side_road_on_right_602_jpg.rf.6d898582c05d90caa7f7e3d5e8d8cc96.jpg,small_distance_0.80|fog_moderate
train,Side_road_on_right_603_jpg.rf.318df8350d71e69a261473d963a6577f.jpg,low_light_mild
train,Side_road_on_right_604_jpg.rf.b0784fb50fb1181a64437cce5e85d860.jpg,clean
train,Side_road_on_right_605_jpg.rf.c8042bfe83f9edd094d081f132e02d4a.jpg,blur_severe
train,Side_road_on_right_606_jpg.rf.2df59fe7c2cbb2ee1323d7354ea12081.jpg,blur_moderate
train,Side_road_on_right_607_jpg.rf.4c3f7a0f6ef4095dcd2131b30b16c9b3.jpg,clean
train,Side_road_on_right_609_jpg.rf.2be1283319ef3c4d26b39bd4001783f5.jpg,small_distance_0.60|low_light_mild
train,Side_road_on_right_610_jpg.rf.0c7213b9594b2d3cf86fb5fe07f3811b.jpg,clean
train,Side_road_on_right_611_jpg.rf.6a1337cec57c4318ad4dd0d362c817aa.jpg,rain_severe
train,Side_road_on_right_614_jpg.rf.3a3f905997210f3f828235631109ddeb.jpg,small_distance_0.77
train,Side_road_on_right_616_jpg.rf.082a3301f434e5096fe4a6e771e17cb7.jpg,rain_severe
train,Side_road_on_right_618_jpg.rf.63756d853ed2d4ab4113cb7dafcdceff.jpg,small_distance_0.69|glare_severe
train,Side_road_on_right_61_jpg.rf.3a5ba865816fad60a3082385ad1aef43.jpg,small_distance_0.57|fog_moderate
train,Side_road_on_right_621_jpg.rf.d09f590589d02bf9a5a8dbb6761d87a3.jpg,clean
train,Side_road_on_right_622_jpg.rf.54e516d7426613e48a352d319b5aaa8a.jpg,glare_mild
train,Side_road_on_right_623_jpg.rf.0f958924b671411ff4dde697d1805457.jpg,small_distance_0.61|glare_mild
train,Side_road_on_right_624_jpg.rf.f322c22e455b71a8cba3255d014af956.jpg,small_distance_0.81|glare_moderate
train,Side_road_on_right_625_jpg.rf.d1a0b3112a8b0d4053a95cc530942cfe.jpg,glare_mild
train,Side_road_on_right_627_jpg.rf.77d652d1f20180e2482190394932c6e3.jpg,small_distance_0.72|occlusion_mild
train,Side_road_on_right_628_jpg.rf.5c7e3a734341c2fc9f63d61237674198.jpg,glare_moderate
train,Side_road_on_right_629_jpg.rf.ea41974a0001ad746be4bae809617bb2.jpg,clean
train,Side_road_on_right_62_jpg.rf.5650f29ce6afbd69c150743694422cf4.jpg,fog_severe
train,Side_road_on_right_630_jpg.rf.5c071d24bd0ed1f7e872df63fbf5ab1a.jpg,small_distance_0.62|glare_mild
train,Side_road_on_right_631_jpg.rf.dea32b27b8010b1addf8e977b561fa63.jpg,small_distance_0.84|glare_mild
train,Side_road_on_right_633_jpg.rf.11b7be3ebe028ab2cb890e18085f6e57.jpg,small_distance_0.65|blur_mild
train,Side_road_on_right_634_jpg.rf.2fe6eeee98140fb18840c44ec1f61c4f.jpg,small_distance_0.73|blur_moderate
train,Side_road_on_right_637_jpg.rf.bc87bb393be2744ef27e99bccbf9114f.jpg,small_distance_0.77|rain_severe
train,Side_road_on_right_638_jpg.rf.f62539e371c196b4e213e3d957ea4568.jpg,occlusion_severe
train,Side_road_on_right_639_jpg.rf.378e346c5dd4c57e41a71a7f1f61e048.jpg,clean
train,Side_road_on_right_640_jpg.rf.278f3c88e0793526993daa77787c27c7.jpg,blur_moderate
train,Side_road_on_right_641_jpg.rf.629126bc5c11c89c0116980a7afc03c0.jpg,small_distance_0.85|rain_mild
train,Side_road_on_right_642_jpg.rf.e44ee80b78f2adbd0cbd0b3f47b04ffe.jpg,small_distance_0.73|low_light_moderate
train,Side_road_on_right_643_jpg.rf.17425d6eaa87cd9e1be7c6adcf7a9001.jpg,glare_moderate
train,Side_road_on_right_645_jpg.rf.b980da49afbe46806046702b06f14389.jpg,glare_severe
train,Side_road_on_right_648_jpg.rf.1ac3cfbbcfa896178596d385ddc44906.jpg,small_distance_0.57|glare_severe
train,Side_road_on_right_649_jpg.rf.1b54604d638ae116cfb945da5315352d.jpg,small_distance_0.67|occlusion_moderate
train,Side_road_on_right_64_jpg.rf.cd1de7c60e3d101e476088a9bececb39.jpg,small_distance_0.82
train,Side_road_on_right_651_jpg.rf.a080b1d3dc25d7b38bc71865bd3c89b1.jpg,small_distance_0.70
train,Side_road_on_right_652_jpg.rf.27a40b8aaf5ec66270e8420eb1a27e50.jpg,rain_mild
train,Side_road_on_right_653_jpg.rf.5dfa795192f5e294b1ef69ecff7f8fdb.jpg,clean
train,Side_road_on_right_654_jpg.rf.52654cdf05fb7e28523e36b322b8bb8a.jpg,occlusion_severe
train,Side_road_on_right_655_jpg.rf.83bc6aaa9a4ed768b2ac6efeaa2777a9.jpg,low_light_severe
train,Side_road_on_right_657_jpg.rf.a45e86f79f5114b72b5764ab4bcd9464.jpg,clean
train,Side_road_on_right_658_jpg.rf.0d7f64145890110d3a1cbadad88d99f7.jpg,occlusion_moderate
train,Side_road_on_right_659_jpg.rf.c322ff0807dfa2848ef1b885e2cfd553.jpg,small_distance_0.68
train,Side_road_on_right_65_jpg.rf.64215a1151d859f6d7e2de63c3dcc817.jpg,glare_mild
train,Side_road_on_right_663_jpg.rf.31f8cdb6fdf74121a9f04af70f1948dc.jpg,clean
train,Side_road_on_right_666_jpg.rf.9ac6e5366c1c0a4702b051cd80cb2568.jpg,blur_moderate
train,Side_road_on_right_668_jpg.rf.c1c237398ffe7fde42977c03e1d705cf.jpg,small_distance_0.60|blur_severe
train,Side_road_on_right_66_jpg.rf.7f7a8ef8f82cfb35d4c8c52a273c719a.jpg,blur_severe
train,Side_road_on_right_671_jpg.rf.f584ecfea87768d225eee815ee2fad9d.jpg,clean
train,Side_road_on_right_672_jpg.rf.13c951141814484c2c7882322c4d0b7a.jpg,small_distance_0.76
train,Side_road_on_right_673_jpg.rf.7790271da96f46dcff8b9bdea95654e4.jpg,low_light_moderate
train,Side_road_on_right_674_jpg.rf.1ffa21d8cd9c961805f049f3b94bae7a.jpg,clean
train,Side_road_on_right_676_jpg.rf.b914b08693e88092c2e7e9c3e18eb857.jpg,small_distance_0.68|low_light_severe
train,Side_road_on_right_677_jpg.rf.090008e355c2144d7f9d4400abfaefdd.jpg,clean
train,Side_road_on_right_678_jpg.rf.8f9fd8f17745107cd47abe37cee96205.jpg,blur_severe
train,Side_road_on_right_679_jpg.rf.c849a4eec7c7d744ba051a088ede3cb1.jpg,clean
train,Side_road_on_right_67_jpg.rf.245324d7eaa9ae1ac97036d0802b7e4b.jpg,small_distance_0.59
train,Side_road_on_right_680_jpg.rf.6cd7b717d9d796d4df25036514b579d4.jpg,clean
train,Side_road_on_right_681_jpg.rf.0006ef834d921d42aca6b237480f38c3.jpg,rain_severe
train,Side_road_on_right_682_jpg.rf.add177657b87029141707c05312f042b.jpg,clean
train,Side_road_on_right_683_jpg.rf.2d9d14d6da787ccf792ed0424743d473.jpg,clean
train,Side_road_on_right_684_jpg.rf.2ea1df9dd5b924cfbf2d12e4a095eef4.jpg,blur_moderate
train,Side_road_on_right_686_jpg.rf.c3b69cbc0f01d344d24d55bb861ca61a.jpg,fog_moderate
train,Side_road_on_right_68_jpg.rf.e725174bc80daa340e9af2f262f75d9a.jpg,clean
train,Side_road_on_right_6_jpg.rf.14a0723988e3cb008c7e178bc46a99cb.jpg,small_distance_0.61|fog_severe
train,Side_road_on_right_786_jpg.rf.b11528fac23e8f7fabd419048976e6af.jpg,clean
train,Side_road_on_right_787_jpg.rf.f6b5507a976238ab0e636faa4dcd9a8c.jpg,clean
train,Side_road_on_right_788_jpg.rf.5f80f02b30f5b60c489be6dfa3343075.jpg,low_light_moderate
train,Side_road_on_right_797_jpg.rf.3acfbbe4d1cc8aa35e1716c5359ea150.jpg,glare_severe
train,Side_road_on_right_799_jpg.rf.7746120effdb5776c254bb153d840f12.jpg,occlusion_moderate
train,Side_road_on_right_79_jpg.rf.a2a4460a55009bbb71b517b174ee9c1b.jpg,clean
train,Side_road_on_right_801_jpg.rf.d891ce16d825e732df6101c693e95aa8.jpg,occlusion_mild
train,Side_road_on_right_805_jpg.rf.2f54c530b6a807db85e6a9525372cd85.jpg,small_distance_0.73|blur_moderate
train,Side_road_on_right_806_jpg.rf.643300666edbd3bbd4d3d46b5bf17fff.jpg,low_light_moderate
train,Side_road_on_right_807_jpg.rf.304412d4f4e48c5ad3d9d17be495d41c.jpg,small_distance_0.68|low_light_severe
train,Side_road_on_right_808_jpg.rf.89a695cfad9d120f5a34beb6d91fd66b.jpg,small_distance_0.70|occlusion_severe
train,Side_road_on_right_809_jpg.rf.9caccf9d72527271a71ee7cb028aaf4b.jpg,glare_moderate
train,Side_road_on_right_810_jpg.rf.66a0357696e4c9eb431a83d206098e6c.jpg,small_distance_0.83|occlusion_severe
train,Side_road_on_right_813_jpg.rf.05066d1b32e60c0298915e73052e4504.jpg,occlusion_mild
train,Side_road_on_right_814_jpg.rf.a7bbd0e5266556919646114de92e5f75.jpg,clean
train,Side_road_on_right_815_jpg.rf.743dbb06a00447b03b7d89af4953c108.jpg,low_light_moderate
train,Side_road_on_right_818_jpg.rf.47c72fbc645a47529475e19e937adf0b.jpg,fog_severe
train,Side_road_on_right_820_jpg.rf.a5922c02ff915af1e446d578d0e45f4a.jpg,low_light_moderate
train,Side_road_on_right_825_jpg.rf.fa93779d6ff65a64c70a924397327aa3.jpg,small_distance_0.68|fog_mild
train,Side_road_on_right_826_jpg.rf.1cd1e758b94e400faa02f585bdda3738.jpg,fog_severe
train,Side_road_on_right_827_jpg.rf.14f3c3eb2bd64c387ed3ba160da43764.jpg,clean
train,Side_road_on_right_828_jpg.rf.4e31c4a39f0ea20bac279f1d82a7be67.jpg,rain_mild
train,Side_road_on_right_829_jpg.rf.7a326f43d4ccd897c8d09f4f1b2a999b.jpg,rain_moderate
train,Side_road_on_right_82_jpg.rf.fb664b92791f9063e73540c860a382f1.jpg,low_light_mild
train,Side_road_on_right_830_jpg.rf.674548e7e75adf331faf24b8e725d6a4.jpg,clean
train,Side_road_on_right_832_jpg.rf.a2f5a4eab6a53915ca9eb30633486a8b.jpg,small_distance_0.63|low_light_moderate
train,Side_road_on_right_833_jpg.rf.01b68b766d033eff0f5142200ccdd1b9.jpg,blur_severe
train,Side_road_on_right_834_jpg.rf.33bed12ee438df3f8d8ac062576b8e2f.jpg,blur_mild
train,Side_road_on_right_835_jpg.rf.b3b7e6f845acb0037c773438e055228f.jpg,occlusion_mild
train,Side_road_on_right_836_jpg.rf.3492cc3fc7265d5dc15b9529d2ea6d54.jpg,clean
train,Side_road_on_right_837_jpg.rf.4dc367df4c0e96f3dcf5b01055f19a2f.jpg,clean
train,Side_road_on_right_838_jpg.rf.24b523d5cb671fafb1a504a1812fb8f3.jpg,clean
train,Side_road_on_right_839_jpg.rf.c99afef4c2af8148fc5c85df9c3b3251.jpg,rain_moderate
train,Side_road_on_right_83_jpg.rf.5d11236ac9efd5ba8e974bd14319738e.jpg,clean
train,Side_road_on_right_841_jpg.rf.b826c5326e72124a3febe828c1d8a442.jpg,small_distance_0.84|fog_moderate
train,Side_road_on_right_843_jpg.rf.187955bd3669bc24ce35c79a5db358a8.jpg,fog_severe
train,Side_road_on_right_844_jpg.rf.99974d79b1f205696920d1a50b01fe1a.jpg,small_distance_0.60
train,Side_road_on_right_845_jpg.rf.3a3967549ef5083b70929bc353a5df1e.jpg,small_distance_0.64|blur_severe
train,Side_road_on_right_847_jpg.rf.9bd5793ec0fb143876a9762c5376e407.jpg,small_distance_0.65|rain_severe
train,Side_road_on_right_848_jpg.rf.3c66164e15f533a35991dd9603940266.jpg,small_distance_0.56|glare_mild
train,Side_road_on_right_849_jpg.rf.2154e0e34f684da9b6eeede416a8bf35.jpg,occlusion_mild
train,Side_road_on_right_84_jpg.rf.5b8c2c55b1cff049a80324711026d790.jpg,fog_severe
train,Side_road_on_right_850_jpg.rf.493e6a29405db5edf2b30a5d7ef82c3e.jpg,clean
train,Side_road_on_right_851_jpg.rf.4162dff0abfc041fa26cc878745dce32.jpg,occlusion_mild
train,Side_road_on_right_852_jpg.rf.7fa1e6456760a22bf2b75e34f3f325d8.jpg,low_light_mild
train,Side_road_on_right_854_jpg.rf.006791f40c3c6a38532c17f1a4e56e73.jpg,small_distance_0.57|low_light_mild
train,Side_road_on_right_858_jpg.rf.1ed4572f000f981c5b83646946410200.jpg,clean
train,Side_road_on_right_859_jpg.rf.06d800b2ed4983d8151a6d0724b8338b.jpg,clean
train,Side_road_on_right_85_jpg.rf.fe8c07a582733ea0702e95a7456310ff.jpg,clean
train,Side_road_on_right_860_jpg.rf.16d529b9585ed2b6fefa38d06b77874f.jpg,low_light_severe
train,Side_road_on_right_861_jpg.rf.90f3073b62f2c01d47a5170062f1253b.jpg,low_light_moderate
train,Side_road_on_right_862_jpg.rf.3bb55db212f3bd0c64e9d3364ae535e6.jpg,fog_severe
train,Side_road_on_right_864_jpg.rf.b81d9cba3b929d8435723f3f58630ece.jpg,blur_moderate
train,Side_road_on_right_868_jpg.rf.56c1bd93a2c17e961076452531763e74.jpg,small_distance_0.63|occlusion_mild
train,Side_road_on_right_869_jpg.rf.eb6ef6548ad40b0b5338d44a19f2d0b4.jpg,small_distance_0.73|occlusion_mild
train,Side_road_on_right_86_jpg.rf.64de44d0a059ead19f14dd52bfcad5e9.jpg,small_distance_0.76|fog_mild
train,Side_road_on_right_871_jpg.rf.7cee582363cfc54f053c84a98a281341.jpg,occlusion_mild
train,Side_road_on_right_872_jpg.rf.e1d000bd0a4226645ce40f062fec6696.jpg,blur_moderate
train,Side_road_on_right_873_jpg.rf.68b1397b295cb2474f2487a51ff356bd.jpg,low_light_severe
train,Side_road_on_right_874_jpg.rf.fda2b9e5f9e6657883ea392e788f85e4.jpg,glare_mild
train,Side_road_on_right_876_jpg.rf.44b82e118fa78aaeaf7ad0f07ccb4847.jpg,occlusion_severe
train,Side_road_on_right_877_jpg.rf.51b2f7758df576325eabeb2f5f1e2bd1.jpg,small_distance_0.70|fog_severe
train,Side_road_on_right_879_jpg.rf.75dc845e06a8764ed02206ddfbed3475.jpg,small_distance_0.70|low_light_severe
train,Side_road_on_right_87_jpg.rf.4c4a2e07bc05778d85066c347050de86.jpg,rain_moderate
train,Side_road_on_right_880_jpg.rf.364f39d5719a1c25b510426e349cc383.jpg,rain_mild
train,Side_road_on_right_881_jpg.rf.2e0872100dafd96178759114c26b8285.jpg,small_distance_0.66|fog_severe
train,Side_road_on_right_882_jpg.rf.30f3295ffcde7851d06af93f541ce8c8.jpg,glare_moderate
train,Side_road_on_right_884_jpg.rf.9954f57da168f47d2301ff9014d4c7bf.jpg,glare_moderate
train,Side_road_on_right_888_jpg.rf.941954e893487e4440caba926b5bfb76.jpg,small_distance_0.80
train,Side_road_on_right_88_jpg.rf.c9003872afb86cf2224c15b14790ad03.jpg,small_distance_0.81|glare_moderate
train,Side_road_on_right_890_jpg.rf.56713df5de0c194c1a3412a9742189bf.jpg,glare_moderate
train,Side_road_on_right_891_jpg.rf.096fca60ea62e4c5f2a4878ed963692f.jpg,clean
train,Side_road_on_right_893_jpg.rf.211b4b2ae3f5ae42263e089cb49d62b9.jpg,small_distance_0.70|glare_mild
train,Side_road_on_right_894_jpg.rf.928911e2e5ebca643c8e267599368efb.jpg,small_distance_0.78|glare_moderate
train,Side_road_on_right_895_jpg.rf.59e0ca127c9305ab2cf500b0be92a42d.jpg,clean
train,Side_road_on_right_897_jpg.rf.1e2ef37a09433d5b5745ad15c3c3d649.jpg,small_distance_0.68|blur_mild
train,Side_road_on_right_898_jpg.rf.9390730625f1ae3a6f2f73cfe4593b1e.jpg,low_light_moderate
train,Side_road_on_right_8_jpg.rf.d43ab0749c515009191b327dafda60ab.jpg,small_distance_0.57|occlusion_moderate
train,Side_road_on_right_901_jpg.rf.1ae8ac43f79168cb92a24ebfde287147.jpg,small_distance_0.61|fog_mild
train,Side_road_on_right_904_jpg.rf.89d9f3ace8b891babffbd5bb3e94c7ce.jpg,clean
train,Side_road_on_right_905_jpg.rf.69249d13eda3380ee3e56f94825f274d.jpg,clean
train,Side_road_on_right_906_jpg.rf.5c97b1d09dff8b91a70b5ad300b71731.jpg,glare_mild
train,Side_road_on_right_907_jpg.rf.52e2c6a0fc4bad7c233abc4cdb5eb00f.jpg,glare_mild
train,Side_road_on_right_908_jpg.rf.aed523082e645b4151aa2b8eee3b451e.jpg,small_distance_0.60|blur_mild
train,Side_road_on_right_90_jpg.rf.8ae2c05597036bb0c18fbb897e6b606b.jpg,clean
train,Side_road_on_right_910_jpg.rf.75be9921ab9487ae8b45a62f58104fa7.jpg,clean
train,Side_road_on_right_911_jpg.rf.e0e026c302de1ff1c8a07f4d5c875e0c.jpg,glare_mild
train,Side_road_on_right_912_jpg.rf.45182115ea1a7cb704729a20f3368b60.jpg,small_distance_0.82|blur_moderate
train,Side_road_on_right_916_jpg.rf.20da706d363089e0622146142aa2958b.jpg,clean
train,Side_road_on_right_921_jpg.rf.49d4e818b879e924561d6425d667510b.jpg,low_light_mild
train,Side_road_on_right_922_jpg.rf.bb36c8dd761f51903578f7f1cf60de03.jpg,small_distance_0.57|fog_moderate
train,Side_road_on_right_924_jpg.rf.35c879781b999cff0c6426efe14c064f.jpg,clean
train,Side_road_on_right_925_jpg.rf.64737f59de2384817dae423ddecee44c.jpg,rain_severe
train,Side_road_on_right_926_jpg.rf.47b872a9d7db934e4d2921a3107d932a.jpg,rain_severe
train,Side_road_on_right_927_jpg.rf.d36b6f686d36cb7bcdbb4f910217665f.jpg,occlusion_mild
train,Side_road_on_right_928_jpg.rf.9801ae34f40155dd7871b69d09fe4437.jpg,low_light_moderate
train,Side_road_on_right_929_jpg.rf.da4f1eb7cd17fe906c7e74d906b88cdc.jpg,small_distance_0.78|rain_moderate
train,Side_road_on_right_92_jpg.rf.e0687a0c083d704b95cbae9c4320db8b.jpg,small_distance_0.73|low_light_mild
train,Side_road_on_right_932_jpg.rf.2388e8e0d6fbef86731c62c143bda4df.jpg,occlusion_mild
train,Side_road_on_right_936_jpg.rf.a75fb065de19f5284f87990a3938495b.jpg,low_light_mild
train,Side_road_on_right_938_jpg.rf.2c98923567a78623f24838bb67feee76.jpg,small_distance_0.59|rain_severe
train,Side_road_on_right_940_jpg.rf.7098b4085ec9e3b06a3e983662b6d588.jpg,small_distance_0.63
train,Side_road_on_right_941_jpg.rf.4e7f9765f1b41abb09de4fa1ca07ff9b.jpg,blur_severe
train,Side_road_on_right_943_jpg.rf.ad978c5a9294bf08c744954af4562715.jpg,occlusion_moderate
train,Side_road_on_right_944_jpg.rf.ceaec9f0c8ba6764b5c7b0d32ee6be85.jpg,small_distance_0.69|rain_mild
train,Side_road_on_right_945_jpg.rf.425a2b3931ca1c46e6db6f5f8ab51021.jpg,small_distance_0.83|occlusion_moderate
train,Side_road_on_right_946_jpg.rf.64e856f133730d3bb2235ebedd506598.jpg,small_distance_0.71
train,Side_road_on_right_947_jpg.rf.f1ebbca907a66aae13e1546e68fae9e1.jpg,low_light_severe
train,Side_road_on_right_948_jpg.rf.b1d6ea9e4a389026ac175ea609b56e71.jpg,glare_moderate
train,Side_road_on_right_94_jpg.rf.ddc1646774e587250336901f3ca660a9.jpg,fog_severe
train,Side_road_on_right_950_jpg.rf.65a5b836b3069644c7d43832477a9308.jpg,glare_mild
train,Side_road_on_right_951_jpg.rf.5a93e1e6e6443340c03534ff4fad1ff4.jpg,small_distance_0.81|glare_severe
train,Side_road_on_right_953_jpg.rf.21e66f123af25170970526f6488a1816.jpg,small_distance_0.57|occlusion_mild
train,Side_road_on_right_954_jpg.rf.df36f54cc3e79eed63b2ebe3a687ad11.jpg,blur_severe
train,Side_road_on_right_955_jpg.rf.58e937638e0dcc53fc570f97acb50076.jpg,clean
train,Side_road_on_right_956_jpg.rf.f8ecd56e7119eff7d42cbeaa92c09c60.jpg,occlusion_severe
train,Side_road_on_right_957_jpg.rf.782a76719f5593de3f6c694670c7936c.jpg,small_distance_0.67
train,Side_road_on_right_958_jpg.rf.cd81b56a0fdacf0fb9347e9a49e908db.jpg,low_light_severe
train,Side_road_on_right_95_jpg.rf.22bea41594afd0cb79168a8894340789.jpg,rain_moderate
train,Side_road_on_right_962_jpg.rf.de48e39b6755f8bec829c3dffafb7091.jpg,clean
train,Side_road_on_right_963_jpg.rf.267d4b3ec7ff014312c1280dddcaa9b6.jpg,small_distance_0.81
train,Side_road_on_right_964_jpg.rf.c3e862e3f2ddf6efbf03b7dbe908f8f6.jpg,low_light_mild
train,Side_road_on_right_965_jpg.rf.3fa7f045926721f2850114d8005e2677.jpg,glare_severe
train,Side_road_on_right_966_jpg.rf.7755730a5aa900f05c81db970206ea9e.jpg,small_distance_0.82
train,Side_road_on_right_967_jpg.rf.a069e49b032dd7b02f2b37a81e62eb14.jpg,small_distance_0.60|occlusion_moderate
train,Side_road_on_right_968_jpg.rf.54b238a595c8aeaf80ad8feb5d873038.jpg,small_distance_0.68
train,Side_road_on_right_969_jpg.rf.cc86b27a608822247bfd25c8e7e62121.jpg,small_distance_0.71|blur_moderate
train,Side_road_on_right_971_jpg.rf.7828debce17a96f2955b7cdf1f38262d.jpg,occlusion_severe
train,Side_road_on_right_972_jpg.rf.b7c02e4cc0ae54351985a0eb89d6155f.jpg,small_distance_0.74|occlusion_severe
train,Side_road_on_right_974_jpg.rf.4a2ff2b5bfb0ab6c5971a174f66cfa91.jpg,small_distance_0.74|low_light_moderate
train,Side_road_on_right_975_jpg.rf.80402e912e8729840ba89439f63d4ce7.jpg,fog_severe
train,Side_road_on_right_976_jpg.rf.5008909173309f4d7c30315c3997fa62.jpg,clean
train,Side_road_on_right_978_jpg.rf.1d6899190016ac479a5c6a21331f7684.jpg,low_light_severe
train,Side_road_on_right_979_jpg.rf.accf14ae8e6c43ee23673242130bf505.jpg,occlusion_severe
train,Side_road_on_right_980_jpg.rf.20025798dbb92a156af6d9219e54dd4d.jpg,small_distance_0.85|low_light_severe
train,Side_road_on_right_982_jpg.rf.723df5097c6eee1c9f10cd1386bc8e07.jpg,small_distance_0.69|glare_severe
train,Side_road_on_right_983_jpg.rf.b119ae22e869cc240a02375613f2f3de.jpg,small_distance_0.66|blur_severe
train,Side_road_on_right_987_jpg.rf.200ed04ef9bc2716ef41d29259503e86.jpg,glare_severe
train,Side_road_on_right_989_jpg.rf.6c3dded338b0081d05e6444e92c59e68.jpg,small_distance_0.63
train,Side_road_on_right_991_jpg.rf.a291b3f9b8b8e31d63c941bc71665cfe.jpg,low_light_moderate
train,Side_road_on_right_992_jpg.rf.c8e5e6c6459481b1198e8173c60c4e81.jpg,small_distance_0.62|blur_mild
train,Side_road_on_right_993_jpg.rf.1a0a9718907b7acd8270b8bb095bfee3.jpg,clean
train,Side_road_on_right_994_jpg.rf.2126afe294c36914ee7d8f1e8339f169.jpg,glare_mild
train,Side_road_on_right_995_jpg.rf.31b93c875c565ca0cd1f030636aa51c5.jpg,rain_severe
train,Side_road_on_right_997_jpg.rf.657aebbbe9b4f74e75642cd2411f969e.jpg,clean
train,Side_road_on_right_998_jpg.rf.f86efb5cf3ec5212a0294b9b26734375.jpg,rain_mild
train,Side_road_on_right_999_jpg.rf.831ad239545a4d31bc3b1370faedbb35.jpg,small_distance_0.56|rain_mild
train,Side_road_on_right_99_jpg.rf.8d5d3c11181cecefae5e164dece3e564.jpg,small_distance_0.55|low_light_moderate
train,Speed_breaker_0_jpg.rf.14ddcfde88fa1cbef3a09df0085f4606.jpg,blur_mild
train,Speed_breaker_101_jpg.rf.e913d09ff77ea6cfbdec0167ddec71d5.jpg,occlusion_severe
train,Speed_breaker_103_jpg.rf.22ecf2fd609643624090a1aae3aa24a8.jpg,occlusion_moderate
train,Speed_breaker_104_jpg.rf.f00531e8ebc5f9afb40d04d4ae80584f.jpg,small_distance_0.71
train,Speed_breaker_106_jpg.rf.5cea948490fddbefed80b4159f295f8d.jpg,small_distance_0.67|blur_severe
train,Speed_breaker_108_jpg.rf.39aeb9189234781f8fde57f8c98ef816.jpg,small_distance_0.72
train,Speed_breaker_10_jpg.rf.5d0f464675ec9ac7acfd233d52e9ca7a.jpg,blur_severe
train,Speed_breaker_110_jpg.rf.eae1b2218e3fc396f3fe4d7f0c5a0c9c.jpg,glare_moderate
train,Speed_breaker_113_jpg.rf.0f6e9c21be4493a0dc6568c5112e699b.jpg,clean
train,Speed_breaker_115_jpg.rf.a6ec424e7c610016c254f5519d7f9b2d.jpg,rain_moderate
train,Speed_breaker_116_jpg.rf.a7e52a9bb8904f80f0f3719db48109e9.jpg,small_distance_0.81|occlusion_mild
train,Speed_breaker_117_jpg.rf.307472e4b2aa7a691e82b4669675a4c9.jpg,small_distance_0.61
train,Speed_breaker_11_jpg.rf.4cf3cedeaaaa96efb6d80bc527528cc1.jpg,small_distance_0.80|rain_mild
train,Speed_breaker_120_jpg.rf.6c66e2efeda8d5182e44508cfaef0604.jpg,clean
train,Speed_breaker_121_jpg.rf.086e565f527f6f88f5d73db69ada9b21.jpg,clean
train,Speed_breaker_122_jpg.rf.9c699fa495ca0e725597e901d78b6d77.jpg,blur_moderate
train,Speed_breaker_123_jpg.rf.4d732a06db40c91e45acae22fc96c1f3.jpg,small_distance_0.76|occlusion_moderate
train,Speed_breaker_124_jpg.rf.7e4a51d4a6293d918a91c90644740d4b.jpg,blur_severe
train,Speed_breaker_125_jpg.rf.d2363890caeb8497bb2259f9845ea53c.jpg,blur_severe
train,Speed_breaker_126_jpg.rf.27aa5afdf4973a47292b6c7f755b468f.jpg,small_distance_0.80
train,Speed_breaker_127_jpg.rf.43f1df76898a0dd0cd24c186fccd0a7e.jpg,small_distance_0.63
train,Speed_breaker_128_jpg.rf.0103bc24484c9dde3fff32170ef3bd3d.jpg,low_light_severe
train,Speed_breaker_129_jpg.rf.d088a89dcf5e027ffd6eb7a823095686.jpg,small_distance_0.74|low_light_mild
train,Speed_breaker_12_jpg.rf.52a509e464ce6fa3def868aaf86c6d10.jpg,rain_moderate
train,Speed_breaker_130_jpg.rf.780300186a033d591be2d2df6dbe4449.jpg,low_light_mild
train,Speed_breaker_132_jpg.rf.af094a2116c452c3ccd9eaed334e46cc.jpg,low_light_severe
train,Speed_breaker_135_jpg.rf.0ee7c67b5e43c36e26af17e94231e725.jpg,glare_mild
train,Speed_breaker_138_jpg.rf.33c39a0872faf208a5866739aeab810c.jpg,low_light_severe
train,Speed_breaker_139_jpg.rf.2bfe6ad1ebe103e9b63729a9f0a89827.jpg,blur_moderate
train,Speed_breaker_140_jpg.rf.1ee257e23cae16ec6c6ccd2c9ae84576.jpg,occlusion_moderate
train,Speed_breaker_142_jpg.rf.511e6bd2941900e7a732381787f567be.jpg,blur_moderate
train,Speed_breaker_143_jpg.rf.4d76be3931fef588ca66d47953983b6e.jpg,fog_moderate
train,Speed_breaker_144_jpg.rf.828ea5b1d7c795c4775543a94f5dcc7a.jpg,glare_mild
train,Speed_breaker_145_jpg.rf.4021727b484b0cd49dd8cc9451d85c1a.jpg,blur_mild
train,Speed_breaker_147_jpg.rf.4c7a6aa81053b6fc02678bd856fb316f.jpg,small_distance_0.81
train,Speed_breaker_148_jpg.rf.9e4f61e844b0eb597ee5dd6f9fa178d0.jpg,clean
train,Speed_breaker_14_jpg.rf.d5e7e77662e506aef87b37786aa118d0.jpg,rain_moderate
train,Speed_breaker_150_jpg.rf.b3067b2f62a3e504b0d5337ed7f49254.jpg,small_distance_0.84|blur_severe
train,Speed_breaker_151_jpg.rf.d21f5c3de1391b34db99311bae26c6ac.jpg,blur_moderate
train,Speed_breaker_153_jpg.rf.a65c33aedffe84acbb1107f445160420.jpg,blur_moderate
train,Speed_breaker_159_jpg.rf.36983caf8407d013da72880ab29ad90e.jpg,blur_severe
train,Speed_breaker_160_jpg.rf.7d1d3d84dbf698709bd9bd5f11901938.jpg,glare_severe
train,Speed_breaker_162_jpg.rf.f031afabf07552fd0cc53a360ee32bbf.jpg,small_distance_0.57|occlusion_severe
train,Speed_breaker_164_jpg.rf.20b0396d05c252df93b15ace2e2ca6c9.jpg,small_distance_0.58|glare_mild
train,Speed_breaker_165_jpg.rf.698e50964b7cacdafd12671764fadff7.jpg,rain_severe
train,Speed_breaker_168_jpg.rf.8604f843bb6cc04f64414de48b9a24e6.jpg,low_light_mild
train,Speed_breaker_169_jpg.rf.0652239e2408ca23a3c9de3c858ec5ae.jpg,clean
train,Speed_breaker_170_jpg.rf.3eae52776b91f5513fb778fe8fcb8b8c.jpg,clean
train,Speed_breaker_171_jpg.rf.ff7f03af77f16daf2a26eba307615394.jpg,small_distance_0.77|rain_mild
train,Speed_breaker_172_jpg.rf.d7d54851c77c837a52e6ad55c3c90bed.jpg,fog_moderate
train,Speed_breaker_173_jpg.rf.c4e626efdb987c9cbeb71949b737fcd9.jpg,clean
train,Speed_breaker_174_jpg.rf.7f19215b99a3858b4e294ff5951c57c9.jpg,small_distance_0.78|low_light_mild
train,Speed_breaker_175_jpg.rf.59935b4b7b875bc8583781d10b5fbc92.jpg,small_distance_0.81|blur_severe
train,Speed_breaker_176_jpg.rf.daa22bc1508149f383d75385e321e3e7.jpg,clean
train,Speed_breaker_177_jpg.rf.c0f754e3f6408ccf09f6bb00bbe9b4bb.jpg,small_distance_0.74|occlusion_moderate
train,Speed_breaker_178_jpg.rf.f64d09f931989e8dbe6c6a0a1ee6c977.jpg,clean
train,Speed_breaker_179_jpg.rf.d31d4de7736ce2a28a3d225866c6aa7c.jpg,rain_moderate
train,Speed_breaker_17_jpg.rf.2fea73d9c36cb50c5a6525cd44217afc.jpg,rain_severe
train,Speed_breaker_180_jpg.rf.71e3d67f03e2dceb41ff4df37af0b19b.jpg,small_distance_0.72|occlusion_moderate
train,Speed_breaker_182_jpg.rf.70b37433f5c197799e3710ca968b11ab.jpg,small_distance_0.58|low_light_mild
train,Speed_breaker_183_jpg.rf.779d14f81dde83db3db1fce5c0a26e7f.jpg,small_distance_0.63|blur_mild
train,Speed_breaker_186_jpg.rf.bc56bf217af92180da82a8eb1b21b25e.jpg,low_light_moderate
train,Speed_breaker_187_jpg.rf.fe5e868be839acfe9afd2f3d5ff84a2b.jpg,small_distance_0.57
train,Speed_breaker_188_jpg.rf.2c79f9931483c86eb48ca78566da632d.jpg,blur_mild
train,Speed_breaker_189_jpg.rf.374cfd887b2973f75051277629d33cc6.jpg,small_distance_0.66|rain_moderate
train,Speed_breaker_18_jpg.rf.ff34c298699b9fc45056e3625a84529b.jpg,occlusion_mild
train,Speed_breaker_190_jpg.rf.e900c1d3419b19f7c451bf8036648d0d.jpg,small_distance_0.68|blur_severe
train,Speed_breaker_191_jpg.rf.dba0c0b00a6a6ec85d52197a88dfc642.jpg,clean
train,Speed_breaker_193_jpg.rf.b2e4c0a4cd21315c7e3ad0a1a6df5a6e.jpg,low_light_mild
train,Speed_breaker_194_jpg.rf.5fb8328cd4fb79bb5f37db3190102f86.jpg,small_distance_0.56|glare_severe
train,Speed_breaker_196_jpg.rf.ad33fb4a040270af6629b2391ee87502.jpg,small_distance_0.55
train,Speed_breaker_197_jpg.rf.6eb93e464ebc33ff85cac2993570ffec.jpg,small_distance_0.76
train,Speed_breaker_198_jpg.rf.1c1cfe75bf8f6a5e52e17c5249893b23.jpg,small_distance_0.70
train,Speed_breaker_199_jpg.rf.1bd4b303b12b9271f563b1418b3187d1.jpg,fog_mild
train,Speed_breaker_19_jpg.rf.48e75ee32e0bb3d80157cb00c240a85c.jpg,low_light_severe
train,Speed_breaker_200_jpg.rf.38ad315f622edfa7ea5d67473f8e5803.jpg,low_light_mild
train,Speed_breaker_202_jpg.rf.4775a4ede6abe94e4f67b7162edd3dd1.jpg,rain_severe
train,Speed_breaker_203_jpg.rf.ba4760bbd0294bc8e3e885b7425086a7.jpg,small_distance_0.84
train,Speed_breaker_205_jpg.rf.5187f8d8f506cd7399fc9b2f8b754ecf.jpg,low_light_severe
train,Speed_breaker_207_jpg.rf.83411c981d479a75e9bd50bf151b8f2a.jpg,glare_mild
train,Speed_breaker_208_jpg.rf.eb0da1b82c2d123d2154c5e54e37b3bb.jpg,clean
train,Speed_breaker_20_jpg.rf.d5efd5001b4ce7f544ea12bb99099ea5.jpg,small_distance_0.82|blur_mild
train,Speed_breaker_210_jpg.rf.a758fbebc0efe8244c8037712157cc2e.jpg,small_distance_0.56|low_light_severe
train,Speed_breaker_212_jpg.rf.7cb2ec270ffc2709a54fe5a850ab59ad.jpg,rain_mild
train,Speed_breaker_213_jpg.rf.aeb28224173a265ed340ed1e40b6ebbd.jpg,occlusion_moderate
train,Speed_breaker_214_jpg.rf.ac00d685883d504bcb6ad8402ab9f5db.jpg,rain_moderate
train,Speed_breaker_215_jpg.rf.20c07e18a91b23ee7a73e3df4eb06ea8.jpg,low_light_mild
train,Speed_breaker_216_jpg.rf.4051af44c635f88b0f24242d2ea9d2f3.jpg,low_light_moderate
train,Speed_breaker_218_jpg.rf.5b50f56ab984ae03cb6a7733b23f3174.jpg,small_distance_0.68|low_light_mild
train,Speed_breaker_219_jpg.rf.d90d1a8f6a0c5ae562bb4cabc813bc3a.jpg,clean
train,Speed_breaker_21_jpg.rf.86c6b5b482ddc6a82e198cd3d303146f.jpg,clean
train,Speed_breaker_220_jpg.rf.f2887fead5457a97a31bf0577f508305.jpg,rain_moderate
train,Speed_breaker_223_jpg.rf.faaece51896af373c3abd39b7e8d01ba.jpg,occlusion_moderate
train,Speed_breaker_224_jpg.rf.c051e37352ea3eab9720b5cfd22a8d96.jpg,blur_moderate
train,Speed_breaker_225_jpg.rf.99a27ceae88311ce1e79e08d58c91de6.jpg,small_distance_0.68|fog_severe
train,Speed_breaker_226_jpg.rf.a7d856d4c9bfabcafc11343637b1d095.jpg,small_distance_0.66|fog_mild
train,Speed_breaker_228_jpg.rf.9c8ee7b4a85c62f563ee4218b743d7ea.jpg,rain_severe
train,Speed_breaker_229_jpg.rf.97f0e899c0b53c8a1556c0ad29e8ffd6.jpg,small_distance_0.80|low_light_moderate
train,Speed_breaker_22_jpg.rf.439e629da9058b68534b5e00528f21c5.jpg,blur_moderate
train,Speed_breaker_231_jpg.rf.96723b85527a8d7989b8cbb3b3f73938.jpg,blur_severe
train,Speed_breaker_234_jpg.rf.002883852808fa7871ae4c1bafe0f233.jpg,rain_mild
train,Speed_breaker_236_jpg.rf.634224fc76710f7e138264eeb5aa44a5.jpg,clean
train,Speed_breaker_237_jpg.rf.4de320f882def15cfe89a0cf9096b486.jpg,glare_mild
train,Speed_breaker_238_jpg.rf.0a04ec14d8e7312b74eed4374d8a9a44.jpg,rain_moderate
train,Speed_breaker_239_jpg.rf.6aa555de2004e886ad004f2f44d97556.jpg,glare_severe
train,Speed_breaker_23_jpg.rf.3f9d5107fccc74ba01e47df62cd8ea78.jpg,rain_mild
train,Speed_breaker_240_jpg.rf.fab8dab044d78155ab64b1a324048ed0.jpg,low_light_moderate
train,Speed_breaker_242_jpg.rf.edcb5f8ed1fab93175ff6ce4d9d42827.jpg,fog_severe
train,Speed_breaker_243_jpg.rf.14a530f494f3192b648fad52d2937e17.jpg,blur_mild
train,Speed_breaker_245_jpg.rf.ed420214515de4f3f270a0049831c72e.jpg,fog_severe
train,Speed_breaker_246_jpg.rf.2fb721651dbe1ab8dddbddd1da7a590f.jpg,clean
train,Speed_breaker_247_jpg.rf.e10edf2f0836cfdd0d93bd5f5c7ee2f9.jpg,small_distance_0.81
train,Speed_breaker_248_jpg.rf.b7ae3855067578a7f621cf3d4085ac8a.jpg,fog_mild
train,Speed_breaker_24_jpg.rf.cb4171273ec333f732ada0556b11bdc6.jpg,small_distance_0.81
train,Speed_breaker_250_jpg.rf.48638bf1a2603c2931b9b7167362fbd5.jpg,occlusion_severe
train,Speed_breaker_251_jpg.rf.81d4a238c7afe7d8cb0511899b532688.jpg,occlusion_severe
train,Speed_breaker_252_jpg.rf.e0c1db8b23010b82156ce9d447d00cb9.jpg,small_distance_0.68|glare_mild
train,Speed_breaker_253_jpg.rf.4342459a7fe35637f3b9ad2d2824d67e.jpg,rain_moderate
train,Speed_breaker_255_jpg.rf.587e9e031a954722c810d3926f2b35fa.jpg,fog_severe
train,Speed_breaker_256_jpg.rf.be466ecb5126a16fbef1ef90ab9980f2.jpg,occlusion_mild
train,Speed_breaker_257_jpg.rf.f936caa525b470f545173148eab5213c.jpg,blur_mild
train,Speed_breaker_259_jpg.rf.f06abb7e123639a63e960a852cf5183c.jpg,small_distance_0.67
train,Speed_breaker_25_jpg.rf.c78be1ce7f4ae022482757fedf0bfa39.jpg,clean
train,Speed_breaker_260_jpg.rf.64a3a3d9c4863961a4dfd3ac6c96ec6a.jpg,occlusion_severe
train,Speed_breaker_261_jpg.rf.17e635a8c1cf739c814e0d1c0d6c30e4.jpg,small_distance_0.63|blur_mild
train,Speed_breaker_262_jpg.rf.72e6962a6a74d9fc8dd5f9ae69f522c9.jpg,occlusion_moderate
train,Speed_breaker_263_jpg.rf.38f8d82f3965ce00b39af37a5ca10135.jpg,small_distance_0.71|blur_mild
train,Speed_breaker_264_jpg.rf.edd329daf13508aa0551538cbc41d953.jpg,low_light_severe
train,Speed_breaker_265_jpg.rf.1736607cac75300df12cab07cbea28a7.jpg,clean
train,Speed_breaker_266_jpg.rf.396ebdb667cd36d816fbb020a9df5705.jpg,clean
train,Speed_breaker_267_jpg.rf.2d88432570e0a8fecafcd44d4b37bcdf.jpg,small_distance_0.66|rain_mild
train,Speed_breaker_268_jpg.rf.5396385f658555a2fc274afda56f35fb.jpg,blur_moderate
train,Speed_breaker_269_jpg.rf.27368405136f7ebb1a8d9a46059d683f.jpg,low_light_mild
train,Speed_breaker_26_jpg.rf.0536252d90f33f3d1a474c8d4ca57186.jpg,glare_severe
train,Speed_breaker_271_jpg.rf.bb0fdc257bf3104ba049a5066adb8a91.jpg,small_distance_0.71|glare_moderate
train,Speed_breaker_272_jpg.rf.fd91c3447073396f2877bc600231b57d.jpg,small_distance_0.76|glare_severe
train,Speed_breaker_273_jpg.rf.10156a7e44ea02adf09777b779d6bd39.jpg,small_distance_0.75|rain_severe
train,Speed_breaker_275_jpg.rf.7505c80090f1d8a30a9722aa64b5a53b.jpg,small_distance_0.80|occlusion_moderate
train,Speed_breaker_276_jpg.rf.3e1e91ff62a2529c98fd9f25e2e5595f.jpg,glare_moderate
train,Speed_breaker_279_jpg.rf.36de176d53686225d03f5d4461538077.jpg,clean
train,Speed_breaker_27_jpg.rf.56de5d783fd796843550f21a072e89b3.jpg,blur_mild
train,Speed_breaker_280_jpg.rf.f8ad6502e905fc241707783f611822dc.jpg,small_distance_0.65|glare_mild
train,Speed_breaker_281_jpg.rf.a3efb087e987c023d4590798fbc1baf8.jpg,rain_moderate
train,Speed_breaker_282_jpg.rf.e5a0bf8110da7f5c24bd765099c1b039.jpg,small_distance_0.58|rain_severe
train,Speed_breaker_284_jpg.rf.005d9e97b6955470b5bab1405fefeae9.jpg,small_distance_0.61
train,Speed_breaker_285_jpg.rf.f53f41033f96a8e24d1c48486b7f369b.jpg,rain_moderate
train,Speed_breaker_286_jpg.rf.27c9815c08e0b33c877674f723514c22.jpg,small_distance_0.58|blur_severe
train,Speed_breaker_288_jpg.rf.c43f1c741491b20aaca6244a89500030.jpg,small_distance_0.82|occlusion_mild
train,Speed_breaker_289_jpg.rf.00b40c99336d840462c69a8dc5e65b75.jpg,low_light_severe
train,Speed_breaker_28_jpg.rf.3ef21818054799833cf340a91b346a76.jpg,rain_mild
train,Speed_breaker_290_jpg.rf.8af489716691394efbc6e10c4ef061cc.jpg,small_distance_0.82|glare_moderate
train,Speed_breaker_292_jpg.rf.53308c2a78f9fd41d3ac5d3f61a97173.jpg,small_distance_0.59
train,Speed_breaker_293_jpg.rf.56e4bc4d5f7dcd135a5f377032ef70e3.jpg,small_distance_0.75
train,Speed_breaker_294_jpg.rf.541f43c2935c25eb1df19e2562612286.jpg,low_light_severe
train,Speed_breaker_295_jpg.rf.4a356ec8319dc4532c0031f9745991c6.jpg,fog_severe
train,Speed_breaker_297_jpg.rf.7d792922013ed588d6ca12f4158ae910.jpg,low_light_severe
train,Speed_breaker_299_jpg.rf.926c70cd5bb2c213060947fe57c83110.jpg,rain_moderate
train,Speed_breaker_300_jpg.rf.af0881e895a08dfd1fe3bad67d714cb8.jpg,small_distance_0.84|occlusion_mild
train,Speed_breaker_301_jpg.rf.70291cd5260d99bf2a9924c738285ba6.jpg,clean
train,Speed_breaker_302_jpg.rf.6637791750a3ae677dd1cb1ba7d0953c.jpg,small_distance_0.66|blur_moderate
train,Speed_breaker_303_jpg.rf.48a64eb284f81d9fca4e00dd437be19a.jpg,blur_severe
train,Speed_breaker_304_jpg.rf.e4db3b9d8da59020b88b32e6da218947.jpg,glare_mild
train,Speed_breaker_305_jpg.rf.4ee3c6b19b01436086dd96d67319ba14.jpg,small_distance_0.65|occlusion_severe
train,Speed_breaker_306_jpg.rf.3a278bac5997461ad2cb600b8928ac03.jpg,small_distance_0.61|rain_mild
train,Speed_breaker_308_jpg.rf.a39046e4e879b4e7326ceae515929f9e.jpg,occlusion_mild
train,Speed_breaker_309_jpg.rf.7af76bd784f45dc5d476813036a2b96f.jpg,small_distance_0.82|blur_severe
train,Speed_breaker_311_jpg.rf.d348782fe3f53eee672732e51dbf482b.jpg,blur_severe
train,Speed_breaker_312_jpg.rf.7697924bf2cd40b2a6ea72c996c7dc67.jpg,blur_mild
train,Speed_breaker_313_jpg.rf.f560b8d64110bca84c5fe19f11dfed47.jpg,fog_moderate
train,Speed_breaker_314_jpg.rf.e1511de0d48526713a6ce944a73dc195.jpg,low_light_moderate
train,Speed_breaker_315_jpg.rf.a2ddba95bd90bb4a7c1e77f7acbe4add.jpg,glare_mild
train,Speed_breaker_316_jpg.rf.4065199384123eaac223e465ebf71089.jpg,low_light_severe
train,Speed_breaker_318_jpg.rf.fa57112c225c8c72263b4e094e76d3ad.jpg,small_distance_0.57
train,Speed_breaker_319_jpg.rf.4329f82a67716fb26020cdaf5195d6b9.jpg,small_distance_0.62|occlusion_severe
train,Speed_breaker_31_jpg.rf.d97851ec3f6778b8c36d1a7afede8796.jpg,glare_severe
train,Speed_breaker_320_jpg.rf.7a70664977128c74b9805beb4168fcac.jpg,low_light_moderate
train,Speed_breaker_321_jpg.rf.856272e4e45fabe83b7e3fe6b0d95610.jpg,clean
train,Speed_breaker_322_jpg.rf.2ba5325f55bbe2c4cd6d0eaedbde4d67.jpg,small_distance_0.84|blur_severe
train,Speed_breaker_324_jpg.rf.38582900f21bf4651b497d794e9895f2.jpg,small_distance_0.70|glare_mild
train,Speed_breaker_325_jpg.rf.e74c133544ca34cd162c1cfad0fa113d.jpg,small_distance_0.60|fog_severe
train,Speed_breaker_328_jpg.rf.dd514fda5eefb5143a468b05e9a1fa46.jpg,small_distance_0.83
train,Speed_breaker_330_jpg.rf.5f1825ffef3c5e8137b75feb8fe978ba.jpg,small_distance_0.83|blur_moderate
train,Speed_breaker_331_jpg.rf.077aa588ce86f932227b88c51716fb33.jpg,small_distance_0.85|occlusion_mild
train,Speed_breaker_332_jpg.rf.d5d1050f7b513d2291802677786b8d21.jpg,clean
train,Speed_breaker_333_jpg.rf.a8f0d6b9add8e800faeb7c5a01a0ac1b.jpg,fog_severe
train,Speed_breaker_334_jpg.rf.295df962e24390b9ebf260e691226324.jpg,blur_severe
train,Speed_breaker_335_jpg.rf.be4a8fef1d8096630d69614849d3b0c5.jpg,small_distance_0.74|blur_severe
train,Speed_breaker_337_jpg.rf.8ec0fe9ca8fde8325116bbc3703df0e7.jpg,small_distance_0.57
train,Speed_breaker_338_jpg.rf.ed2e762824ea993a8d436532c968d561.jpg,rain_mild
train,Speed_breaker_339_jpg.rf.22a32337d2239acebd5634fd0c7fb6a1.jpg,rain_severe
train,Speed_breaker_33_jpg.rf.0917a63d54b26fb57972459b22a4c8fd.jpg,occlusion_mild
train,Speed_breaker_342_jpg.rf.de0532eeff37b100cafc89d15ebd6aa1.jpg,small_distance_0.78|blur_moderate
train,Speed_breaker_343_jpg.rf.fe382208c4011e19723a8ce42a750bb5.jpg,small_distance_0.56|rain_mild
train,Speed_breaker_344_jpg.rf.2063189aae7f1a2ec61220f1c4b88fbb.jpg,clean
train,Speed_breaker_345_jpg.rf.40d6e2c669355011828909f016614fd1.jpg,small_distance_0.79|glare_moderate
train,Speed_breaker_347_jpg.rf.29d3ba8d31e76f8a72281c159f8c038f.jpg,low_light_mild
train,Speed_breaker_348_jpg.rf.579c8945a731c360af11c19ef11cfd75.jpg,blur_severe
train,Speed_breaker_34_jpg.rf.6d18209f6ea040d23298af114547210d.jpg,small_distance_0.60|glare_severe
train,Speed_breaker_350_jpg.rf.47e7f5f9eda3e89edf145f14e8c6c97e.jpg,occlusion_mild
train,Speed_breaker_351_jpg.rf.fe89b56c306c22be3dd30d0fbcae18a0.jpg,low_light_mild
train,Speed_breaker_352_jpg.rf.920dfe4a586e523a027da007aa019875.jpg,occlusion_severe
train,Speed_breaker_353_jpg.rf.5c4ddcd991958d94c9c6a172f35a087f.jpg,small_distance_0.83|rain_severe
train,Speed_breaker_354_jpg.rf.e5a41bf40a50e7db164cc2baf55ca233.jpg,low_light_moderate
train,Speed_breaker_355_jpg.rf.24d5917de64fa305a74fdeec42778895.jpg,blur_mild
train,Speed_breaker_358_jpg.rf.22c1ed372a934b65a324b20a80ccd045.jpg,blur_severe
train,Speed_breaker_359_jpg.rf.fe999d13c1fec9ccfa31e454f7cd32c7.jpg,small_distance_0.67
train,Speed_breaker_360_jpg.rf.9d2cf8e4dbfbaf1b7d79f80b419ed3fc.jpg,glare_moderate
train,Speed_breaker_361_jpg.rf.a0bde39452c1ef02a7325dca01f5c0f4.jpg,clean
train,Speed_breaker_363_jpg.rf.d7059baf1805cec95b75b8114d3a28b5.jpg,small_distance_0.62|rain_mild
train,Speed_breaker_364_jpg.rf.f6ce58a699f9306ce0f53dc84d127170.jpg,clean
train,Speed_breaker_365_jpg.rf.92249126ebe18b540797e55f0c21dd43.jpg,low_light_moderate
train,Speed_breaker_366_jpg.rf.4dbaead42505d5f8698ea12b0cb6ffd8.jpg,clean
train,Speed_breaker_368_jpg.rf.f4eff03cf0ffe1a14871de9c02af5314.jpg,small_distance_0.56
train,Speed_breaker_369_jpg.rf.d98fee0fdd058836180ff1f12bec4b05.jpg,fog_severe
train,Speed_breaker_370_jpg.rf.5bf634cd1e06de0e024deb7f78d3fa31.jpg,low_light_moderate
train,Speed_breaker_373_jpg.rf.85c1b874db2a0a820ce77b97dbd94f48.jpg,small_distance_0.64|rain_moderate
train,Speed_breaker_374_jpg.rf.5ddc004b9533d8dcf5cb1f7db47b5720.jpg,small_distance_0.80|glare_mild
train,Speed_breaker_375_jpg.rf.eeb12ee0e5782abc75060c35e96f9620.jpg,small_distance_0.84|glare_severe
train,Speed_breaker_377_jpg.rf.c29341e19fd9e74fa173729e9ba74637.jpg,small_distance_0.80|occlusion_severe
train,Speed_breaker_378_jpg.rf.67429e2e49e939f64d063934f65a818e.jpg,rain_mild
train,Speed_breaker_379_jpg.rf.7fc1d5f9c44ab373358862a174c6c081.jpg,clean
train,Speed_breaker_380_jpg.rf.9285f5be6cae8c6e80b58bfec5bc68d5.jpg,clean
train,Speed_breaker_381_jpg.rf.f5946b9ababe54f773da1505ea686c60.jpg,low_light_severe
train,Speed_breaker_382_jpg.rf.f4ddb0a10c56a3c8d2f767cfc9df4ab4.jpg,glare_mild
train,Speed_breaker_383_jpg.rf.0832400d88a15d5a83472055542aef8e.jpg,occlusion_mild
train,Speed_breaker_384_jpg.rf.44f48459e9cc05dfa92a2300c7ca1a35.jpg,glare_moderate
train,Speed_breaker_386_jpg.rf.34f36bc8a0b1d5d36381b94ae774f7f1.jpg,small_distance_0.72
train,Speed_breaker_387_jpg.rf.8ed21441f0dfb7ef078d3d7808b6ee90.jpg,fog_moderate
train,Speed_breaker_389_jpg.rf.cc3852df3863bd9c590c993f7f2fd2d0.jpg,fog_severe
train,Speed_breaker_38_jpg.rf.5ab36a837c1a69001012d98cc46e961d.jpg,small_distance_0.71|fog_mild
train,Speed_breaker_392_jpg.rf.f33d99f17aad65d355651b3850cd2a3a.jpg,occlusion_mild
train,Speed_breaker_393_jpg.rf.304bd3e86a0fdaa14393dcbebeb9f5a7.jpg,small_distance_0.76|occlusion_severe
train,Speed_breaker_394_jpg.rf.17c4b11b6e25e9665493985625349a46.jpg,occlusion_moderate
train,Speed_breaker_395_jpg.rf.49aef0763649cd5508a6eb92b4052a43.jpg,occlusion_moderate
train,Speed_breaker_397_jpg.rf.da10f3e4aa0320c4c86fff01e8227f42.jpg,fog_moderate
train,Speed_breaker_398_jpg.rf.9d4a7d6ef53e0311153ecde0058031ea.jpg,small_distance_0.69|occlusion_moderate
train,Speed_breaker_399_jpg.rf.a5e29d58e7f5de5dcd701101b93d48e8.jpg,clean
train,Speed_breaker_400_jpg.rf.53002ac9ea7b11fef8872ecfc8bd21a3.jpg,rain_moderate
train,Speed_breaker_401_jpg.rf.a38d0dd7fba5aad7c4b5868235e8dc12.jpg,low_light_moderate
train,Speed_breaker_402_jpg.rf.053ab52fb3651000a54868ddb2971fb1.jpg,glare_severe
train,Speed_breaker_405_jpg.rf.5858ecc677a89bba0c477ae086efa500.jpg,blur_moderate
train,Speed_breaker_406_jpg.rf.4b791f14b23eac20ecbc3900f18a1368.jpg,small_distance_0.63|fog_moderate
train,Speed_breaker_407_jpg.rf.51eb647872ff98790aa3e69c8cab3d30.jpg,blur_severe
train,Speed_breaker_41_jpg.rf.602dfd4100452c8cc98aff488631fd66.jpg,small_distance_0.80|fog_severe
train,Speed_breaker_42_jpg.rf.2dbd3aa9f525975feeef25f177144ebc.jpg,small_distance_0.65
train,Speed_breaker_43_jpg.rf.3999ad2f01709c39e3865a05fb6909ed.jpg,fog_severe
train,Speed_breaker_44_jpg.rf.88df82a8528ff7ff34b57958bd61bd32.jpg,glare_mild
train,Speed_breaker_45_jpg.rf.8b654b19cf616a2cb968e967fb3278dd.jpg,small_distance_0.83|fog_mild
train,Speed_breaker_46_jpg.rf.f6adc2552a537bb4c8f04962dee4d977.jpg,small_distance_0.78|blur_moderate
train,Speed_breaker_47_jpg.rf.2652cf13116621b574fca5c2fb4713bf.jpg,small_distance_0.59
train,Speed_breaker_48_jpg.rf.393c566fe9173770db898c9fa62e1db4.jpg,small_distance_0.75|low_light_severe
train,Speed_breaker_4_jpg.rf.488d254223e86bbcf4939d8aa8e1a8f9.jpg,small_distance_0.79|glare_mild
train,Speed_breaker_50_jpg.rf.d0c4cfe8c3178161f80e5db0d3516559.jpg,small_distance_0.65|occlusion_mild
train,Speed_breaker_51_jpg.rf.427e0a6e30e487b9772e26554224dc51.jpg,occlusion_moderate
train,Speed_breaker_53_jpg.rf.a67dc69ed23808cd5c72f1a5ad7c0ed5.jpg,small_distance_0.84|blur_mild
train,Speed_breaker_57_jpg.rf.abc8e730d105ed31f76417ef09bc8467.jpg,blur_moderate
train,Speed_breaker_58_jpg.rf.661e627a552bc174851d80c3144feebf.jpg,clean
train,Speed_breaker_59_jpg.rf.d1aa6bfb2820e1c5c9e7fe7b93cad255.jpg,blur_mild
train,Speed_breaker_62_jpg.rf.f19fe23cbd7bef5c913ce809242ed654.jpg,blur_severe
train,Speed_breaker_63_jpg.rf.db942beaef9d53c66704d93e0b5ac404.jpg,small_distance_0.60|occlusion_moderate
train,Speed_breaker_64_jpg.rf.a52c2e4ae3c41a9c59be4af40805d092.jpg,low_light_moderate
train,Speed_breaker_66_jpg.rf.8afe053da111a6efdc4c0f985bcc57ee.jpg,small_distance_0.80|occlusion_moderate
train,Speed_breaker_67_jpg.rf.c4a5a121feb46923254cd8852b6f8886.jpg,small_distance_0.70|rain_severe
train,Speed_breaker_68_jpg.rf.05c04e7053c2fe0e49814ea7bc1e6d00.jpg,occlusion_severe
train,Speed_breaker_69_jpg.rf.15d3690fb844d07ee003c7e89c49a585.jpg,occlusion_mild
train,Speed_breaker_70_jpg.rf.993198074bc87e925d749d64897c7911.jpg,small_distance_0.68|low_light_moderate
train,Speed_breaker_74_jpg.rf.ac8570260cb99dc8e24e6fc391975df3.jpg,rain_mild
train,Speed_breaker_77_jpg.rf.baa7a509622849b63a83ed4778b93009.jpg,blur_severe
train,Speed_breaker_79_jpg.rf.2440921a8afeb9bbb90003de727acc07.jpg,clean
train,Speed_breaker_7_jpg.rf.c3e27514dbf3b3df664941780d344c10.jpg,rain_moderate
train,Speed_breaker_81_jpg.rf.7e0205f1f7ddc2bfac359410d619be87.jpg,fog_moderate
train,Speed_breaker_83_jpg.rf.dbcf90e8b8825ad5764ed39d38a66867.jpg,blur_mild
train,Speed_breaker_84_jpg.rf.1a5f06931d5bd2b7d3bc04f331e15694.jpg,small_distance_0.60
train,Speed_breaker_85_jpg.rf.905634c845fba17cfcdf567110b1328f.jpg,small_distance_0.59|fog_moderate
train,Speed_breaker_86_jpg.rf.fafb192e52f9d022ef77acc896ad0ef2.jpg,clean
train,Speed_breaker_88_jpg.rf.c16bbf4d6e4070fd790d34baad037a64.jpg,small_distance_0.56|low_light_severe
train,Speed_breaker_8_jpg.rf.ca376a27f9ea8b5b38d148d2dc269975.jpg,clean
train,Speed_breaker_90_jpg.rf.29225628787e6f379d3e70f4d6b9f631.jpg,small_distance_0.67
train,Speed_breaker_91_jpg.rf.8a1c9f04f0762ce5a9e97ae2ec81ccb2.jpg,rain_mild
train,Speed_breaker_92_jpg.rf.b254ac87330c04343ddd4a45f985e6b8.jpg,small_distance_0.61|fog_severe
train,Speed_breaker_95_jpg.rf.5c485e2ea9e2dcc344a905d882fbb81a.jpg,small_distance_0.78|occlusion_mild
train,Speed_breaker_96_jpg.rf.20ee015d07adbed0e72b5eb45800acaf.jpg,occlusion_severe
train,Speed_breaker_97_jpg.rf.ab5e00aa0941f354f048fbe51f9d3ff6.jpg,clean
train,Speed_breaker_98_jpg.rf.442e5a8374196b0525b490526cf26259.jpg,small_distance_0.77
train,Speed_breaker_99_jpg.rf.fce6b043456ce9e89c8851415e5e0909.jpg,clean
train,Speed_breaker_9_jpg.rf.da57d6c989630d2fa3ec5d86f323a192.jpg,rain_mild
train,Speed_limit_20km_0_jpg.rf.6ede46ed5de88cd0e168646849c87428.jpg,small_distance_0.74
train,Speed_limit_20km_10_jpg.rf.2a53441727f1cdd783f4166f6e0b8e8b.jpg,rain_severe
train,Speed_limit_20km_13_jpg.rf.b32fa8252849860367a4302fb1e78ccd.jpg,fog_moderate
train,Speed_limit_20km_14_jpg.rf.a7139c4ed57e484efdf201f7a8946cba.jpg,rain_moderate
train,Speed_limit_20km_17_jpg.rf.11180411fec3247f77f197c744d4ecd8.jpg,small_distance_0.62|low_light_moderate
train,Speed_limit_20km_18_jpg.rf.bea4a3af403c87c11f6171cebf20e065.jpg,blur_mild
train,Speed_limit_20km_19_jpg.rf.9f4845cee337f8b4c5470be37f65a48d.jpg,low_light_mild
train,Speed_limit_20km_1_jpg.rf.eb6be84db4cd9a7b09455f6321fdf09f.jpg,blur_severe
train,Speed_limit_20km_22_jpg.rf.7810217032dbb0d1325359f098f3b5f9.jpg,clean
train,Speed_limit_20km_24_jpg.rf.f1daae518fc7492dcea1c780fca8db65.jpg,small_distance_0.56|blur_mild
train,Speed_limit_20km_25_jpg.rf.77ff837664ad52e8f159795ca9966b6d.jpg,low_light_mild
train,Speed_limit_20km_26_jpg.rf.fca4080fab82f8d0c96b6da5450dad2f.jpg,low_light_severe
train,Speed_limit_20km_27_jpg.rf.b07b528dce10e62c0041d9a2ac269592.jpg,glare_severe
train,Speed_limit_20km_29_jpg.rf.d680b5e6008639bca18aaf4e41737db8.jpg,occlusion_moderate
train,Speed_limit_20km_2_jpg.rf.485a6828aabe3936eeb08ad10e06afbf.jpg,glare_moderate
train,Speed_limit_20km_30_jpg.rf.c0e058f6996abb7dcecc12e206166b22.jpg,small_distance_0.68|rain_mild
train,Speed_limit_20km_31_jpg.rf.bf8cf51a6a65ec7d1c99ba43232153a8.jpg,clean
train,Speed_limit_20km_32_jpg.rf.41b023bf647f0f95ef77f0ae615f8725.jpg,clean
train,Speed_limit_20km_33_jpg.rf.d6659a6abf14d77e95cb134ce1c80b31.jpg,small_distance_0.60|blur_severe
train,Speed_limit_20km_36_jpg.rf.9ab69c926af8e1a2498c8ccd2735aa8e.jpg,small_distance_0.73|rain_moderate
train,Speed_limit_20km_37_jpg.rf.d67dfbca21acc16d964367c14bba3782.jpg,occlusion_severe
train,Speed_limit_20km_39_jpg.rf.fba7ef4bd1a97775de026a213a620fc7.jpg,small_distance_0.79
train,Speed_limit_20km_40_jpg.rf.0cf5df46a7b05a3812ac609f42deeed0.jpg,occlusion_moderate
train,Speed_limit_20km_41_jpg.rf.b6a5af8456fc84b88f014719463a9c37.jpg,low_light_moderate
train,Speed_limit_20km_43_jpg.rf.762bdfd46a4282168b26da588565eb4b.jpg,small_distance_0.75
train,Speed_limit_20km_44_jpg.rf.413ae191cf5921c97abe09e8ada5ca13.jpg,small_distance_0.82
train,Speed_limit_20km_46_jpg.rf.027880ebc7d25a174f63608c48b06955.jpg,clean
train,Speed_limit_20km_47_jpg.rf.cb71c0506ef1264fb10913880ddf76d1.jpg,small_distance_0.74|fog_moderate
train,Speed_limit_20km_49_jpg.rf.e22c5e399bac8760b28f2dcb54f0a39a.jpg,blur_mild
train,Speed_limit_20km_4_jpg.rf.9869002866d8c86738a71c3ed7c20fb5.jpg,small_distance_0.75|low_light_moderate
train,Speed_limit_20km_50_jpg.rf.f7f8adb3058b449139cccea311c6ad56.jpg,fog_mild
train,Speed_limit_20km_51_jpg.rf.24b6be521f964aedd80654d015d89396.jpg,small_distance_0.75|glare_mild
train,Speed_limit_20km_53_jpg.rf.c83e6549857e2e1f0fd58276f1a6c9be.jpg,fog_severe
train,Speed_limit_20km_54_jpg.rf.dd2dfc295cf11f9d7180c2168ddd311d.jpg,occlusion_moderate
train,Speed_limit_20km_55_jpg.rf.dbd2f2fb2e1c83191c3f948b0bbecf57.jpg,fog_severe
train,Speed_limit_20km_57_jpg.rf.aa053233f5f024c9a4413c7222e22879.jpg,small_distance_0.69|fog_severe
train,Speed_limit_20km_58_jpg.rf.b9eafa79ba88882ec7519846cd395e0c.jpg,small_distance_0.60|blur_moderate
train,Speed_limit_20km_5_jpg.rf.b7947cea6a1e343ba0f37a2ab3971a5e.jpg,small_distance_0.84|blur_severe
train,Speed_limit_20km_60_jpg.rf.3d613c44418a1c8793877ebbc38c8175.jpg,fog_moderate
train,Speed_limit_20km_61_jpg.rf.b50ac2e99848bfb84af4d5eaffbad004.jpg,small_distance_0.72|low_light_severe
train,Speed_limit_20km_62_jpg.rf.e3c03ce9bc5c1a4a4da06f6dc4a9a573.jpg,clean
train,Speed_limit_20km_63_jpg.rf.78f9c6da7f20b08b9f0f4361d0f28377.jpg,glare_moderate
train,Speed_limit_20km_64_jpg.rf.6df4ba9051f681e82d3c25ba5817d146.jpg,blur_mild
train,Speed_limit_20km_6_jpg.rf.1756c1fc47c331f6367cd4960bbe7941.jpg,small_distance_0.60
train,Speed_limit_20km_7_jpg.rf.890405b1b777b510518601d81399bee7.jpg,occlusion_moderate
train,Speed_limit_20km_8_jpg.rf.b7e58ae2a831d3ddaed28190cbb343f6.jpg,small_distance_0.77|fog_mild
train,Speed_limit_40km_0_jpg.rf.954e75d9f8fdff51ec675581091f0138.jpg,occlusion_moderate
train,Speed_limit_40km_100_jpg.rf.81a2b9dc78ea7fbdea6c921b6fbf0b39.jpg,glare_severe
train,Speed_limit_40km_101_jpg.rf.5cc681f68ad055e40994978258995649.jpg,blur_severe
train,Speed_limit_40km_102_jpg.rf.5d1a6bbe57379b02834ece7fc3bf62f1.jpg,blur_mild
train,Speed_limit_40km_103_jpg.rf.7aa3d9635de2be119f016cad3fae62f1.jpg,clean
train,Speed_limit_40km_105_jpg.rf.af5676e39abc7a82209ed27e77272940.jpg,small_distance_0.79
train,Speed_limit_40km_106_jpg.rf.08cef3b796b3f06d8497e7ccadbc9f71.jpg,small_distance_0.68|blur_moderate
train,Speed_limit_40km_108_jpg.rf.f6d4aa35cd8483c3e18acc5c8021c40a.jpg,low_light_severe
train,Speed_limit_40km_109_jpg.rf.3f8bc4243310a7dc527edbdeec9c4a47.jpg,glare_moderate
train,Speed_limit_40km_10_jpg.rf.146c33ab475725848e15c3e09e11a057.jpg,small_distance_0.74|occlusion_severe
train,Speed_limit_40km_111_jpg.rf.8311140a5c064b84b1e783808f25ac3d.jpg,clean
train,Speed_limit_40km_112_jpg.rf.842280a10e21178a211c561d1b6a5782.jpg,low_light_mild
train,Speed_limit_40km_113_jpg.rf.28260eb3da55d4563022191eebbde62b.jpg,fog_mild
train,Speed_limit_40km_114_jpg.rf.0103298f91316fc130475bd308ab136d.jpg,small_distance_0.70|low_light_severe
train,Speed_limit_40km_116_jpg.rf.e59e26e4535c15ca1d66ee94350c042d.jpg,small_distance_0.62|rain_mild
train,Speed_limit_40km_118_jpg.rf.d5d953353ec47d39ef6b6d28324f5869.jpg,blur_moderate
train,Speed_limit_40km_119_jpg.rf.562015480f95320b37b73cbbcad216c6.jpg,fog_severe
train,Speed_limit_40km_11_jpg.rf.96db9a1ca2ddeacef147843544ddc72e.jpg,clean
train,Speed_limit_40km_120_jpg.rf.4021f3227ecf1fe9a1beaea43d50d86c.jpg,small_distance_0.55|rain_moderate
train,Speed_limit_40km_122_jpg.rf.e2fe5163e67f7f14bc7c60cc6835a67a.jpg,fog_moderate
train,Speed_limit_40km_123_jpg.rf.a1b4c1ad7e2716adc1880e3b2589a8fb.jpg,clean
train,Speed_limit_40km_124_jpg.rf.ef33b89ea85cc840e28c0bdbfdfbe4ce.jpg,glare_severe
train,Speed_limit_40km_125_jpg.rf.e4aec3078dd043c4b09f5d6e5560be07.jpg,blur_moderate
train,Speed_limit_40km_127_jpg.rf.112c5acbf088b059183b648c5493808e.jpg,fog_moderate
train,Speed_limit_40km_129_jpg.rf.5bb9e555fa827719f46ca811eada178e.jpg,fog_mild
train,Speed_limit_40km_12_jpg.rf.eeafdc6b168ae9c86b77c1e48a0ae84a.jpg,small_distance_0.62|rain_moderate
train,Speed_limit_40km_130_jpg.rf.2daa1c77c7093ae9abf5f2fce19dc701.jpg,small_distance_0.73|fog_severe
train,Speed_limit_40km_131_jpg.rf.9029c772bb8dd618944d5fb02ce92374.jpg,glare_moderate
train,Speed_limit_40km_132_jpg.rf.3471360b8b8ed68c4e68f30eba3fccfc.jpg,small_distance_0.81|fog_mild
train,Speed_limit_40km_133_jpg.rf.ca938f9a039f43c44254b5f4625c769c.jpg,fog_mild
train,Speed_limit_40km_134_jpg.rf.c9f2dc94959830886e2d76fdfa49f15f.jpg,small_distance_0.66|blur_mild
train,Speed_limit_40km_136_jpg.rf.557eea665618c7953eb8b0a5641621df.jpg,low_light_mild
train,Speed_limit_40km_138_jpg.rf.f57cf4e7031b6ba58476a05dfee741db.jpg,glare_moderate
train,Speed_limit_40km_139_jpg.rf.d8295fa0e537df7b96a019b40f15d37e.jpg,small_distance_0.57|fog_severe
train,Speed_limit_40km_140_jpg.rf.bb033c1be2dfad67585bccd7e159d037.jpg,low_light_moderate
train,Speed_limit_40km_142_jpg.rf.b82ccc53c187956f6d4cc49f027f2b3d.jpg,fog_moderate
train,Speed_limit_40km_143_jpg.rf.819395af17362f07f88e03f0d756da57.jpg,fog_moderate
train,Speed_limit_40km_144_jpg.rf.953c4ecae1aa03edc196fede68ad8171.jpg,clean
train,Speed_limit_40km_145_jpg.rf.56bb7fb4319aa70cf1446a96703bf1d3.jpg,small_distance_0.62|blur_moderate
train,Speed_limit_40km_146_jpg.rf.16789d227bf8e87f1f602580e12fab5a.jpg,low_light_severe
train,Speed_limit_40km_147_jpg.rf.53605ac1f6e6b61e8667e7f67dfc2c4b.jpg,small_distance_0.73
train,Speed_limit_40km_148_jpg.rf.2248055d3bf8e59feaf290d7bfae004d.jpg,low_light_moderate
train,Speed_limit_40km_150_jpg.rf.d768abe4b7f88d3dbeebd0f2d591c1ad.jpg,small_distance_0.72|glare_moderate
train,Speed_limit_40km_151_jpg.rf.a19408d5e27c0bd9b92e9a5d25029a99.jpg,small_distance_0.78
train,Speed_limit_40km_153_jpg.rf.30052047ab1ea4da9ef7a64d3a439835.jpg,rain_mild
train,Speed_limit_40km_154_jpg.rf.0209c4673af50b7c8293d9a4d51cd859.jpg,rain_severe
train,Speed_limit_40km_155_jpg.rf.db395287986da48598455b4bc15fd817.jpg,rain_severe
train,Speed_limit_40km_156_jpg.rf.738424aa4ca2d825677259e7eb811c81.jpg,low_light_severe
train,Speed_limit_40km_157_jpg.rf.5601fb0dcd99f14ee47ea2a2cd8eba13.jpg,rain_mild
train,Speed_limit_40km_158_jpg.rf.16192e0b469613a0badb8bd7832f71da.jpg,small_distance_0.55
train,Speed_limit_40km_15_jpg.rf.a7cd1ecc2e7eeff9e99f375368c553cc.jpg,occlusion_mild
train,Speed_limit_40km_160_jpg.rf.fc56f7336529a8b8ffc9cfae50aebc68.jpg,small_distance_0.69|fog_moderate
train,Speed_limit_40km_161_jpg.rf.d9b5741095e72f1c5fa041b60d3319bb.jpg,rain_moderate
train,Speed_limit_40km_162_jpg.rf.4518f41b2bfd8c9a18c562e7c7a64de7.jpg,clean
train,Speed_limit_40km_163_jpg.rf.869eaa51e6ab6eecedf6391ca4f29591.jpg,low_light_mild
train,Speed_limit_40km_165_jpg.rf.2d7d8616dcbaaabf3caa82aa497b4cf2.jpg,rain_mild
train,Speed_limit_40km_168_jpg.rf.1af93fd4513f319b2dce45b12c700a2d.jpg,small_distance_0.63|fog_moderate
train,Speed_limit_40km_16_jpg.rf.e184dcdcc053329134b35dbc36574a66.jpg,low_light_mild
train,Speed_limit_40km_170_jpg.rf.f87c79085901c99a930b6aef22c0bc5c.jpg,clean
train,Speed_limit_40km_171_jpg.rf.e1beefe0063097f7d43b85e62ca9fc21.jpg,small_distance_0.77|rain_mild
train,Speed_limit_40km_172_jpg.rf.dbe1341ae4a67625933f541822549cc1.jpg,small_distance_0.81|glare_moderate
train,Speed_limit_40km_177_jpg.rf.45466ca63b8c0adfa2c6ec1e7cd51822.jpg,rain_moderate
train,Speed_limit_40km_179_jpg.rf.70472209d08da98c5e010a7d68b1373e.jpg,glare_mild
train,Speed_limit_40km_17_jpg.rf.a95f2650e3d0da7dd1056c118ed8b1b0.jpg,blur_severe
train,Speed_limit_40km_180_jpg.rf.1b14846a0495bf3bfbd3b1373bcd6832.jpg,clean
train,Speed_limit_40km_183_jpg.rf.49b0c0b00be4e0dc4157d1571ffccceb.jpg,small_distance_0.66|fog_severe
train,Speed_limit_40km_184_jpg.rf.0e256ed7b64d278d776219f30a6b2765.jpg,small_distance_0.67|rain_severe
train,Speed_limit_40km_185_jpg.rf.2fd00618e10744f91dc18d2e363373a0.jpg,rain_moderate
train,Speed_limit_40km_186_jpg.rf.7ca47ab6aa1061ad99b4c12bbb8a8733.jpg,glare_mild
train,Speed_limit_40km_187_jpg.rf.51133b51c2fd100058c38b1725fdf5b3.jpg,blur_mild
train,Speed_limit_40km_188_jpg.rf.f144a2ab16a3b075ae78f0f0232fd90d.jpg,small_distance_0.69|glare_mild
train,Speed_limit_40km_189_jpg.rf.c8e7b9a8941293b8de903dfb0a3511e5.jpg,rain_severe
train,Speed_limit_40km_18_jpg.rf.92c9ad5b76421e959d2796292c5f3c62.jpg,low_light_severe
train,Speed_limit_40km_190_jpg.rf.044964203a81d1bc83d8d8e332e16d11.jpg,clean
train,Speed_limit_40km_191_jpg.rf.e8364c9a0c8e89bf23bca0c230cc172f.jpg,clean
train,Speed_limit_40km_194_jpg.rf.7689d65eb82e0220be9bd69f7a5807ea.jpg,occlusion_moderate
train,Speed_limit_40km_195_jpg.rf.6ec864b204015698eb042794b8b79e4c.jpg,clean
train,Speed_limit_40km_196_jpg.rf.32f3fdf7585f4e33ace428de625dacd8.jpg,low_light_mild
train,Speed_limit_40km_198_jpg.rf.e378655715fe031a16f2eb3c32deab75.jpg,small_distance_0.79|occlusion_moderate
train,Speed_limit_40km_199_jpg.rf.faf2cba6156def93fe7cf62893a15cbd.jpg,glare_moderate
train,Speed_limit_40km_1_jpg.rf.2e52a1a22d4c253df265a359e01bdd9d.jpg,small_distance_0.56|fog_mild
train,Speed_limit_40km_200_jpg.rf.19dae9970ec57276fcf199dc817295b2.jpg,small_distance_0.71
train,Speed_limit_40km_202_jpg.rf.8273f125527f3b1fba85ae50572b5f80.jpg,rain_severe
train,Speed_limit_40km_203_jpg.rf.60f2a6c27d9de603332a313bbf54e695.jpg,glare_moderate
train,Speed_limit_40km_204_jpg.rf.070cde2a1b806bdaf7eb0de552c582b0.jpg,small_distance_0.78|rain_mild
train,Speed_limit_40km_206_jpg.rf.a8101ef75a084513fd647edfab9df883.jpg,small_distance_0.71|rain_mild
train,Speed_limit_40km_209_jpg.rf.a05884bbd083ad4d6e57723fd1ea1c52.jpg,small_distance_0.59|blur_mild
train,Speed_limit_40km_20_jpg.rf.6247937c82d032dfae47d1921c2d8460.jpg,small_distance_0.55|rain_moderate
train,Speed_limit_40km_210_jpg.rf.64333f525226e300c770e1d8e1bffebd.jpg,occlusion_severe
train,Speed_limit_40km_211_jpg.rf.cb9e3beaf822d2308416a19bc5bc7726.jpg,small_distance_0.82
train,Speed_limit_40km_212_jpg.rf.ae9681bbf9079cae130723e35c316fac.jpg,clean
train,Speed_limit_40km_213_jpg.rf.a57540e6aff2eb2c0775dc41a2ad3398.jpg,glare_severe
train,Speed_limit_40km_214_jpg.rf.8ec4a94771f6f5a8dc3250e79654d0c7.jpg,clean
train,Speed_limit_40km_216_jpg.rf.536895cd36e132f2e3b8899e89d60ce7.jpg,small_distance_0.82|fog_severe
train,Speed_limit_40km_217_jpg.rf.3831f1abf51e4a153413122e273b8740.jpg,rain_mild
train,Speed_limit_40km_219_jpg.rf.cd159e7677e8b5d4a9a8e13b840f4116.jpg,fog_moderate
train,Speed_limit_40km_21_jpg.rf.f22e3b9f45aa9f786dc9f9f641172a97.jpg,small_distance_0.56|rain_mild
train,Speed_limit_40km_220_jpg.rf.58785d71e85645642b1be9b7d65643de.jpg,small_distance_0.64|low_light_severe
train,Speed_limit_40km_221_jpg.rf.380324ff0bb835e0f6e7ed95e65c1d09.jpg,clean
train,Speed_limit_40km_223_jpg.rf.bfcd3532de5f9c395794d91ddd3d0d1f.jpg,small_distance_0.69|rain_severe
train,Speed_limit_40km_224_jpg.rf.665ad61e74b10b8fd14ab8786b7c320d.jpg,fog_mild
train,Speed_limit_40km_225_jpg.rf.53de788553555be19aa4834159087cbf.jpg,clean
train,Speed_limit_40km_226_jpg.rf.2619b34486f0f28abde375c522a68a00.jpg,clean
train,Speed_limit_40km_228_jpg.rf.90383002b3ad16f4e7e6609abb3f7d26.jpg,occlusion_mild
train,Speed_limit_40km_229_jpg.rf.e1954d033f269714c5d36e1719f39efa.jpg,occlusion_severe
train,Speed_limit_40km_22_jpg.rf.e46216b245097169db17776dc6235bdf.jpg,clean
train,Speed_limit_40km_233_jpg.rf.8fe4f1bfe26c00de8fd3fe5750b81214.jpg,low_light_mild
train,Speed_limit_40km_234_jpg.rf.c19966636d7d85ebd73fc10a862ff105.jpg,fog_severe
train,Speed_limit_40km_237_jpg.rf.ecafdb78aed5d107197427f3965d22e7.jpg,glare_mild
train,Speed_limit_40km_239_jpg.rf.0c990d99c3c5b364aed73599aca5b5f6.jpg,rain_moderate
train,Speed_limit_40km_23_jpg.rf.521ee3d58fd668b18a1a4e5df3ebe319.jpg,clean
train,Speed_limit_40km_241_jpg.rf.f74dc50aa6c2f035a6f23c19b3fe829d.jpg,small_distance_0.64|low_light_severe
train,Speed_limit_40km_244_jpg.rf.98b339728db8c3bde098490c3fda11de.jpg,small_distance_0.67|occlusion_moderate
train,Speed_limit_40km_245_jpg.rf.b043b330b39a487bd0090cd56325d060.jpg,rain_mild
train,Speed_limit_40km_247_jpg.rf.73ab5c4a0d516d87c3cc972301663cd0.jpg,glare_severe
train,Speed_limit_40km_248_jpg.rf.ff769e061a2cbe4428d72cae8b024ee9.jpg,rain_mild
train,Speed_limit_40km_249_jpg.rf.f4f80b7a96f42de7cb9b1e6b2d0030f2.jpg,small_distance_0.58|low_light_moderate
train,Speed_limit_40km_24_jpg.rf.fb0b8ffe2b78c4e316d8ff5ad0ab5d07.jpg,occlusion_moderate
train,Speed_limit_40km_251_jpg.rf.bc162bb8bb5d3ae2e0b3a9964df06ab6.jpg,occlusion_severe
train,Speed_limit_40km_252_jpg.rf.37cad40c5f5a0acf20ddfcdcd8fb3efb.jpg,small_distance_0.82
train,Speed_limit_40km_254_jpg.rf.6109cc680fd64139ca93b81626a91c70.jpg,small_distance_0.81
train,Speed_limit_40km_255_jpg.rf.51b8890d84ef2ef8ccfb2231bcc285df.jpg,occlusion_mild
train,Speed_limit_40km_256_jpg.rf.15b05a0865e21bfe7fa2cd709a017950.jpg,low_light_severe
train,Speed_limit_40km_257_jpg.rf.8029f1b363af9518f461253532ac876f.jpg,rain_severe
train,Speed_limit_40km_259_jpg.rf.be74d64d62be295f630ff75753262dbf.jpg,small_distance_0.82
train,Speed_limit_40km_25_jpg.rf.017b16900048a6b0af83a731584bf9b2.jpg,rain_moderate
train,Speed_limit_40km_260_jpg.rf.bad2322610198855b91ed302e60b647e.jpg,rain_mild
train,Speed_limit_40km_261_jpg.rf.4fbf4a4fdd5ea145715595d3155942c7.jpg,blur_moderate
train,Speed_limit_40km_264_jpg.rf.6001a37fea80401dcae5bdb4efce12d0.jpg,blur_moderate
train,Speed_limit_40km_265_jpg.rf.012589ed62cfa7a184d9f5aceb9ef65c.jpg,small_distance_0.75|fog_severe
train,Speed_limit_40km_267_jpg.rf.994dc999dd1f21410389f580d9043bfb.jpg,rain_mild
train,Speed_limit_40km_268_jpg.rf.a00366160af13adf97b90e676d3d9918.jpg,low_light_mild
train,Speed_limit_40km_269_jpg.rf.e283b669e3ec320588ca383e81472805.jpg,small_distance_0.64|blur_moderate
train,Speed_limit_40km_26_jpg.rf.00400bd4495728c649ad948a73009fb7.jpg,low_light_severe
train,Speed_limit_40km_270_jpg.rf.d54f5679274df85bc556aa40c342395d.jpg,fog_moderate
train,Speed_limit_40km_271_jpg.rf.937d2b4c2e27b1990564dfbc5cb40032.jpg,small_distance_0.60
train,Speed_limit_40km_273_jpg.rf.1b54e9349e810586c642884cf65402df.jpg,low_light_severe
train,Speed_limit_40km_274_jpg.rf.c0d6f396aba3e9c7524a9612294d8d48.jpg,small_distance_0.73
train,Speed_limit_40km_275_jpg.rf.3c8e797942662ffc9d5a7f1335737d19.jpg,small_distance_0.75|low_light_severe
train,Speed_limit_40km_276_jpg.rf.8ff8505cf85e70b5bdac389495f6c376.jpg,occlusion_severe
train,Speed_limit_40km_277_jpg.rf.aa1716dd08cfa174a47f3b77bd8cfb09.jpg,small_distance_0.83|fog_moderate
train,Speed_limit_40km_278_jpg.rf.a84cf307869badcecd612d67e42ec5fc.jpg,small_distance_0.61
train,Speed_limit_40km_279_jpg.rf.a1d04aec388ae6a4ea5c27a08080a960.jpg,clean
train,Speed_limit_40km_27_jpg.rf.e642b9e6781ff515e63e6487725d69c8.jpg,small_distance_0.66|glare_mild
train,Speed_limit_40km_280_jpg.rf.e2f74cf82a12cb5fa8348c98533f3256.jpg,blur_mild
train,Speed_limit_40km_281_jpg.rf.f64be5aea7daf24219ab2798802ea61e.jpg,occlusion_moderate
train,Speed_limit_40km_283_jpg.rf.53e8c9a5e0ce055711f78a87256b6a50.jpg,clean
train,Speed_limit_40km_286_jpg.rf.cdccd377e09f6d8eb8d0f413e23e5172.jpg,small_distance_0.64|glare_mild
train,Speed_limit_40km_287_jpg.rf.4a8dffa3742ed881760c72d8162b0651.jpg,small_distance_0.73|occlusion_severe
train,Speed_limit_40km_288_jpg.rf.05bdcba0bfbb1d058a9f7c2da00d7552.jpg,rain_moderate
train,Speed_limit_40km_289_jpg.rf.bcac8165582a18aa0355c674d29af33d.jpg,clean
train,Speed_limit_40km_28_jpg.rf.7d77aee4ba47ff27789a2f946b80223d.jpg,low_light_severe
train,Speed_limit_40km_291_jpg.rf.56904e960c915486805fcc42e2e755a9.jpg,small_distance_0.78|glare_moderate
train,Speed_limit_40km_292_jpg.rf.34a39cd4104c93d19d6f515f4b0764e5.jpg,small_distance_0.75|blur_severe
train,Speed_limit_40km_293_jpg.rf.e1ec6bd9f2451ad574a0c919a32190e3.jpg,rain_mild
train,Speed_limit_40km_295_jpg.rf.6f76afef040b87698eae53d2d8f223ff.jpg,low_light_mild
train,Speed_limit_40km_298_jpg.rf.3220717603efead71d1111dbc6f5f7f2.jpg,small_distance_0.72
train,Speed_limit_40km_299_jpg.rf.188a632764fcf4638bc4d4b8a275fc85.jpg,small_distance_0.81|occlusion_mild
train,Speed_limit_40km_2_jpg.rf.045c06f823a753f7865d66a05d605a0c.jpg,small_distance_0.60
train,Speed_limit_40km_300_jpg.rf.c47f7b3f84abc4ffd9274ecaaadb2e3f.jpg,small_distance_0.57|low_light_severe
train,Speed_limit_40km_301_jpg.rf.7ea88e24be51b057925dff449f4e2c78.jpg,fog_severe
train,Speed_limit_40km_304_jpg.rf.83d167adff5426a9983c0f1ce7ce5cfb.jpg,small_distance_0.68|glare_moderate
train,Speed_limit_40km_305_jpg.rf.9f88ec0a7fd595653018f0c66f0f389a.jpg,small_distance_0.55
train,Speed_limit_40km_306_jpg.rf.4dbba97cb50ffee2cdb7d30dd596e145.jpg,small_distance_0.65|blur_moderate
train,Speed_limit_40km_307_jpg.rf.decce5cf14c7f54ed1376a84b6f16e54.jpg,small_distance_0.64|occlusion_mild
train,Speed_limit_40km_308_jpg.rf.deb3941a56255cc3f43b41f8246a3333.jpg,small_distance_0.67|low_light_moderate
train,Speed_limit_40km_309_jpg.rf.753faba8d8839abe0f12c978582524f2.jpg,rain_moderate
train,Speed_limit_40km_30_jpg.rf.2f3b56171b05fe16eed087a9c415edd7.jpg,clean
train,Speed_limit_40km_310_jpg.rf.ffdec51ac298cabab462214386aad2be.jpg,fog_moderate
train,Speed_limit_40km_311_jpg.rf.6709b76b49cc3a821e9bddd05ae6d104.jpg,clean
train,Speed_limit_40km_312_jpg.rf.6165db8272a013ed9c7edf67820bdec1.jpg,small_distance_0.68|fog_severe
train,Speed_limit_40km_313_jpg.rf.a760f227a7e63b720ed9a45b189a731c.jpg,small_distance_0.73|glare_mild
train,Speed_limit_40km_314_jpg.rf.eb783fb72634ef1c12822ff1ea251db2.jpg,small_distance_0.61|occlusion_mild
train,Speed_limit_40km_316_jpg.rf.6293d8acc0980ad56925ab85779a05a1.jpg,small_distance_0.60|rain_mild
train,Speed_limit_40km_318_jpg.rf.8606637db64abdee628c2cbab17abab5.jpg,small_distance_0.70|low_light_severe
train,Speed_limit_40km_319_jpg.rf.80b0c61453f092a394543cff08454d6a.jpg,low_light_moderate
train,Speed_limit_40km_31_jpg.rf.dfbee2ee3b7ec195b3a699292f571276.jpg,small_distance_0.78|low_light_severe
train,Speed_limit_40km_320_jpg.rf.263ce6bfe775a60b83c019f44316c21e.jpg,small_distance_0.76|rain_severe
train,Speed_limit_40km_321_jpg.rf.248d913974e413f2cda46bc1102749a8.jpg,low_light_mild
train,Speed_limit_40km_322_jpg.rf.9693c2a7d29e16ea1e6226061a658741.jpg,small_distance_0.81|blur_severe
train,Speed_limit_40km_323_jpg.rf.a0e5dda4dfb923d54def9fe06da9998a.jpg,blur_mild
train,Speed_limit_40km_325_jpg.rf.294134fffd63ea170e1a4345952efdbb.jpg,small_distance_0.83|low_light_moderate
train,Speed_limit_40km_326_jpg.rf.193b0e301c349f86256928e0b66408b3.jpg,small_distance_0.67
train,Speed_limit_40km_327_jpg.rf.c7658db4fa6f3993a8aca6279084f4c3.jpg,small_distance_0.74|rain_moderate
train,Speed_limit_40km_32_jpg.rf.9e8264c021e3cc99cc29333e795d0718.jpg,small_distance_0.71|occlusion_mild
train,Speed_limit_40km_330_jpg.rf.96ca6e60cdbddbcbc45431a417a91991.jpg,rain_moderate
train,Speed_limit_40km_331_jpg.rf.01a408280b7305269049df227c919cb8.jpg,occlusion_severe
train,Speed_limit_40km_333_jpg.rf.1a75ad497747bbe31464276a94e8a531.jpg,glare_moderate
train,Speed_limit_40km_335_jpg.rf.aadada21a9304478ee0667f542b27ced.jpg,glare_moderate
train,Speed_limit_40km_336_jpg.rf.e1bce50fbd24bd1125f5cce2f53c2269.jpg,clean
train,Speed_limit_40km_337_jpg.rf.147392f66ae467f004fe6c6310752aba.jpg,small_distance_0.72
train,Speed_limit_40km_338_jpg.rf.60463fd520d4c8a7e9465ca993daa251.jpg,glare_severe
train,Speed_limit_40km_339_jpg.rf.77c3997d937880af5d750eedc9c4f60d.jpg,clean
train,Speed_limit_40km_33_jpg.rf.4c02d740ce6072f6b8eed85884198532.jpg,small_distance_0.70
train,Speed_limit_40km_340_jpg.rf.a5489eadd3c577201923a7ca679e23ed.jpg,small_distance_0.65|occlusion_severe
train,Speed_limit_40km_342_jpg.rf.8d1678d237a2d6753f15f1f919339037.jpg,clean
train,Speed_limit_40km_344_jpg.rf.acf94b891f4b640d5ea6d924045d50b8.jpg,glare_mild
train,Speed_limit_40km_346_jpg.rf.7446dde75c2cae52af968952a01dc094.jpg,small_distance_0.72
train,Speed_limit_40km_348_jpg.rf.3fca578c9c6b0fe86e076ce2f8aad7db.jpg,small_distance_0.84|occlusion_severe
train,Speed_limit_40km_34_jpg.rf.67f971bad586ccd92d6d514c20244d51.jpg,rain_severe
train,Speed_limit_40km_350_jpg.rf.0dc1975bc377d8f27a6a318a7b058908.jpg,low_light_severe
train,Speed_limit_40km_351_jpg.rf.bc3cd694f67ddc90ae3d3015b2606341.jpg,rain_moderate
train,Speed_limit_40km_352_jpg.rf.f0dbe1beb2419516acbf206ff5725464.jpg,blur_severe
train,Speed_limit_40km_353_jpg.rf.6e217223e8b4835fdce82e04e6d78e75.jpg,occlusion_severe
train,Speed_limit_40km_354_jpg.rf.7bdf0da8186735c2e9f546b1c351d174.jpg,small_distance_0.84|glare_mild
train,Speed_limit_40km_355_jpg.rf.2a800da59a16ebc3ed94508d7458dcfe.jpg,occlusion_severe
train,Speed_limit_40km_356_jpg.rf.2ded25b7f5c1d4bc313bed0e1edfa729.jpg,blur_severe
train,Speed_limit_40km_359_jpg.rf.314d66b5b4ffa9c757a4a989292e85db.jpg,blur_severe
train,Speed_limit_40km_35_jpg.rf.c8f0dc693004d2115831fbb8327a2e68.jpg,blur_severe
train,Speed_limit_40km_360_jpg.rf.d60f03e7ae3e65fcbc36da6537ea3fb4.jpg,small_distance_0.73
train,Speed_limit_40km_362_jpg.rf.fbb781ec5888890d2c16fac489f87b56.jpg,small_distance_0.83|fog_severe
train,Speed_limit_40km_363_jpg.rf.3e6d95d5f53dd1150dd025d30fe5544e.jpg,clean
train,Speed_limit_40km_365_jpg.rf.37351d8b63ff1c5464f8432308f60166.jpg,fog_moderate
train,Speed_limit_40km_366_jpg.rf.eec39440423c513a8e1792fcd405abf2.jpg,occlusion_mild
train,Speed_limit_40km_367_jpg.rf.09032787a1e597bc00695646b4540337.jpg,clean
train,Speed_limit_40km_36_jpg.rf.a23ae412b2f443f086d24805ad79b98b.jpg,small_distance_0.67|glare_severe
train,Speed_limit_40km_370_jpg.rf.68090aecccf8cedcc1b8c737f2e82142.jpg,fog_severe
train,Speed_limit_40km_372_jpg.rf.16d474e1e93c8dbdf996f03034eb9bea.jpg,glare_mild
train,Speed_limit_40km_373_jpg.rf.30a78209b5dda7116c436fb3ea411b94.jpg,small_distance_0.70|rain_moderate
train,Speed_limit_40km_374_jpg.rf.bc1bcaac997c44990c8d0aca79fe66ec.jpg,small_distance_0.73|occlusion_severe
train,Speed_limit_40km_375_jpg.rf.70b02f219ed0cb07ae6097a53ba6c0db.jpg,small_distance_0.68|rain_severe
train,Speed_limit_40km_377_jpg.rf.e5ac49530d63e6d701cef9b55b30da03.jpg,fog_severe
train,Speed_limit_40km_378_jpg.rf.c1578b478772d43eb80140cb6f73741b.jpg,clean
train,Speed_limit_40km_379_jpg.rf.28f705c1711f763c5636a4a5cfbceaa5.jpg,fog_mild
train,Speed_limit_40km_37_jpg.rf.15d4831492eee526f8fceeedc65a1339.jpg,glare_moderate
train,Speed_limit_40km_380_jpg.rf.4b1e7f0654b248ac25d78310d3a23710.jpg,small_distance_0.55
train,Speed_limit_40km_381_jpg.rf.bb8692403f3c5b646b5731cf645c3911.jpg,glare_moderate
train,Speed_limit_40km_382_jpg.rf.f9ffd09e241170ea25d204a0572d62fc.jpg,low_light_moderate
train,Speed_limit_40km_383_jpg.rf.dc4bb59dd5a61bdc3c1a8f79e0ada569.jpg,low_light_mild
train,Speed_limit_40km_384_jpg.rf.fe727a2f83b3a5786de53df967c8aeea.jpg,clean
train,Speed_limit_40km_385_jpg.rf.dcdc3717b83a1212c4c4f4a7b845b5df.jpg,glare_mild
train,Speed_limit_40km_387_jpg.rf.015342bd655d8d91382a8d88665c8b77.jpg,small_distance_0.69
train,Speed_limit_40km_388_jpg.rf.87f4a8d7c563ec89a345b98a541a5345.jpg,small_distance_0.67|low_light_mild
train,Speed_limit_40km_389_jpg.rf.d375cbe946cd498d1facd68d8dda29c5.jpg,low_light_severe
train,Speed_limit_40km_390_jpg.rf.bc862083aa293d4a6a48b799b026dcc0.jpg,small_distance_0.64|low_light_mild
train,Speed_limit_40km_392_jpg.rf.e9c8cd05304ce6a7f1062714ffa12513.jpg,glare_mild
train,Speed_limit_40km_393_jpg.rf.0f5c731471bf818b05c1fbbc408ff018.jpg,small_distance_0.60
train,Speed_limit_40km_395_jpg.rf.67654647f59b322ff023e760ef77c321.jpg,rain_moderate
train,Speed_limit_40km_396_jpg.rf.03047291bae8b74725ebf38013a309a9.jpg,small_distance_0.67|blur_mild
train,Speed_limit_40km_397_jpg.rf.59c9ce1559b427340bf8046902827b20.jpg,low_light_moderate
train,Speed_limit_40km_398_jpg.rf.878ad3f5de0e201197ac099dad5f1452.jpg,rain_mild
train,Speed_limit_40km_39_jpg.rf.0d56b9ca2658187d10a830a8d8c9a46b.jpg,low_light_mild
train,Speed_limit_40km_400_jpg.rf.d2cd552da1e3c7b2c5c0ce9e18abc3d2.jpg,clean
train,Speed_limit_40km_402_jpg.rf.9149c23785f1f85666383eb3d6c455de.jpg,small_distance_0.64
train,Speed_limit_40km_403_jpg.rf.4461720a83c3e372b54eab7b3805481b.jpg,occlusion_moderate
train,Speed_limit_40km_405_jpg.rf.a025bcec728e5db8f4f7d4f9f9855e8c.jpg,small_distance_0.81
train,Speed_limit_40km_406_jpg.rf.9d9d43985eaa578d447f58f568baaa9e.jpg,rain_mild
train,Speed_limit_40km_407_jpg.rf.127ab085201a797ca6f74c1a4fa716fe.jpg,small_distance_0.84
train,Speed_limit_40km_408_jpg.rf.e08bb7095cf0a36471eedb53d7db0665.jpg,rain_mild
train,Speed_limit_40km_409_jpg.rf.b53041d2dda0400524373608ea2e8b52.jpg,occlusion_moderate
train,Speed_limit_40km_410_jpg.rf.f8527727fa837bf7e260d263e0a3bbbe.jpg,small_distance_0.82
train,Speed_limit_40km_411_jpg.rf.659d7258f60002252c4d95174d1c16af.jpg,fog_moderate
train,Speed_limit_40km_412_jpg.rf.ee403474a9ded3d2b9d6f2271ba52a27.jpg,small_distance_0.72
train,Speed_limit_40km_413_jpg.rf.5ceed015c2af2d692a91284f380f3057.jpg,small_distance_0.68|fog_moderate
train,Speed_limit_40km_414_jpg.rf.feadbef25213e501ab53c06fe5f9dc31.jpg,glare_severe
train,Speed_limit_40km_415_jpg.rf.6e7c9acf91e10dd2b96e77f205d886f1.jpg,low_light_moderate
train,Speed_limit_40km_416_jpg.rf.b4f1db945e669208e7ef5ad05a2a2dea.jpg,small_distance_0.81
train,Speed_limit_40km_417_jpg.rf.bcb979f67078646639b1e0d93c37e8ff.jpg,small_distance_0.74|fog_severe
train,Speed_limit_40km_418_jpg.rf.8475930ee87028dfcdffa359368af486.jpg,small_distance_0.62
train,Speed_limit_40km_419_jpg.rf.61bab3c8ea2dad009b95051959ebd05b.jpg,small_distance_0.84|low_light_mild
train,Speed_limit_40km_41_jpg.rf.13eca9691e4b00050569b443a2aed39d.jpg,fog_moderate
train,Speed_limit_40km_420_jpg.rf.a1e714b5da868020c263ca4ec36c3dfc.jpg,clean
train,Speed_limit_40km_421_jpg.rf.b9ed6e1986f8340699131c8f155055ce.jpg,fog_mild
train,Speed_limit_40km_422_jpg.rf.21f8254ff8698f977139d67e014be9e1.jpg,clean
train,Speed_limit_40km_425_jpg.rf.66a98e2df38323928db944f598972d1a.jpg,small_distance_0.65|low_light_moderate
train,Speed_limit_40km_42_jpg.rf.b3c22a4573a700346427fd18bc96421f.jpg,glare_mild
train,Speed_limit_40km_430_jpg.rf.a74896ef90dccdde581c0961b87619fe.jpg,small_distance_0.81|blur_moderate
train,Speed_limit_40km_431_jpg.rf.4f7f0987c462ec5bb297383095d0e2ac.jpg,small_distance_0.83|fog_moderate
train,Speed_limit_40km_432_jpg.rf.c60bac3102c1db5c5ff41791d73f7091.jpg,fog_moderate
train,Speed_limit_40km_434_jpg.rf.206308a11236d4e8e0f65c632ddb0e09.jpg,fog_severe
train,Speed_limit_40km_435_jpg.rf.3157c3b34e2b57fc35ed8783eded5eb5.jpg,rain_severe
train,Speed_limit_40km_437_jpg.rf.f89d39fd4825539c94a3a574d5e36ee2.jpg,rain_severe
train,Speed_limit_40km_43_jpg.rf.e4818e6289049d24df63876896e4fad2.jpg,small_distance_0.55
train,Speed_limit_40km_440_jpg.rf.6f4e51d5de4072fb9129f3331155389c.jpg,occlusion_moderate
train,Speed_limit_40km_441_jpg.rf.005fe920ca6dbfb32ab45368689c06bb.jpg,small_distance_0.60
train,Speed_limit_40km_442_jpg.rf.bba7f7a83b5b8abac317df5d878b2ff8.jpg,occlusion_mild
train,Speed_limit_40km_443_jpg.rf.9dcfaf13178cfea9a647d5f19305275d.jpg,blur_mild
train,Speed_limit_40km_444_jpg.rf.5ada93e9550d5193028ef95abac27a2e.jpg,clean
train,Speed_limit_40km_446_jpg.rf.c911e261b0bb68da6bf47765eb89ba4b.jpg,small_distance_0.78|glare_moderate
train,Speed_limit_40km_447_jpg.rf.d36005fa37d9a4fd0f0043c1c19c24fa.jpg,small_distance_0.78|low_light_severe
train,Speed_limit_40km_449_jpg.rf.40060034d72ae89a145189c12daeb3b4.jpg,small_distance_0.65|occlusion_moderate
train,Speed_limit_40km_44_jpg.rf.ad41be0987be3363634a07d3dfd018b9.jpg,low_light_severe
train,Speed_limit_40km_450_jpg.rf.2ee1669804ba57ce056dd0d28eb0e140.jpg,small_distance_0.75|occlusion_moderate
train,Speed_limit_40km_451_jpg.rf.1e494ef2d45fe237c14b97464f521226.jpg,small_distance_0.58|glare_moderate
train,Speed_limit_40km_453_jpg.rf.9d57f7ed57547d4e552f467f3e87cd16.jpg,blur_moderate
train,Speed_limit_40km_454_jpg.rf.a1ca9ad3e521d52f750cdb5cc7cd569f.jpg,occlusion_mild
train,Speed_limit_40km_455_jpg.rf.cfedcad9d6627b58752c0bd7a2f2e8cd.jpg,fog_moderate
train,Speed_limit_40km_456_jpg.rf.2b02f6258ce6b36b233a9aeceb2d427c.jpg,rain_moderate
train,Speed_limit_40km_457_jpg.rf.d6cffbd6fd6bd5e81c61e085db684814.jpg,rain_moderate
train,Speed_limit_40km_458_jpg.rf.daf4c478ae0cf745e65b9e397d37741a.jpg,occlusion_severe
train,Speed_limit_40km_45_jpg.rf.f758879d4e57a4fe1d534164a298a5b8.jpg,small_distance_0.80
train,Speed_limit_40km_461_jpg.rf.103babd66f27680270b44ce76527ab24.jpg,small_distance_0.72|low_light_moderate
train,Speed_limit_40km_462_jpg.rf.2378b51dce3c4d3908d80741222007bc.jpg,small_distance_0.64
train,Speed_limit_40km_463_jpg.rf.33782c729b122ac5c622f81fa046cf68.jpg,small_distance_0.65|low_light_mild
train,Speed_limit_40km_464_jpg.rf.12290b2d28f69d3a62451ae6848b026f.jpg,small_distance_0.59|blur_mild
train,Speed_limit_40km_465_jpg.rf.516db55e7fea19b6ccb3eb7824f2be53.jpg,occlusion_severe
train,Speed_limit_40km_466_jpg.rf.86bb5aeedd3c5e00008af502cb2c5482.jpg,clean
train,Speed_limit_40km_467_jpg.rf.a71afe6e02b93b115523b7fa472b2214.jpg,glare_severe
train,Speed_limit_40km_468_jpg.rf.4063cd60e36f2432a1a7eb960ec5c9cb.jpg,low_light_mild
train,Speed_limit_40km_469_jpg.rf.ae0040621761111977d7f644a57979c2.jpg,low_light_moderate
train,Speed_limit_40km_46_jpg.rf.1b131e071f4e10cd8d4bde2075316c0c.jpg,small_distance_0.64|rain_moderate
train,Speed_limit_40km_470_jpg.rf.78499294852faee2280076098ed3ba4b.jpg,blur_moderate
train,Speed_limit_40km_471_jpg.rf.6d3b9fe13219e26121e364e4e526353b.jpg,occlusion_mild
train,Speed_limit_40km_472_jpg.rf.eefb3461fb1a87fea8e23f595fc56260.jpg,glare_severe
train,Speed_limit_40km_473_jpg.rf.92368947be2f2ca59f18c9cd9cfd3c6a.jpg,small_distance_0.70
train,Speed_limit_40km_474_jpg.rf.4e29a3bb4da2ba221c9a38e881d66d21.jpg,rain_moderate
train,Speed_limit_40km_475_jpg.rf.8b8a69b99ecd0169ba8c63f6a58a9976.jpg,small_distance_0.66|glare_moderate
train,Speed_limit_40km_477_jpg.rf.d195ff86eb8d5a67b3af04038a7180be.jpg,clean
train,Speed_limit_40km_478_jpg.rf.ec0f9810ff4660e0b37af28734fbe4c3.jpg,blur_moderate
train,Speed_limit_40km_479_jpg.rf.1e37c3387f8d68eb937211b5522d1665.jpg,small_distance_0.79|low_light_severe
train,Speed_limit_40km_480_jpg.rf.53ce203c7105cfc64281e9fbd9bd7b19.jpg,small_distance_0.66
train,Speed_limit_40km_481_jpg.rf.ab24ffefcc0ab500b417a8856fcc693c.jpg,small_distance_0.82|low_light_severe
train,Speed_limit_40km_482_jpg.rf.3821673843164510376deaed78f02f98.jpg,blur_mild
train,Speed_limit_40km_484_jpg.rf.4301857397432295f725d48ec413284f.jpg,small_distance_0.73|rain_severe
train,Speed_limit_40km_485_jpg.rf.55076bd9830bd7124d7596d78207b6e3.jpg,small_distance_0.82
train,Speed_limit_40km_486_jpg.rf.d5bec49191d217ae77ef73fe036207e9.jpg,blur_severe
train,Speed_limit_40km_487_jpg.rf.9922929409e0d8383878fb3ef55b4505.jpg,small_distance_0.73|fog_moderate
train,Speed_limit_40km_488_jpg.rf.7b7981fa8c8d7e514fcecabb07ba1e7a.jpg,small_distance_0.64|low_light_severe
train,Speed_limit_40km_489_jpg.rf.a9d75c3dfa8c1c09bc88f02dc85c32ca.jpg,small_distance_0.78
train,Speed_limit_40km_48_jpg.rf.0cc7ed0fc5061f78d4dc903317414e97.jpg,low_light_moderate
train,Speed_limit_40km_490_jpg.rf.a140fd04517d791ae08665640d34f16a.jpg,fog_moderate
train,Speed_limit_40km_491_jpg.rf.3326120c21e958cb4174661b3f1a9f3e.jpg,small_distance_0.76|low_light_mild
train,Speed_limit_40km_492_jpg.rf.890ae279307544f88927485109fb4501.jpg,low_light_mild
train,Speed_limit_40km_493_jpg.rf.e1f35be3750d65a266b18a78cff7f9f0.jpg,small_distance_0.57|glare_severe
train,Speed_limit_40km_495_jpg.rf.4d3fe44c723c634e497dec20f51d0011.jpg,occlusion_severe
train,Speed_limit_40km_496_jpg.rf.547b4433cd135bb6960a52dbc741b7b4.jpg,clean
train,Speed_limit_40km_49_jpg.rf.2c5053d716fd0cd93496d1cb718a1918.jpg,small_distance_0.71|glare_mild
train,Speed_limit_40km_4_jpg.rf.7af72746ecd610610ff4e7d5f121189f.jpg,clean
train,Speed_limit_40km_501_jpg.rf.12d8e863198c54ec024e56a1334c8d21.jpg,fog_moderate
train,Speed_limit_40km_502_jpg.rf.9e67bc5f63bf3c98f13d77fe8f39c71e.jpg,clean
train,Speed_limit_40km_503_jpg.rf.c836b45e15f489111b2d736efd1f880e.jpg,glare_mild
train,Speed_limit_40km_504_jpg.rf.067bf1861e51878acb7c625b6f38c58a.jpg,low_light_mild
train,Speed_limit_40km_505_jpg.rf.7891c0bba0668aae6aabab32ff9d8478.jpg,small_distance_0.77|rain_severe
train,Speed_limit_40km_506_jpg.rf.b10cc9e56b0ee7501fa74b71a47108f4.jpg,clean
train,Speed_limit_40km_507_jpg.rf.c34cd93022210f597c8dcc738ad908c1.jpg,blur_severe
train,Speed_limit_40km_508_jpg.rf.480da4769bef7854c8ad7b764ceb1a3d.jpg,small_distance_0.85|low_light_mild
train,Speed_limit_40km_50_jpg.rf.26a2a428c4a11bdda3943bcc87726db6.jpg,small_distance_0.82|blur_severe
train,Speed_limit_40km_510_jpg.rf.49617a55ced2a1bbae9956d7a3707650.jpg,occlusion_severe
train,Speed_limit_40km_511_jpg.rf.4dacf024c7fc3bf8adc0cf20c154d8d5.jpg,blur_moderate
train,Speed_limit_40km_512_jpg.rf.fb381730526a54cf74e92540cd61cf24.jpg,fog_mild
train,Speed_limit_40km_513_jpg.rf.176d0ed4ae822ce3d18b062e1d19bd6e.jpg,glare_severe
train,Speed_limit_40km_514_jpg.rf.55ed759e0c4d82356b75596f8e3d50dd.jpg,small_distance_0.80|occlusion_severe
train,Speed_limit_40km_515_jpg.rf.d31d3d6215d81cdd9a49f7ae43e97ee1.jpg,small_distance_0.70
train,Speed_limit_40km_516_jpg.rf.52d7241d0bd8b4bd8c9e9f887787bbc9.jpg,occlusion_mild
train,Speed_limit_40km_517_jpg.rf.59dd6916d0a01ca125d0740a8e2d332e.jpg,rain_mild
train,Speed_limit_40km_518_jpg.rf.5fa7070e834df1dab3d7800df0aa08bf.jpg,occlusion_mild
train,Speed_limit_40km_520_jpg.rf.93efc0a1b52154fccf58780f4107b3a0.jpg,small_distance_0.62|blur_mild
train,Speed_limit_40km_521_jpg.rf.49206f15e2c9fc0c7f4b480a8e96f0e1.jpg,low_light_moderate
train,Speed_limit_40km_522_jpg.rf.b52203260d7050d043b4bdde00d8a6a0.jpg,small_distance_0.74|blur_mild
train,Speed_limit_40km_523_jpg.rf.b07a7254693f1a8295e147865be82d48.jpg,blur_severe
train,Speed_limit_40km_525_jpg.rf.5e9ba6a9094233e04e72462988f5ebb5.jpg,clean
train,Speed_limit_40km_526_jpg.rf.d6544883410a7b30c3920648fffe9114.jpg,clean
train,Speed_limit_40km_527_jpg.rf.3e512bceccd3f679d84313f5d9b83ecb.jpg,fog_mild
train,Speed_limit_40km_528_jpg.rf.a77ab5cfbb95c5017c5079d88fe213b3.jpg,occlusion_moderate
train,Speed_limit_40km_529_jpg.rf.78a0213cd8253562afb80be94dda76ff.jpg,small_distance_0.57|occlusion_severe
train,Speed_limit_40km_531_jpg.rf.d5c6082fab18b18caad3c6874b4141b3.jpg,glare_mild
train,Speed_limit_40km_532_jpg.rf.2bf66727fa45de493f18ec96ffa94bc4.jpg,occlusion_moderate
train,Speed_limit_40km_534_jpg.rf.7bb7ec58cb567515f849050ffaaa04fb.jpg,low_light_mild
train,Speed_limit_40km_535_jpg.rf.77a794a852be487a9bd3e7495a05dfa7.jpg,small_distance_0.62|occlusion_mild
train,Speed_limit_40km_536_jpg.rf.51e910b5ba9c64c57f687a1aae4c0289.jpg,glare_mild
train,Speed_limit_40km_537_jpg.rf.8de04fc2834793c099e6af644b7973c4.jpg,clean
train,Speed_limit_40km_538_jpg.rf.2965ec7d810f5075fa65ac96fcfeb04d.jpg,occlusion_moderate
train,Speed_limit_40km_539_jpg.rf.25720b76b378ed216c405d52453586af.jpg,clean
train,Speed_limit_40km_540_jpg.rf.c9d1b68aab60bab10723661979ac300a.jpg,small_distance_0.70|fog_mild
train,Speed_limit_40km_542_jpg.rf.5d4b3c6cc915bc968e9859c5c4e7312c.jpg,small_distance_0.64|occlusion_severe
train,Speed_limit_40km_544_jpg.rf.422ae2a219f45721827d46e925dbcfed.jpg,small_distance_0.59|rain_moderate
train,Speed_limit_40km_545_jpg.rf.914a1037886d5576facc5dad42a7c43f.jpg,rain_severe
train,Speed_limit_40km_546_jpg.rf.64d7b2740daad490fe5225874332d44b.jpg,clean
train,Speed_limit_40km_547_jpg.rf.1f4beb7fc1fd0f27f758705ebc617282.jpg,fog_mild
train,Speed_limit_40km_548_jpg.rf.cef42e7d1f111ce787c9b5720b65b2a7.jpg,small_distance_0.71|fog_moderate
train,Speed_limit_40km_549_jpg.rf.e016e7333370519f022d30af0cf8a9e9.jpg,small_distance_0.76|blur_mild
train,Speed_limit_40km_551_jpg.rf.3780d0897103cb066cf74de7ebcc95d3.jpg,fog_severe
train,Speed_limit_40km_552_jpg.rf.d1f08a8ccf81034dcef1980821e0cf83.jpg,occlusion_moderate
train,Speed_limit_40km_553_jpg.rf.e19aa23eb782f739943bb8942da2bb62.jpg,fog_mild
train,Speed_limit_40km_556_jpg.rf.92a0f7ae8a54dbd3fe919cb6a4f3ada9.jpg,small_distance_0.75|rain_moderate
train,Speed_limit_40km_557_jpg.rf.c05dd9dd25aae65ef65bab06262bc0a3.jpg,rain_moderate
train,Speed_limit_40km_559_jpg.rf.6c3a496cbbb11bef93adcf273fa37fef.jpg,low_light_mild
train,Speed_limit_40km_55_jpg.rf.f0d5e830895fe4d64946a4e4e1852d41.jpg,small_distance_0.63|blur_severe
train,Speed_limit_40km_560_jpg.rf.b9f548a39673f0b3befc6a78f1b2d3a2.jpg,fog_mild
train,Speed_limit_40km_561_jpg.rf.f6971b9584ebfc8e4cf9c27cacce78bc.jpg,low_light_mild
train,Speed_limit_40km_562_jpg.rf.066c6c25e2ffb3f3a511e6d9350a4814.jpg,occlusion_severe
train,Speed_limit_40km_563_jpg.rf.79050bd2c9db465318aaf5a9300c1a88.jpg,occlusion_mild
train,Speed_limit_40km_564_jpg.rf.6428a876b2df449515bc230d157637f2.jpg,low_light_moderate
train,Speed_limit_40km_565_jpg.rf.3a92742dcd8eef7d16d0d9913b0b5cd4.jpg,fog_moderate
train,Speed_limit_40km_566_jpg.rf.5928b2dc2111dd3042568dcc3e7cb95d.jpg,occlusion_mild
train,Speed_limit_40km_56_jpg.rf.38383f97c427234ca2b4f1f30df779e8.jpg,clean
train,Speed_limit_40km_570_jpg.rf.b80ab75ae7e9c4c9e9daf3967abe8b4d.jpg,clean
train,Speed_limit_40km_571_jpg.rf.565fb873d894fc5ee7f51603c9256e10.jpg,small_distance_0.70|rain_mild
train,Speed_limit_40km_572_jpg.rf.e109829f885e58073f8fd8523cb309ee.jpg,low_light_severe
train,Speed_limit_40km_573_jpg.rf.b4cb32b44dcff7510a53160cb9bc651c.jpg,clean
train,Speed_limit_40km_576_jpg.rf.fc92f2e3287e5969e44ce60b93e7e248.jpg,clean
train,Speed_limit_40km_577_jpg.rf.d36fcf0dfcaced61d75d93e0f8b4a95c.jpg,clean
train,Speed_limit_40km_579_jpg.rf.be93f3133d3081daef1213d9ec304d4d.jpg,fog_mild
train,Speed_limit_40km_57_jpg.rf.696cea946e01afc119303563ef4b26eb.jpg,clean
train,Speed_limit_40km_581_jpg.rf.0204d4ef57023c3b062880ded431f5ff.jpg,rain_severe
train,Speed_limit_40km_582_jpg.rf.7dddc15d909a15e8682dedf1244c2dfc.jpg,fog_severe
train,Speed_limit_40km_583_jpg.rf.f495c0abcb5b7e17305ce24ffc6adc59.jpg,small_distance_0.62|glare_moderate
train,Speed_limit_40km_584_jpg.rf.50e9cbf099139d7a665dce6c016ce78e.jpg,small_distance_0.63|blur_severe
train,Speed_limit_40km_586_jpg.rf.6c4806aded5a8a7cab932f2a21d8e1dc.jpg,small_distance_0.82
train,Speed_limit_40km_587_jpg.rf.6afbd0c9c2c7aa60c91ab12164918970.jpg,small_distance_0.70|glare_mild
train,Speed_limit_40km_588_jpg.rf.0a1e724c5ea0013b75337cdfe4dc9b56.jpg,small_distance_0.59|fog_mild
train,Speed_limit_40km_589_jpg.rf.f528ec0b32f60d8695fddb338ec99182.jpg,clean
train,Speed_limit_40km_58_jpg.rf.ca02e22ce1f8706c391897aa8626053e.jpg,small_distance_0.80
train,Speed_limit_40km_590_jpg.rf.474f39913376fc9dc4c760d3da1ff474.jpg,small_distance_0.58|occlusion_moderate
train,Speed_limit_40km_594_jpg.rf.ed1def4af4182fb7b502103864997989.jpg,fog_moderate
train,Speed_limit_40km_595_jpg.rf.9c35dc20c8e1d953383ccfdbb0358ec1.jpg,small_distance_0.57|occlusion_severe
train,Speed_limit_40km_59_jpg.rf.ea63e784acf1051314dba22f7cea7a59.jpg,low_light_mild
train,Speed_limit_40km_5_jpg.rf.9b74138825912e7d28420591eb67220f.jpg,small_distance_0.66
train,Speed_limit_40km_60_jpg.rf.238f34729f8b66ec8d4b0985016c1150.jpg,blur_severe
train,Speed_limit_40km_61_jpg.rf.4ce38d48a23422ed560085168c7c23af.jpg,blur_severe
train,Speed_limit_40km_62_jpg.rf.d96f6b8018b61bbfd7bc4680d76a91ef.jpg,fog_severe
train,Speed_limit_40km_63_jpg.rf.679617462014ab29b7ad075c03437029.jpg,occlusion_severe
train,Speed_limit_40km_64_jpg.rf.e4728a1d2f7912939d98d04cc74c6c5e.jpg,glare_moderate
train,Speed_limit_40km_65_jpg.rf.6880cf7b8ef69557a4571cf17780a80b.jpg,rain_mild
train,Speed_limit_40km_66_jpg.rf.9bf56dcbc92d63b5354b1b0334299605.jpg,small_distance_0.57|fog_mild
train,Speed_limit_40km_67_jpg.rf.7e1be6640d82045607d59c17a6e9539c.jpg,small_distance_0.55
train,Speed_limit_40km_68_jpg.rf.65556f278bff9de612287f7e3736aa02.jpg,rain_moderate
train,Speed_limit_40km_69_jpg.rf.2b6912be1b39c85166456aad70a7e694.jpg,small_distance_0.71|blur_mild
train,Speed_limit_40km_6_jpg.rf.15fe2f3fc478a7212c44015867cbe119.jpg,small_distance_0.71|glare_mild
train,Speed_limit_40km_70_jpg.rf.1ce2333518af6c958740f2ad64362ee8.jpg,small_distance_0.55|glare_severe
train,Speed_limit_40km_71_jpg.rf.3c27455231072d6bebbd90b4ecbb58e6.jpg,rain_mild
train,Speed_limit_40km_72_jpg.rf.257ac70c2fb672581abcae486703f1bc.jpg,small_distance_0.65
train,Speed_limit_40km_73_jpg.rf.f3ad0b8c1df21ba26091114bd2fd32cc.jpg,clean
train,Speed_limit_40km_76_jpg.rf.161131924d69e6b2c36a36143f73fc1b.jpg,fog_mild
train,Speed_limit_40km_77_jpg.rf.d5c2641aeb5f0b5d0f7ca45e195c546b.jpg,blur_mild
train,Speed_limit_40km_78_jpg.rf.03ff049949b11fd71e9007a25c435946.jpg,small_distance_0.69|blur_mild
train,Speed_limit_40km_7_jpg.rf.747cba212d5c1ab6e7bf2ad2ce40ba04.jpg,low_light_mild
train,Speed_limit_40km_80_jpg.rf.fc154cf6f86b2caa85847020a7a14e1d.jpg,small_distance_0.69|blur_mild
train,Speed_limit_40km_81_jpg.rf.15c51f784bc0b3fc62b4f3108dd72f02.jpg,glare_mild
train,Speed_limit_40km_82_jpg.rf.0cec83c8b032c1d0bdbd83d72bc6cc97.jpg,small_distance_0.58|glare_severe
train,Speed_limit_40km_85_jpg.rf.5d9f0cc57a6832b6a8c894b42f766fe1.jpg,small_distance_0.70
train,Speed_limit_40km_86_jpg.rf.a4cdc0b0bfbfefd7f260a46b356d83e2.jpg,rain_mild
train,Speed_limit_40km_87_jpg.rf.60e03de0d9b33ab8fad0d75dd488cb34.jpg,small_distance_0.80|occlusion_moderate
train,Speed_limit_40km_88_jpg.rf.43a38f5fcd89ef069fdb4d5af1497cbb.jpg,clean
train,Speed_limit_40km_89_jpg.rf.ffde48acdc6b598bea0a110b3a848c03.jpg,rain_severe
train,Speed_limit_40km_91_jpg.rf.603ef96ea7c5dca2fc3276c00373a5e1.jpg,clean
train,Speed_limit_40km_92_jpg.rf.1595416b63bfb4a5bdd2b46378cafd07.jpg,fog_moderate
train,Speed_limit_40km_93_jpg.rf.5e94e6a9432d84eab2f99c6452a41f1a.jpg,small_distance_0.57
train,Speed_limit_40km_94_jpg.rf.32b8bb035c4e19978e1f5b79a921011b.jpg,clean
train,Speed_limit_40km_96_jpg.rf.600f4043ecc869b2297bca386f27688c.jpg,small_distance_0.79
train,Speed_limit_40km_97_jpg.rf.b00423ae9f75b6652b676e91b87fb39a.jpg,small_distance_0.59|blur_mild
train,Speed_limit_40km_98_jpg.rf.7213d402f96c6d4575bf52ef0c64b07d.jpg,small_distance_0.61|blur_mild
train,Speed_limit_40km_9_jpg.rf.b0618499e805d8a7780dfcffc1d2196b.jpg,clean
train,Speed_limit_80km_0_jpg.rf.d900593f001798bfbc0431f06c97e215.jpg,fog_moderate
train,Speed_limit_80km_100_jpg.rf.2294cbec291fc53867729284c6efe836.jpg,glare_mild
train,Speed_limit_80km_101_jpg.rf.3737ae9503454d6badce8223e5e5174f.jpg,occlusion_mild
train,Speed_limit_80km_102_jpg.rf.9caf36de01ebf20ea467cce15b969fad.jpg,fog_mild
train,Speed_limit_80km_103_jpg.rf.8d90394d0023d108a63bc201253e2655.jpg,small_distance_0.59|occlusion_moderate
train,Speed_limit_80km_104_jpg.rf.539b8e26ecd56037774d9a9c3e9a75c9.jpg,low_light_mild
train,Speed_limit_80km_105_jpg.rf.7cb7fbdb671007d0153e713bde7cac6b.jpg,fog_moderate
train,Speed_limit_80km_106_jpg.rf.f41049cd0eb5e432836515a70c92b084.jpg,low_light_moderate
train,Speed_limit_80km_107_jpg.rf.d765ce3c267dca067257976462a9f1ae.jpg,small_distance_0.56|low_light_severe
train,Speed_limit_80km_108_jpg.rf.3ae3e50722f8dd6d1ad9489416c0f0b5.jpg,small_distance_0.84|blur_mild
train,Speed_limit_80km_109_jpg.rf.26918d912e774723dec8bddd2ce60bab.jpg,glare_severe
train,Speed_limit_80km_10_jpg.rf.9131bc4181a4b037ca7e090f00a49772.jpg,small_distance_0.73|glare_moderate
train,Speed_limit_80km_110_jpg.rf.002a606059616e42db8c6b951c99a654.jpg,low_light_severe
train,Speed_limit_80km_111_jpg.rf.ec592d046ae14d8b4baab712dc1a0655.jpg,glare_mild
train,Speed_limit_80km_113_jpg.rf.2335f8c52762c818d8deeed93aa3bd48.jpg,fog_moderate
train,Speed_limit_80km_115_jpg.rf.079242ff5d0974dfee0010dfd294468b.jpg,occlusion_mild
train,Speed_limit_80km_116_jpg.rf.0afc1cc4e7ed3b2100f467caf501f30d.jpg,blur_severe
train,Speed_limit_80km_119_jpg.rf.af9b24fea2e9bfff80a14b13c6600521.jpg,small_distance_0.56|low_light_mild
train,Speed_limit_80km_11_jpg.rf.d455b05e5dfbabf984ee6ca8d7259609.jpg,small_distance_0.64|low_light_severe
train,Speed_limit_80km_120_jpg.rf.06520e4288cb7d66f227303eea9f643d.jpg,rain_moderate
train,Speed_limit_80km_121_jpg.rf.fbd8784b1d3af27a47472c0693add743.jpg,rain_mild
train,Speed_limit_80km_122_jpg.rf.0eab25568b8efed9c31bc773e4d9efea.jpg,clean
train,Speed_limit_80km_123_jpg.rf.3a8cb77598331100098aba8cb827e55e.jpg,small_distance_0.63|glare_mild
train,Speed_limit_80km_124_jpg.rf.64b70d779e3ba3fb6674f89188e2edeb.jpg,low_light_severe
train,Speed_limit_80km_125_jpg.rf.83de4f3c22f53b94cf2d82c5e7f3b7f4.jpg,rain_mild
train,Speed_limit_80km_128_jpg.rf.9ef4794c63446ff3f5abd0358dd3735b.jpg,blur_mild
train,Speed_limit_80km_129_jpg.rf.e90af8c0f435d4975d60a2fac07549de.jpg,small_distance_0.77|occlusion_mild
train,Speed_limit_80km_130_jpg.rf.4e0ea66819b2d75e15ec979cfa5128d2.jpg,fog_mild
train,Speed_limit_80km_131_jpg.rf.63d4fc29cb9c4844beafd46f28b5d660.jpg,clean
train,Speed_limit_80km_133_jpg.rf.4b6333d22742e2d9041bfe45a0ab01b0.jpg,small_distance_0.56|glare_mild
train,Speed_limit_80km_135_jpg.rf.a651d4f0cfd3f418aac2a6403ca655b5.jpg,glare_moderate
train,Speed_limit_80km_137_jpg.rf.88063f43dc008addc44ad6bd1bd90ed9.jpg,small_distance_0.58|low_light_severe
train,Speed_limit_80km_138_jpg.rf.e52299d9e37e0da1f789650b206d7f8d.jpg,clean
train,Speed_limit_80km_13_jpg.rf.0a08d34f6051fc65d25057d80d737a10.jpg,blur_moderate
train,Speed_limit_80km_141_jpg.rf.801d7827868e5b608f156676a1326f3f.jpg,blur_moderate
train,Speed_limit_80km_142_jpg.rf.47263ff34d7245b9130005a051bffa97.jpg,rain_mild
train,Speed_limit_80km_143_jpg.rf.fc6c3a97207c3df030e3eb521823b4e2.jpg,small_distance_0.70
train,Speed_limit_80km_144_jpg.rf.c520fbdfa3496ac0d9777d6d15d1e951.jpg,low_light_severe
train,Speed_limit_80km_145_jpg.rf.2ee8c857ec5e014f42a41276cbe6cd3f.jpg,low_light_mild
train,Speed_limit_80km_146_jpg.rf.b171d90d8d8768e3a173a6b004f4b2dc.jpg,occlusion_moderate
train,Speed_limit_80km_147_jpg.rf.16a9a1d2b702c6869030804a6093bbd0.jpg,small_distance_0.85
train,Speed_limit_80km_149_jpg.rf.4c3030f3abda7977d8aebc2c4e4d44be.jpg,clean
train,Speed_limit_80km_14_jpg.rf.ad069d1a63055c3cbe24351a562f4c57.jpg,fog_moderate
train,Speed_limit_80km_150_jpg.rf.b9f74c19ddbb135c167af47b6dc05e4a.jpg,small_distance_0.57
train,Speed_limit_80km_152_jpg.rf.5763db1fc585ed5a03a6382b5c7c8c49.jpg,clean
train,Speed_limit_80km_153_jpg.rf.47c7688e364fa1d019f80dfb6d6542e2.jpg,rain_moderate
train,Speed_limit_80km_154_jpg.rf.949fa5ce3a38dbcfc2441a7378857809.jpg,small_distance_0.58
train,Speed_limit_80km_155_jpg.rf.63f28601c21335e858e0598573895858.jpg,blur_severe
train,Speed_limit_80km_156_jpg.rf.7994246aa52714fd7f31d0edd5d4aa87.jpg,occlusion_severe
train,Speed_limit_80km_157_jpg.rf.0c6412123c56a80cf2fd2174edf5e20f.jpg,fog_moderate
train,Speed_limit_80km_158_jpg.rf.454c8fef46d115475e5aabd056c82898.jpg,clean
train,Speed_limit_80km_159_jpg.rf.825cc74fe6dbc96d77170e535addf6c0.jpg,blur_mild
train,Speed_limit_80km_15_jpg.rf.93b04fe2a70a9d1506ac5d08e9a87199.jpg,clean
train,Speed_limit_80km_161_jpg.rf.c12b4064eabe2e5006bf50b2c7746f80.jpg,rain_moderate
train,Speed_limit_80km_162_jpg.rf.35aa2ff901700b989b95a6e85b4c9e3b.jpg,glare_mild
train,Speed_limit_80km_165_jpg.rf.19bc53683fe061c2bacaebee55396897.jpg,low_light_severe
train,Speed_limit_80km_166_jpg.rf.6730d0752300a2a8a244c6b901d25722.jpg,occlusion_moderate
train,Speed_limit_80km_167_jpg.rf.db370f04493327f3cd5d85fd13ec309e.jpg,rain_severe
train,Speed_limit_80km_168_jpg.rf.5210ae383d529ed530fec4897eff8f8d.jpg,small_distance_0.57|occlusion_severe
train,Speed_limit_80km_16_jpg.rf.27239e2ef1eb512686973c7d85167897.jpg,small_distance_0.59
train,Speed_limit_80km_170_jpg.rf.2d716ebf5bca747011ecfe3425d70f2e.jpg,rain_mild
train,Speed_limit_80km_172_jpg.rf.4e6d7123d7ee59816722f9e2ff9cf2ed.jpg,low_light_moderate
train,Speed_limit_80km_174_jpg.rf.cafc98ac66aa4fb081459c31725c7f87.jpg,glare_mild
train,Speed_limit_80km_177_jpg.rf.1bb0d99a9deb9bca9d8da3e51ad7886d.jpg,small_distance_0.65
train,Speed_limit_80km_178_jpg.rf.0e1c7e901ff63bd8d2f9664b901dc704.jpg,rain_moderate
train,Speed_limit_80km_179_jpg.rf.b8afc09f5c1702cdcec1bf01d795a3c8.jpg,small_distance_0.82|rain_moderate
train,Speed_limit_80km_17_jpg.rf.fb1a0b8c74e66455b680957846aea280.jpg,small_distance_0.84|glare_mild
train,Speed_limit_80km_180_jpg.rf.9e74c19e3020e4980e8286ef380ca7b0.jpg,small_distance_0.58|low_light_mild
train,Speed_limit_80km_181_jpg.rf.5ff75c9e6518f9bb839dfa0b8b454bfc.jpg,low_light_mild
train,Speed_limit_80km_182_jpg.rf.001ead822a747072d28fb80973dfe099.jpg,clean
train,Speed_limit_80km_183_jpg.rf.90cf8d5a72f903708a7f371905175b4c.jpg,clean
train,Speed_limit_80km_185_jpg.rf.d10f86e8c756244e785fbdb917f131e8.jpg,blur_moderate
train,Speed_limit_80km_186_jpg.rf.33bcf146075f8c714c2e0bd0dd09e1fd.jpg,clean
train,Speed_limit_80km_187_jpg.rf.7b0124426c6f97b986a2f511ee5c78e5.jpg,small_distance_0.56|rain_mild
train,Speed_limit_80km_188_jpg.rf.b73381ada857de78fe3a23038f5087a9.jpg,small_distance_0.68|blur_mild
train,Speed_limit_80km_189_jpg.rf.13e7258bdfe6ac6162e6492ac39c474f.jpg,glare_mild
train,Speed_limit_80km_18_jpg.rf.500a6b8d5a791f6671fe52cda88b7d24.jpg,small_distance_0.77|rain_mild
train,Speed_limit_80km_190_jpg.rf.aa7d7a8ad8843aa9187e8cd48077d59d.jpg,occlusion_severe
train,Speed_limit_80km_191_jpg.rf.531f666d8caa0d202e0dcb3182207705.jpg,rain_mild
train,Speed_limit_80km_193_jpg.rf.bc0461e032e0c0abc485614d8b41c057.jpg,low_light_severe
train,Speed_limit_80km_194_jpg.rf.6d1cfe0544ad56647379fa45f2330f36.jpg,glare_moderate
train,Speed_limit_80km_195_jpg.rf.56ccc95f6792327807edf897e851ec42.jpg,occlusion_moderate
train,Speed_limit_80km_196_jpg.rf.3518f0dfd6780f3ae026a6185a04da3b.jpg,small_distance_0.77
train,Speed_limit_80km_197_jpg.rf.9f68c40d3399f1acb737b94926864a64.jpg,small_distance_0.60|glare_moderate
train,Speed_limit_80km_19_jpg.rf.8cacc47d0c2cb1cfc5b637c51dbe9dbc.jpg,clean
train,Speed_limit_80km_201_jpg.rf.e0ba303bdf7000eee9bae4ff715ea4a5.jpg,small_distance_0.80|low_light_mild
train,Speed_limit_80km_202_jpg.rf.f7fc43ca783856b06993d2312980b15b.jpg,small_distance_0.55|occlusion_severe
train,Speed_limit_80km_203_jpg.rf.3c90a789ddf95b536b7fc5757022b397.jpg,clean
train,Speed_limit_80km_204_jpg.rf.11aa7358478f8e7dd73c2015c7791a97.jpg,small_distance_0.80|fog_severe
train,Speed_limit_80km_206_jpg.rf.4724b2cfe70f81284aa97ee771b8474b.jpg,glare_severe
train,Speed_limit_80km_207_jpg.rf.e2012a66f4d6d64559ad759ec3899db5.jpg,small_distance_0.83
train,Speed_limit_80km_208_jpg.rf.b488579bf5155d5ea260970202b31db5.jpg,glare_severe
train,Speed_limit_80km_209_jpg.rf.0aa9c0175c887c64a45e2bf16b711b0d.jpg,blur_severe
train,Speed_limit_80km_20_jpg.rf.12257edba8b2861fd9748e6cddf1bb95.jpg,glare_moderate
train,Speed_limit_80km_210_jpg.rf.a589936c1e456606958f1f2aa9a47a2e.jpg,clean
train,Speed_limit_80km_212_jpg.rf.848c494419d1f54f8cd54914688e366e.jpg,clean
train,Speed_limit_80km_213_jpg.rf.5e95d00d7937992df976b1447f19b986.jpg,small_distance_0.57
train,Speed_limit_80km_214_jpg.rf.37bbce16d84dcef0ed325f82a5ad4fa8.jpg,clean
train,Speed_limit_80km_216_jpg.rf.9cc5505f75825bee36e81afc4d6c8c5b.jpg,low_light_moderate
train,Speed_limit_80km_218_jpg.rf.54ff7a2a3c3e391969916d13355d6f23.jpg,glare_mild
train,Speed_limit_80km_21_jpg.rf.60c7e0667588dd932381fed97911df37.jpg,occlusion_mild
train,Speed_limit_80km_220_jpg.rf.715c830bf39fb1a9dadd72e66736fa60.jpg,blur_severe
train,Speed_limit_80km_221_jpg.rf.4bb8000f6c8e3ccb4de8a5c169854350.jpg,small_distance_0.72
train,Speed_limit_80km_222_jpg.rf.730ae6ee36a0e779f1e4355b8dc7d20c.jpg,fog_moderate
train,Speed_limit_80km_223_jpg.rf.d20071f9e3c8b8ce42e483bb131d746e.jpg,fog_severe
train,Speed_limit_80km_226_jpg.rf.73df492ae2c1ed4f42aa8922a99cfb4f.jpg,glare_severe
train,Speed_limit_80km_227_jpg.rf.9a06b85b9ffa7c8e28e4151cdb62dc57.jpg,small_distance_0.58|occlusion_moderate
train,Speed_limit_80km_228_jpg.rf.64b49a785935b59c91897f56fa534678.jpg,fog_mild
train,Speed_limit_80km_229_jpg.rf.0fc5c73702def1f29a0a9c9dfc6174dc.jpg,rain_mild
train,Speed_limit_80km_231_jpg.rf.208fd5c5dfc50241e5805dbed184b933.jpg,fog_moderate
train,Speed_limit_80km_232_jpg.rf.6feb041f47bbc7ede48429e273db26eb.jpg,blur_mild
train,Speed_limit_80km_233_jpg.rf.30696d78985738cebf793cf6aa270bcc.jpg,rain_severe
train,Speed_limit_80km_234_jpg.rf.335c823cd95365809017d1ae86655100.jpg,glare_mild
train,Speed_limit_80km_235_jpg.rf.3b1cdf8c3bdc95c84d5e28fcffaafba9.jpg,small_distance_0.75|rain_moderate
train,Speed_limit_80km_236_jpg.rf.426b31a418c685c7a268bab02f0bed54.jpg,clean
train,Speed_limit_80km_237_jpg.rf.b49003931190937dcf8a9493f648ec6d.jpg,clean
train,Speed_limit_80km_239_jpg.rf.383f5a5de35c6ca88e7145697e79c182.jpg,low_light_severe
train,Speed_limit_80km_23_jpg.rf.a2c4f357b98d826858208f4a05bf252f.jpg,small_distance_0.79|glare_moderate
train,Speed_limit_80km_240_jpg.rf.08e8285ad947d3663efa060c42cb3442.jpg,small_distance_0.78|blur_mild
train,Speed_limit_80km_242_jpg.rf.f63f0b092318ed073770ce3160c7b69f.jpg,rain_moderate
train,Speed_limit_80km_243_jpg.rf.ea7bbb18c48b386c1a2d19d9344d3460.jpg,small_distance_0.75|occlusion_mild
train,Speed_limit_80km_244_jpg.rf.e8fa2363d27b6416f98a46c9d5ed24d5.jpg,small_distance_0.56|blur_moderate
train,Speed_limit_80km_245_jpg.rf.c1a157e80428eb08c0e7225adf25cdbf.jpg,clean
train,Speed_limit_80km_247_jpg.rf.383a9e52d362468b11388aa359ce9cae.jpg,clean
train,Speed_limit_80km_248_jpg.rf.dc7a513dc3d33768236455c2ecc53f55.jpg,small_distance_0.59|occlusion_severe
train,Speed_limit_80km_249_jpg.rf.3ee738f0761e333584a6deeef00c607d.jpg,clean
train,Speed_limit_80km_24_jpg.rf.46af50f11fb19fc25234aa41e6adbacb.jpg,small_distance_0.57|blur_severe
train,Speed_limit_80km_250_jpg.rf.cba4a7d48f61410d4e14852f85bd6079.jpg,clean
train,Speed_limit_80km_255_jpg.rf.a69ca89888f88800f8ff791030ed682a.jpg,clean
train,Speed_limit_80km_256_jpg.rf.8f86a610e3226ebf50badfd174ae01d4.jpg,small_distance_0.58|blur_mild
train,Speed_limit_80km_258_jpg.rf.4f2c062e50220ab54ec25214bcd57bfd.jpg,small_distance_0.83
train,Speed_limit_80km_259_jpg.rf.2be54f479e23e347ff61f5b15684f094.jpg,small_distance_0.78|blur_severe
train,Speed_limit_80km_260_jpg.rf.79ab747d1990e18c0b89f970e62868ec.jpg,clean
train,Speed_limit_80km_263_jpg.rf.268a9a454ed02d2647fd75263fb86f2d.jpg,occlusion_mild
train,Speed_limit_80km_264_jpg.rf.d496344a887ccbfe6424c2fc919b0a7b.jpg,clean
train,Speed_limit_80km_265_jpg.rf.9ec8bdfff78beac5d3dac4139cc56c18.jpg,fog_severe
train,Speed_limit_80km_266_jpg.rf.5e3d815054286b9452f2fc4d97e8752e.jpg,clean
train,Speed_limit_80km_267_jpg.rf.f7163922b02afbb21eb2c03e67a1d98d.jpg,fog_mild
train,Speed_limit_80km_269_jpg.rf.89d272569ecf355770289395c6381e7a.jpg,occlusion_moderate
train,Speed_limit_80km_26_jpg.rf.808a6317d9f77ca541cbba81cecee784.jpg,fog_mild
train,Speed_limit_80km_270_jpg.rf.7c2c19981a0dcf3556f341e247a56353.jpg,glare_moderate
train,Speed_limit_80km_271_jpg.rf.4d9f0db892964eff360acf5c7a580211.jpg,small_distance_0.71|blur_moderate
train,Speed_limit_80km_272_jpg.rf.1081fe9f89d151dd10cee7a31e36f211.jpg,occlusion_moderate
train,Speed_limit_80km_274_jpg.rf.c95bcbb54aa73588f6f8951a057cf7a2.jpg,rain_moderate
train,Speed_limit_80km_275_jpg.rf.4f948084ea903fb3c193b9e41ce5c71d.jpg,rain_moderate
train,Speed_limit_80km_276_jpg.rf.c6c011b2706a3e6a8702824cd4c5df0c.jpg,small_distance_0.67|low_light_severe
train,Speed_limit_80km_277_jpg.rf.aaea9e11e0130abf15727e8acb92f36f.jpg,clean
train,Speed_limit_80km_278_jpg.rf.1af5616a266d5700c3781ab7a94ee8c2.jpg,clean
train,Speed_limit_80km_27_jpg.rf.e646b6db85e857ae64b82fd76178912f.jpg,small_distance_0.61|low_light_severe
train,Speed_limit_80km_280_jpg.rf.d5d0737130bda822416531e0d3fb9446.jpg,glare_mild
train,Speed_limit_80km_282_jpg.rf.bf00dc060adb01a97d25875bbf210ec5.jpg,rain_mild
train,Speed_limit_80km_283_jpg.rf.60892a712753673cd4336a9dc839e191.jpg,blur_mild
train,Speed_limit_80km_284_jpg.rf.7951bd1a611a3e00d497f2a8b0de6bc2.jpg,small_distance_0.64|occlusion_severe
train,Speed_limit_80km_286_jpg.rf.3b52e65fceae4310ca318d9cf4d504b0.jpg,clean
train,Speed_limit_80km_287_jpg.rf.f13bec07e3cfdbf3970bfe44b793ff8b.jpg,clean
train,Speed_limit_80km_288_jpg.rf.d34a2c36cdc9fa304d2b934e8702434d.jpg,small_distance_0.60|fog_mild
train,Speed_limit_80km_289_jpg.rf.2be1be94cafa2403f2dc9fa63778c822.jpg,glare_mild
train,Speed_limit_80km_28_jpg.rf.a85c9e07dafa5f4a3c2ba27f527020a8.jpg,small_distance_0.80|blur_moderate
train,Speed_limit_80km_290_jpg.rf.e6c03e25630cb5a79a1259bc4e25323a.jpg,clean
train,Speed_limit_80km_291_jpg.rf.948e48a75148125c651ed802fcb64cdf.jpg,clean
train,Speed_limit_80km_293_jpg.rf.5b81fc8337a726a3d973362ea2b5219c.jpg,small_distance_0.75|glare_severe
train,Speed_limit_80km_294_jpg.rf.35a043f17768f2a8a9832abaa3a44190.jpg,low_light_severe
train,Speed_limit_80km_296_jpg.rf.e00dcc7c879c667a263ab0e3d8e1bacc.jpg,small_distance_0.72
train,Speed_limit_80km_297_jpg.rf.d0b4af98e10830256b654d3e87f873a3.jpg,rain_mild
train,Speed_limit_80km_298_jpg.rf.e548c4fc2455cf2c1425ba8de31bb94c.jpg,small_distance_0.77
train,Speed_limit_80km_2_jpg.rf.1110e55820acfa658750f6823bfc8fe9.jpg,clean
train,Speed_limit_80km_300_jpg.rf.fe6cd0ee7586d9c73e40be0a79512c17.jpg,blur_mild
train,Speed_limit_80km_301_jpg.rf.6edd69155427c9f70366b7c76ea04ab0.jpg,small_distance_0.56
train,Speed_limit_80km_302_jpg.rf.fbb477289bb6a4d70f37469b6c5b084b.jpg,fog_mild
train,Speed_limit_80km_303_jpg.rf.9839f66a3339e40b5e8ca58a38b83adb.jpg,small_distance_0.61|blur_severe
train,Speed_limit_80km_304_jpg.rf.c8a21883ba5bf721a8f9cf6e1b66a5e4.jpg,rain_moderate
train,Speed_limit_80km_305_jpg.rf.e23cf1628de24b9a234a86d26a949179.jpg,blur_mild
train,Speed_limit_80km_306_jpg.rf.03771cbc7a3d3b46c452df73ae050008.jpg,small_distance_0.64|glare_severe
train,Speed_limit_80km_307_jpg.rf.cad918f84df782b286dbb515c8412588.jpg,blur_moderate
train,Speed_limit_80km_308_jpg.rf.25333d4d59cac4e9b2805fc355e160ab.jpg,blur_moderate
train,Speed_limit_80km_310_jpg.rf.eafecb4fd99f9d505e83604d109c4d49.jpg,occlusion_moderate
train,Speed_limit_80km_311_jpg.rf.3c52bb4dd1e814eb819ca42cc8e5abc8.jpg,glare_severe
train,Speed_limit_80km_312_jpg.rf.c1a3144909779ece70a4c388a112e0fc.jpg,small_distance_0.76|occlusion_severe
train,Speed_limit_80km_313_jpg.rf.f3a8a24c7e96b535268755f1a1e99b35.jpg,low_light_mild
train,Speed_limit_80km_315_jpg.rf.5023bec06f977a3094af7b16527088d5.jpg,small_distance_0.65
train,Speed_limit_80km_316_jpg.rf.d9db3774b73c483b7b56a1307e133b26.jpg,glare_moderate
train,Speed_limit_80km_318_jpg.rf.147e7b4ad9fc5a238a817d4fdf494a1e.jpg,small_distance_0.85|low_light_moderate
train,Speed_limit_80km_319_jpg.rf.87e30d8dfaa28db8e973ce37b7cd2627.jpg,glare_mild
train,Speed_limit_80km_322_jpg.rf.0cf53fdf4d7b12d468ec1b7c81bb9e41.jpg,blur_mild
train,Speed_limit_80km_323_jpg.rf.1ac3d3af2fe7c2a987e4880eab6f1a4a.jpg,glare_moderate
train,Speed_limit_80km_324_jpg.rf.9935bf1bdcce020ebba9650bf28c069d.jpg,small_distance_0.58|fog_severe
train,Speed_limit_80km_325_jpg.rf.f1e9f1d614f8ec1b95ffae80a7745a6b.jpg,fog_moderate
train,Speed_limit_80km_326_jpg.rf.1e994708bf2e65f44f34969827f6e1de.jpg,small_distance_0.81|occlusion_severe
train,Speed_limit_80km_328_jpg.rf.a69df89e26f6c73ba110b7b2e7f418fc.jpg,glare_mild
train,Speed_limit_80km_329_jpg.rf.f690a60da0d3800d9325258758d59d78.jpg,small_distance_0.79|occlusion_moderate
train,Speed_limit_80km_330_jpg.rf.febd24d61a4639bd78fb5f89cd5feee4.jpg,glare_moderate
train,Speed_limit_80km_332_jpg.rf.5d8ce07e4ebc094bdaa9b7b96aab0997.jpg,small_distance_0.66|blur_moderate
train,Speed_limit_80km_333_jpg.rf.22aea3bee7c4f2a33f3753e7e11edbb3.jpg,small_distance_0.80|fog_moderate
train,Speed_limit_80km_336_jpg.rf.ddab220815f9ef4b7a818e6cbd6b73c6.jpg,clean
train,Speed_limit_80km_337_jpg.rf.aef3df0803b38b1dc22cabf9724a3c70.jpg,clean
train,Speed_limit_80km_342_jpg.rf.02beabd1e6b1e2b2bb583df009fab890.jpg,occlusion_mild
train,Speed_limit_80km_344_jpg.rf.134e95194fbfcc5654b84035d00a5bd1.jpg,small_distance_0.70|rain_severe
train,Speed_limit_80km_347_jpg.rf.0761671ed437e5ef2e697032c9f048ae.jpg,small_distance_0.61|blur_moderate
train,Speed_limit_80km_348_jpg.rf.e5c0e15c8543f997c8f9ca2e15cbe0eb.jpg,glare_severe
train,Speed_limit_80km_349_jpg.rf.51828fa52bd7d50b0d0d9ea136e18bea.jpg,small_distance_0.56|fog_moderate
train,Speed_limit_80km_34_jpg.rf.fcc37a0f55c727f576186a18462c164e.jpg,low_light_moderate
train,Speed_limit_80km_352_jpg.rf.9f2023ec1e09ecc2f7792fa7d5f6e16a.jpg,clean
train,Speed_limit_80km_353_jpg.rf.d92e3c2e270b564b26d8f8e358dad256.jpg,small_distance_0.70|blur_moderate
train,Speed_limit_80km_354_jpg.rf.102d4b929d90221385cbfca355a4626d.jpg,blur_moderate
train,Speed_limit_80km_356_jpg.rf.f77e3d0c78eab96e917a89f4782d7fba.jpg,rain_mild
train,Speed_limit_80km_357_jpg.rf.4e21fed238de43fc23b1c2d2b1132d30.jpg,occlusion_mild
train,Speed_limit_80km_359_jpg.rf.dc7af17426e4b88b9a2c616105610e9d.jpg,low_light_moderate
train,Speed_limit_80km_360_jpg.rf.9939a1eaa0727fa8dd9559ca52c55247.jpg,fog_severe
train,Speed_limit_80km_361_jpg.rf.cda63810572ece33c669386abc5afae6.jpg,small_distance_0.82|low_light_moderate
train,Speed_limit_80km_363_jpg.rf.31b3a5d9f3a4bae43caa88c069922857.jpg,occlusion_severe
train,Speed_limit_80km_364_jpg.rf.43a32ae6d19ef7232c37162845616692.jpg,small_distance_0.63
train,Speed_limit_80km_365_jpg.rf.257263b6b49a397cbfea48dc98f4068c.jpg,occlusion_mild
train,Speed_limit_80km_366_jpg.rf.c5a3c75a30fc87d23d3a1b7db6f09293.jpg,small_distance_0.76
train,Speed_limit_80km_368_jpg.rf.f4c1bda736835b57498842c198ae2f54.jpg,fog_mild
train,Speed_limit_80km_369_jpg.rf.460c2caf85d577c5bc337b46b3716339.jpg,clean
train,Speed_limit_80km_36_jpg.rf.7ed02ab7800a08cc2677f4a939d9b915.jpg,rain_severe
train,Speed_limit_80km_370_jpg.rf.f46fef6257654849e25d5a23f2413b65.jpg,fog_severe
train,Speed_limit_80km_371_jpg.rf.b74deaf8a4f1a35e614e359a7b721125.jpg,fog_mild
train,Speed_limit_80km_372_jpg.rf.6dcd55237a8b58fbff74af32fbde759b.jpg,small_distance_0.75|glare_moderate
train,Speed_limit_80km_373_jpg.rf.479ebb70c85de2f9bbee24daf9dbe64a.jpg,small_distance_0.69|glare_moderate
train,Speed_limit_80km_375_jpg.rf.e4f53ad513e603abc6c9162e10957d27.jpg,rain_moderate
train,Speed_limit_80km_376_jpg.rf.e810296f69d0c75fe65ef48052ed2f23.jpg,blur_mild
train,Speed_limit_80km_377_jpg.rf.742be839d0b112d70866525a717ccebc.jpg,rain_mild
train,Speed_limit_80km_379_jpg.rf.85fe3898b31eba83b6e20cae093cb07d.jpg,clean
train,Speed_limit_80km_37_jpg.rf.08a6a5a6af259bc8256cf40e50dc47ba.jpg,occlusion_mild
train,Speed_limit_80km_380_jpg.rf.3874a846cbffaf164512940131ac9efb.jpg,small_distance_0.76|occlusion_mild
train,Speed_limit_80km_381_jpg.rf.c84a5d200b526cb6d59d5ab815d74a69.jpg,blur_moderate
train,Speed_limit_80km_383_jpg.rf.15b80eb83f279be7fbfd9a8479a01a70.jpg,glare_moderate
train,Speed_limit_80km_384_jpg.rf.3b57a289aea25c1606dc73348dea0219.jpg,clean
train,Speed_limit_80km_385_jpg.rf.193f35b62212058a78133f080937315d.jpg,small_distance_0.60
train,Speed_limit_80km_386_jpg.rf.49cd39473168203eaa78b52cbccac57d.jpg,small_distance_0.81|fog_moderate
train,Speed_limit_80km_38_jpg.rf.9c4f933fd155c506ee8b90e951e721d0.jpg,low_light_mild
train,Speed_limit_80km_390_jpg.rf.d07cc06773bb1bc415213071c410ce94.jpg,small_distance_0.60|glare_severe
train,Speed_limit_80km_391_jpg.rf.04938eadd7d30c3b1ea67131bb49c74b.jpg,small_distance_0.73
train,Speed_limit_80km_392_jpg.rf.fdfbd7676b20755d5d853948b66c95f5.jpg,small_distance_0.82|low_light_severe
train,Speed_limit_80km_394_jpg.rf.ceb1dc2325bba942b9efbe2b89060ff6.jpg,small_distance_0.85
train,Speed_limit_80km_395_jpg.rf.8c5d8fb14b94c5f8dc7cc79faeaacb02.jpg,small_distance_0.67|blur_mild
train,Speed_limit_80km_396_jpg.rf.ff4c2a99f3fd71e32188efc82011d404.jpg,blur_moderate
train,Speed_limit_80km_397_jpg.rf.730e9ee7095573d0cf2476139181af9c.jpg,clean
train,Speed_limit_80km_398_jpg.rf.908cc8438d32ad289dc45c9f7b294cdd.jpg,small_distance_0.61
train,Speed_limit_80km_39_jpg.rf.13b8c53bba757842041926993b0b936c.jpg,blur_moderate
train,Speed_limit_80km_401_jpg.rf.c380be7c7095ef4fc8a24dda9a25f6f5.jpg,clean
train,Speed_limit_80km_402_jpg.rf.4e1fd9532d5c4f77d35e2390d9f9e460.jpg,small_distance_0.61|glare_mild
train,Speed_limit_80km_403_jpg.rf.775d280f62bffc6e0ff1e8bd2f96dd04.jpg,small_distance_0.63|blur_moderate
train,Speed_limit_80km_404_jpg.rf.0b99d7dbac73e59b3ebc2a5b68b15eae.jpg,small_distance_0.63|rain_severe
train,Speed_limit_80km_406_jpg.rf.8834864e8e80208502e9d5e85590110c.jpg,small_distance_0.62|occlusion_moderate
train,Speed_limit_80km_407_jpg.rf.934f2707bf798029597cd6758f240d27.jpg,blur_mild
train,Speed_limit_80km_408_jpg.rf.0de889eddfbad23cfc2b556945a07fe9.jpg,low_light_severe
train,Speed_limit_80km_40_jpg.rf.6d589b1557a2c8a05850a34ec17cba0f.jpg,small_distance_0.76|low_light_mild
train,Speed_limit_80km_410_jpg.rf.bd411e75495d14481d8987d008d52c60.jpg,small_distance_0.76
train,Speed_limit_80km_412_jpg.rf.077bf2d428fa6006c18127f93e99fbdb.jpg,blur_mild
train,Speed_limit_80km_413_jpg.rf.8df8c7a5dff30d3d44a89d63682a0169.jpg,glare_mild
train,Speed_limit_80km_415_jpg.rf.ec4f895f05e3cadaedf241f4c19fc73b.jpg,small_distance_0.56
train,Speed_limit_80km_416_jpg.rf.5726d4a513596210d073b36215b1ee1f.jpg,rain_moderate
train,Speed_limit_80km_417_jpg.rf.b1e5bf6a442efa9ad15689febcbeb830.jpg,occlusion_moderate
train,Speed_limit_80km_419_jpg.rf.7947e17166a6d0f0cd41a151c3cf2a5b.jpg,rain_severe
train,Speed_limit_80km_420_jpg.rf.28ca09e13a1a7880be987fa862da0c0b.jpg,rain_severe
train,Speed_limit_80km_421_jpg.rf.8090221d61d1ee1a833b6eeb886ae37b.jpg,occlusion_severe
train,Speed_limit_80km_422_jpg.rf.27c7f56846c37b808cdb853d43a5a09e.jpg,blur_severe
train,Speed_limit_80km_423_jpg.rf.83c0424cdd0a7ebcf72f9632e68b994c.jpg,blur_moderate
train,Speed_limit_80km_424_jpg.rf.74fd5a2f2b5f2f251183032c4d1f747f.jpg,clean
train,Speed_limit_80km_425_jpg.rf.7fbbc4bb8e4e7aabe1e0c1a062b3d139.jpg,clean
train,Speed_limit_80km_426_jpg.rf.61c1cd74f28283c904a1d9530ceb1a81.jpg,small_distance_0.56|occlusion_mild
train,Speed_limit_80km_427_jpg.rf.9a46450b196f8d4f0b046b4fa14282c9.jpg,clean
train,Speed_limit_80km_42_jpg.rf.1f5e86c3d94ac6d7d1cdb6ababb14d45.jpg,small_distance_0.56|blur_moderate
train,Speed_limit_80km_43_jpg.rf.f44c578e55503fce5a21b09d81c7323d.jpg,clean
train,Speed_limit_80km_45_jpg.rf.dd871a297418b4aba18e3ee0a95367e1.jpg,blur_moderate
train,Speed_limit_80km_47_jpg.rf.e50f9f3084c3f84b5e338d47e7b3681b.jpg,small_distance_0.72|rain_mild
train,Speed_limit_80km_48_jpg.rf.f344a4d9c001fa9ffe6827091de44179.jpg,rain_mild
train,Speed_limit_80km_49_jpg.rf.b2de8127c09ad854c1e432181ebf8764.jpg,small_distance_0.55|fog_mild
train,Speed_limit_80km_50_jpg.rf.68cf63de0434f3987f7391e02df4ab1d.jpg,small_distance_0.79
train,Speed_limit_80km_51_jpg.rf.523f25388cc58e4aa3677e4879e39f28.jpg,blur_mild
train,Speed_limit_80km_53_jpg.rf.c0028534d102f0362e9a38e0c06f08ae.jpg,fog_moderate
train,Speed_limit_80km_54_jpg.rf.577f133d3b79ca23fd6cb635dda92729.jpg,small_distance_0.77
train,Speed_limit_80km_55_jpg.rf.ee7c340ee3e12672a0c7f03a01885688.jpg,small_distance_0.67|low_light_severe
train,Speed_limit_80km_58_jpg.rf.a76d6d92ee960d70c17d4def37ef029b.jpg,small_distance_0.79|rain_mild
train,Speed_limit_80km_59_jpg.rf.370c75f4b73349cf8cfc5d58556a90b6.jpg,rain_moderate
train,Speed_limit_80km_5_jpg.rf.b45b497e9941105e721ee8b893cc3009.jpg,rain_mild
train,Speed_limit_80km_61_jpg.rf.eba600db270c70738b3131c940dbf576.jpg,low_light_severe
train,Speed_limit_80km_62_jpg.rf.b62e5a2bfb636d5b72aeeef33f235afe.jpg,clean
train,Speed_limit_80km_63_jpg.rf.ef8ca62b88ce0a8efbbabe31a8b80839.jpg,small_distance_0.59
train,Speed_limit_80km_65_jpg.rf.7291216b32784178359af24b42736bc7.jpg,small_distance_0.63|low_light_mild
train,Speed_limit_80km_66_jpg.rf.a098f53e054b2f472151c5a582a41601.jpg,low_light_moderate
train,Speed_limit_80km_67_jpg.rf.923f535c5b20c9885cf205107fd559ce.jpg,small_distance_0.81|rain_mild
train,Speed_limit_80km_69_jpg.rf.277f3aa60b6baef2be20076fe27ab7ef.jpg,small_distance_0.62|rain_mild
train,Speed_limit_80km_71_jpg.rf.621d06f6f7ceac73afc21348853d0b16.jpg,fog_moderate
train,Speed_limit_80km_72_jpg.rf.895470e6d028fc3c53cb8cd8c1b56d6d.jpg,small_distance_0.82|low_light_moderate
train,Speed_limit_80km_73_jpg.rf.a6d16f15e60cef77c134f215425e75ce.jpg,glare_moderate
train,Speed_limit_80km_74_jpg.rf.e80f61941526b612325b95aa0a3eb1c0.jpg,clean
train,Speed_limit_80km_75_jpg.rf.f4c3311e6888966360caad7306fc4fce.jpg,glare_mild
train,Speed_limit_80km_76_jpg.rf.69fb352f5ad91b9e7beb5459c9f5d516.jpg,fog_mild
train,Speed_limit_80km_77_jpg.rf.ddb183b76564791db168530908a987ff.jpg,glare_moderate
train,Speed_limit_80km_78_jpg.rf.dcd9ca19d26982c1ca07fef56496ce20.jpg,low_light_severe
train,Speed_limit_80km_79_jpg.rf.e994efb0112618d284fc80725997ae7f.jpg,blur_mild
train,Speed_limit_80km_81_jpg.rf.049393d0a8031394bc5a2dbf2ed602ec.jpg,clean
train,Speed_limit_80km_83_jpg.rf.03b61401efdbe623e33dfc9c6ee9a6c5.jpg,rain_mild
train,Speed_limit_80km_84_jpg.rf.4b97412fbbeb33f340b8eca89385732b.jpg,small_distance_0.73|low_light_moderate
train,Speed_limit_80km_85_jpg.rf.5df0366596abb3f5ccac3480a9595abe.jpg,small_distance_0.59|rain_severe
train,Speed_limit_80km_86_jpg.rf.3d82eff238b6f7060d270e47cd98013a.jpg,small_distance_0.66|fog_moderate
train,Speed_limit_80km_87_jpg.rf.7cfb3ec548ed142b7e31815b2aac34fe.jpg,small_distance_0.58|rain_mild
train,Speed_limit_80km_89_jpg.rf.94213916944ce5c73d50237ee4389140.jpg,rain_severe
train,Speed_limit_80km_92_jpg.rf.9cbdd26820e3efa4fd3e9d5e1193016a.jpg,glare_moderate
train,Speed_limit_80km_93_jpg.rf.777e7e47b4b0b617034caee4a9652d65.jpg,rain_moderate
train,Speed_limit_80km_94_jpg.rf.0b8f4292a4236d8dc91991e8160820eb.jpg,clean
train,Speed_limit_80km_97_jpg.rf.0b4fdba77d3de26b20295bfdcd6027f8.jpg,rain_mild
train,Speed_limit_80km_99_jpg.rf.ab4d7c9e466c3a89edab2b2b8f0db6e2.jpg,rain_severe
train,Speed_limit_80km_9_jpg.rf.e1b4671882b71aa4a47c458a90ad20cd.jpg,occlusion_moderate
train,Toll_plaza_1km_ahead_0_jpg.rf.b9082e27bab7341f3aa0d93d1787f247.jpg,blur_severe
train,Toll_plaza_1km_ahead_10_jpg.rf.257510a2d9f2e1789eea3ff53dddc069.jpg,small_distance_0.83|low_light_moderate
train,Toll_plaza_1km_ahead_11_jpg.rf.3832b30e885dd954b5d29f3f2af3cdd5.jpg,occlusion_moderate
train,Toll_plaza_1km_ahead_12_jpg.rf.30d20783e3beecef6ead9eea69ad615f.jpg,rain_mild
train,Toll_plaza_1km_ahead_14_jpg.rf.63a96dfcfa7e1686ef4c1c604035e730.jpg,low_light_moderate
train,Toll_plaza_1km_ahead_16_jpg.rf.6ef4dfa9428e79504c88cec6078a6aab.jpg,low_light_mild
train,Toll_plaza_1km_ahead_17_jpg.rf.b90cc320ab9f6a705e5504a3d5d1a36d.jpg,small_distance_0.69|fog_moderate
train,Toll_plaza_1km_ahead_18_jpg.rf.c9962ae515f540a40e7ccc57ad3b49e8.jpg,small_distance_0.82|low_light_moderate
train,Toll_plaza_1km_ahead_19_jpg.rf.bb6748c954df4cc2d97404310448e1f5.jpg,occlusion_severe
train,Toll_plaza_1km_ahead_1_jpg.rf.7fae1c0df83523efe6104b1ddf0bb5cf.jpg,small_distance_0.78|occlusion_moderate
train,Toll_plaza_1km_ahead_20_jpg.rf.8ef427d85261d0433bb607cf3c7be222.jpg,small_distance_0.79|low_light_moderate
train,Toll_plaza_1km_ahead_22_jpg.rf.166035e079ca2973e2e669df4f4dbd6a.jpg,low_light_mild
train,Toll_plaza_1km_ahead_23_jpg.rf.e81f8fea42bf05d381f278677124bf49.jpg,clean
train,Toll_plaza_1km_ahead_26_jpg.rf.833f1f4a79d0f67baa76310d976e9e06.jpg,fog_severe
train,Toll_plaza_1km_ahead_29_jpg.rf.3ba40d7c8d738008dc3cd65193830faa.jpg,clean
train,Toll_plaza_1km_ahead_2_jpg.rf.fe33f62d62f1c91bd80dc4d9234844d5.jpg,rain_mild
train,Toll_plaza_1km_ahead_30_jpg.rf.4e1c6d6660052e0b17eaa03ff5f5e275.jpg,blur_severe
train,Toll_plaza_1km_ahead_31_jpg.rf.f9a29c0f4138da0bf441e02f3d3b5e23.jpg,small_distance_0.77|occlusion_moderate
train,Toll_plaza_1km_ahead_32_jpg.rf.30c64807fb28a0eec85dab9cda8af0c8.jpg,small_distance_0.81|rain_severe
train,Toll_plaza_1km_ahead_33_jpg.rf.b4f3240d9ca95ae2d3fc608fba7510a2.jpg,fog_mild
train,Toll_plaza_1km_ahead_34_jpg.rf.bd90af1c3698dc1d986072b95fdd85ad.jpg,rain_mild
train,Toll_plaza_1km_ahead_35_jpg.rf.e2377f86666534af92effd05435afd39.jpg,small_distance_0.63|low_light_mild
train,Toll_plaza_1km_ahead_36_jpg.rf.739327f63a2b2d5a4be8b06165fbae4a.jpg,clean
train,Toll_plaza_1km_ahead_37_jpg.rf.43e083d3041f5789688698ae0d05ef4a.jpg,glare_mild
train,Toll_plaza_1km_ahead_39_jpg.rf.5c08f0c924641b96e36157a5f37247c5.jpg,rain_moderate
train,Toll_plaza_1km_ahead_3_jpg.rf.19c58737bc2a4ad0f558d5c3e90f42be.jpg,fog_mild
train,Toll_plaza_1km_ahead_40_jpg.rf.5e7fcb22059c79db86ddc89c13d6e0d1.jpg,rain_mild
train,Toll_plaza_1km_ahead_42_jpg.rf.b440fc65b7e98c480987b62a2b2ae61f.jpg,small_distance_0.80|blur_severe
train,Toll_plaza_1km_ahead_43_jpg.rf.d9564bddf1bd7561fe2a0958e31aa2c9.jpg,small_distance_0.57|blur_severe
train,Toll_plaza_1km_ahead_45_jpg.rf.541e43321ce35ce974cf91d4ad6c2083.jpg,small_distance_0.66|low_light_mild
train,Toll_plaza_1km_ahead_46_jpg.rf.7bb9dda475ef01bf836ecdd756666712.jpg,small_distance_0.64|blur_severe
train,Toll_plaza_1km_ahead_47_jpg.rf.49ec77eb4ab5aece40e85ff8f4891dc8.jpg,small_distance_0.81|glare_mild
train,Toll_plaza_1km_ahead_48_jpg.rf.d6c691dc97653686f7e38926d84ffeda.jpg,glare_severe
train,Toll_plaza_1km_ahead_50_jpg.rf.7fae79f30a1d17fc2f792cc8bb01d75d.jpg,small_distance_0.67|occlusion_severe
train,Toll_plaza_1km_ahead_51_jpg.rf.04aa50de73b97c49283b1654339aa92d.jpg,clean
train,Toll_plaza_1km_ahead_52_jpg.rf.642432538f392abe20770829965168a4.jpg,rain_moderate
train,Toll_plaza_1km_ahead_53_jpg.rf.510301e94a93fc93d4d262b7c584c11b.jpg,small_distance_0.76|fog_mild
train,Toll_plaza_1km_ahead_55_jpg.rf.fbba7b4f404062648ce687ab781a7bc1.jpg,small_distance_0.65|rain_moderate
train,Toll_plaza_1km_ahead_58_jpg.rf.5e52597c083b758f8e4577e4de3cceda.jpg,glare_severe
train,Toll_plaza_1km_ahead_59_jpg.rf.dd54f4247b58791a378096cb2c04cebc.jpg,small_distance_0.62|rain_moderate
train,Toll_plaza_1km_ahead_5_jpg.rf.fc1d4e9a3254be68418c766719b36a98.jpg,small_distance_0.74
train,Toll_plaza_1km_ahead_64_jpg.rf.30dcc43b4c32a1dd0e11851555ab0f04.jpg,small_distance_0.76
train,Toll_plaza_1km_ahead_65_jpg.rf.7ea6ca8d5f4b8b377c5d37c9ca149101.jpg,small_distance_0.83|glare_moderate
train,Toll_plaza_1km_ahead_66_jpg.rf.f88b07126e028caea21fe3678b4da061.jpg,small_distance_0.80|occlusion_mild
train,Toll_plaza_1km_ahead_7_jpg.rf.f5638be22e3585ec3c40a8ebc1d1af96.jpg,occlusion_moderate
train,Toll_plaza_1km_ahead_9_jpg.rf.3caec02618e7a5a576e1acf355a3fa47.jpg,glare_mild
train,Tolls_ahead_0_jpg.rf.4c171c52e42f3d2b59821e8fae79c59f.jpg,fog_severe
train,Tolls_ahead_10_jpg.rf.1271ad93de4c405b3be54c547b3751a3.jpg,small_distance_0.74|fog_moderate
train,Tolls_ahead_11_jpg.rf.da11952091528834b7024f0e997e68cc.jpg,fog_mild
train,Tolls_ahead_12_jpg.rf.98faf6368d8a0988c85a7ca88b4a87ee.jpg,blur_moderate
train,Tolls_ahead_14_jpg.rf.5c0ecdd9bd8bde281f86071c45b34953.jpg,rain_moderate
train,Tolls_ahead_15_jpg.rf.8b37832ca6be9ed8e9a96288b64d7fa6.jpg,rain_moderate
train,Tolls_ahead_19_jpg.rf.f87c5615975d9ab0e00e535d176e063d.jpg,fog_moderate
train,Tolls_ahead_1_jpg.rf.320354131f2ba43e41b88d43a721773f.jpg,small_distance_0.70|fog_moderate
train,Tolls_ahead_21_jpg.rf.e19821544676c8751273dc6c7629252d.jpg,clean
train,Tolls_ahead_22_jpg.rf.a0ef235f5769ad243d5ee62d2fafdc00.jpg,fog_moderate
train,Tolls_ahead_23_jpg.rf.bb43c252e6e5280f4f1f48ede4c329b5.jpg,clean
train,Tolls_ahead_24_jpg.rf.a16c9681de70e88d82ae1af9962fceff.jpg,small_distance_0.81
train,Tolls_ahead_25_jpg.rf.fcbb0be778e1565cd9682ebc11b6dfbb.jpg,rain_moderate
train,Tolls_ahead_27_jpg.rf.a0778cabc30bd86d7e80d4a18e2ba62c.jpg,occlusion_moderate
train,Tolls_ahead_28_jpg.rf.570a13e681af92d412bfc003d34b9acc.jpg,small_distance_0.70|fog_mild
train,Tolls_ahead_2_jpg.rf.52c0bf065f5b1ae699d90b4870ea980d.jpg,clean
train,Tolls_ahead_31_jpg.rf.100d7b16cadfe83e55767b24474e347a.jpg,small_distance_0.65|fog_severe
train,Tolls_ahead_32_jpg.rf.66b13484eeb9380ed9c8c3fbd845fa80.jpg,fog_mild
train,Tolls_ahead_36_jpg.rf.ef80ad675b491fc981819358e2bd4fae.jpg,small_distance_0.77|low_light_severe
train,Tolls_ahead_37_jpg.rf.7ecbb94c7b09bec0312880410535563f.jpg,small_distance_0.79|rain_moderate
train,Tolls_ahead_38_jpg.rf.c3e177ff25b8f220739c58d024893c86.jpg,glare_mild
train,Tolls_ahead_39_jpg.rf.495965da87e0638ca8fa8fa4b0d27930.jpg,small_distance_0.80|occlusion_mild
train,Tolls_ahead_40_jpg.rf.81ac89d361c8c0bebd01ec9dc0e55260.jpg,small_distance_0.69
train,Tolls_ahead_42_jpg.rf.70848297a3828ab505542d289d784768.jpg,glare_mild
train,Tolls_ahead_43_jpg.rf.b7762f8508baa1a64deeadd026cde68b.jpg,low_light_moderate
train,Tolls_ahead_44_jpg.rf.28f59cbef9329e146b4ecedd3905a63d.jpg,clean
train,Tolls_ahead_47_jpg.rf.6a32f577784b87790c4c25c0a23b25ef.jpg,glare_moderate
train,Tolls_ahead_49_jpg.rf.5ebfb68d388e500fd398b03e9fd90e8b.jpg,small_distance_0.81
train,Tolls_ahead_4_jpg.rf.b47cb03f3cd4399be6a76b2b5f5cf609.jpg,clean
train,Tolls_ahead_51_jpg.rf.9fb0d259892a80d2c5a3fe294bdb4123.jpg,clean
train,Tolls_ahead_52_jpg.rf.6ced1ebf9daf92efab840b515dc60bcd.jpg,occlusion_mild
train,Tolls_ahead_53_jpg.rf.30525b776fb16cb6e93d4b5f6000e572.jpg,clean
train,Tolls_ahead_54_jpg.rf.5ce502d7b4b79df0eacd364be4e4b4e1.jpg,blur_mild
train,Tolls_ahead_55_jpg.rf.dda5f6ee85b9cae3c6f4ecabc24b92bd.jpg,clean
train,Tolls_ahead_5_jpg.rf.152acf7997f2f20376865f9adc3c1331.jpg,small_distance_0.80|low_light_moderate
train,Tolls_ahead_6_jpg.rf.234f2b603850e8ec1c1cc403786bc184.jpg,small_distance_0.76|low_light_moderate
train,Tolls_ahead_7_jpg.rf.a05c87de212d8c9dbaaae9cd856e3aa1.jpg,small_distance_0.84|glare_mild
train,Tolls_ahead_8_jpg.rf.be1090fac4cd03dd1556caecc2333df8.jpg,small_distance_0.56|glare_moderate
train,Tolls_ahead_9_jpg.rf.2a6f26bf8ebccb4b6fc71616b2bf5185.jpg,rain_mild
train,Traffic_merge_on_ahead_0_jpg.rf.ee6595baf23bc7ec6968fcc6e4b97ec6.jpg,small_distance_0.69|rain_mild
train,Traffic_merge_on_ahead_10_jpg.rf.563513d941712c21c12ffb4e867b8634.jpg,blur_severe
train,Traffic_merge_on_ahead_11_jpg.rf.5f7dec7e86020eff72d9817db44248e1.jpg,rain_moderate
train,Traffic_merge_on_ahead_13_jpg.rf.1b6dbc1d5370e583b6e39d5195d708fe.jpg,clean
train,Traffic_merge_on_ahead_14_jpg.rf.d621871bda835d828ecbdf1f8133eb05.jpg,blur_severe
train,Traffic_merge_on_ahead_15_jpg.rf.507b99f7e0a09c9c538e51c9e0649dcf.jpg,small_distance_0.70|low_light_moderate
train,Traffic_merge_on_ahead_17_jpg.rf.22cb0ade931bbcb753ab238103b7b400.jpg,small_distance_0.70|low_light_mild
train,Traffic_merge_on_ahead_18_jpg.rf.5b2c4b50a58bac5686e325d24b79d062.jpg,clean
train,Traffic_merge_on_ahead_19_jpg.rf.e1ea60e95cd18ead2bf5083b061b825d.jpg,occlusion_mild
train,Traffic_merge_on_ahead_2_jpg.rf.c3f59af89aac7f442d6fe81e471086f9.jpg,low_light_moderate
train,Traffic_merge_on_ahead_3_jpg.rf.209a79c39f04e06b79c88323d382c229.jpg,fog_severe
train,Traffic_merge_on_ahead_4_jpg.rf.7fb7e820a4dde30b03d9a2f8ee4ac2b7.jpg,small_distance_0.56|fog_severe
train,Traffic_merge_on_ahead_5_jpg.rf.fdcaa9639d1ca08d53b692e6c600c313.jpg,small_distance_0.80|blur_moderate
train,Traffic_merge_on_ahead_6_jpg.rf.8015615023ec7b3ff500dff5da0d01de.jpg,occlusion_mild
train,Traffic_merge_on_ahead_7_jpg.rf.c90fda3b9b3e3366c915a8250b20ad71.jpg,occlusion_moderate
train,Traffic_merge_on_ahead_8_jpg.rf.7309faff2d2a045b2429164faad4cac5.jpg,small_distance_0.67|blur_mild
train,Traffic_merge_on_ahead_9_jpg.rf.1fc5db1c5356a9a89d55cbff9216f2b2.jpg,occlusion_mild
train,Traffic_merge_on_left_0_jpg.rf.0da52310956615e13a27ce3baa904970.jpg,clean
train,Traffic_merge_on_left_101_jpg.rf.2a65fe18da047dfed99fcab1ab3e06fd.jpg,low_light_severe
train,Traffic_merge_on_left_102_jpg.rf.e5f6b984e4c31056dbe48f64a59195b9.jpg,small_distance_0.85
train,Traffic_merge_on_left_103_jpg.rf.cc68da0be65a84cb5f458757aea9e6b9.jpg,low_light_mild
train,Traffic_merge_on_left_106_jpg.rf.86cb2fa149d13a7e7ebf6ff05343d3c6.jpg,rain_mild
train,Traffic_merge_on_left_107_jpg.rf.fdc71947f9d2c6e710fc467a63ce556f.jpg,blur_severe
train,Traffic_merge_on_left_108_jpg.rf.38333ca82b0c3b49012eadc67434a2af.jpg,clean
train,Traffic_merge_on_left_109_jpg.rf.3ebe49f01b2e3b94f3cb99b8949ac001.jpg,low_light_moderate
train,Traffic_merge_on_left_10_jpg.rf.949b9035962212a3d97212471088c32f.jpg,small_distance_0.61|low_light_severe
train,Traffic_merge_on_left_110_jpg.rf.b2f3a0870483e6fa93bc4aa4809f6c61.jpg,blur_severe
train,Traffic_merge_on_left_112_jpg.rf.a4894242f9be27b391983dd36742ccfa.jpg,clean
train,Traffic_merge_on_left_113_jpg.rf.a38c76bb7b7ec371c900cf7690c627fb.jpg,small_distance_0.85|blur_mild
train,Traffic_merge_on_left_114_jpg.rf.a3a6708e0277231c7ccf9b9b2696ed34.jpg,small_distance_0.78|glare_moderate
train,Traffic_merge_on_left_11_jpg.rf.48e20f0b79cd7fbb6f4d72afe8f1ea9b.jpg,small_distance_0.66|low_light_moderate
train,Traffic_merge_on_left_12_jpg.rf.976e350fa9c00eccc218fccce8ec6f6a.jpg,blur_moderate
train,Traffic_merge_on_left_15_jpg.rf.340a4f3918a4e0e2c19629df2321cf4e.jpg,small_distance_0.73|fog_mild
train,Traffic_merge_on_left_16_jpg.rf.f0c493a1b1589bac46deb341d157aa7e.jpg,fog_severe
train,Traffic_merge_on_left_17_jpg.rf.db17e9216f62cd976268eb16736886f4.jpg,clean
train,Traffic_merge_on_left_18_jpg.rf.508daf8d311194c9f6cac1548a8e9777.jpg,clean
train,Traffic_merge_on_left_19_jpg.rf.3d78e4f898ffd654eb3c614c0ae300f2.jpg,clean
train,Traffic_merge_on_left_22_jpg.rf.11e752aa8afbaabfc78dadf3896e7cef.jpg,small_distance_0.77|glare_severe
train,Traffic_merge_on_left_23_jpg.rf.e7aa1a40777876e0d7b62c3ad2e9dff0.jpg,occlusion_moderate
train,Traffic_merge_on_left_24_jpg.rf.8f40ec66add8a755cff2f88bb769a072.jpg,rain_severe
train,Traffic_merge_on_left_25_jpg.rf.55247be6f2e36d28f8c80a96be74dd2c.jpg,small_distance_0.81|blur_mild
train,Traffic_merge_on_left_26_jpg.rf.df50550f30431db58ca53a57dd62c18a.jpg,clean
train,Traffic_merge_on_left_27_jpg.rf.805dcae657ea16b25442fd76cba97c79.jpg,occlusion_severe
train,Traffic_merge_on_left_28_jpg.rf.35981fef7fb21b2c28dd1f0bac8f591a.jpg,small_distance_0.80|fog_mild
train,Traffic_merge_on_left_29_jpg.rf.6a0dc22bffa7987d03f71d6b00a8e1cc.jpg,small_distance_0.68|glare_mild
train,Traffic_merge_on_left_2_jpg.rf.235790ac2d58380cf4f10ea2a0c77c04.jpg,clean
train,Traffic_merge_on_left_30_jpg.rf.022f986b3efbb5756b1bee6110584590.jpg,glare_mild
train,Traffic_merge_on_left_32_jpg.rf.3dbfe704d8333d61d47b19c89dafa2f2.jpg,small_distance_0.70|low_light_severe
train,Traffic_merge_on_left_33_jpg.rf.45de774d74abb34917704f96f86142ff.jpg,clean
train,Traffic_merge_on_left_34_jpg.rf.24e86e97da71bbf9fed4007cd486e6c5.jpg,small_distance_0.60|rain_severe
train,Traffic_merge_on_left_35_jpg.rf.85959ee64346ee084ef2aacf341cb87b.jpg,occlusion_moderate
train,Traffic_merge_on_left_36_jpg.rf.dbe770e280a109f3c3b09c684a14f65a.jpg,clean
train,Traffic_merge_on_left_37_jpg.rf.9554da71d808e94b86bcf37a0b07e0b0.jpg,small_distance_0.83|blur_moderate
train,Traffic_merge_on_left_38_jpg.rf.90f09a780bae9864480593c03a718f13.jpg,small_distance_0.70|fog_severe
train,Traffic_merge_on_left_39_jpg.rf.19702e9c98f836c8beaa8b52232b0551.jpg,small_distance_0.74|blur_mild
train,Traffic_merge_on_left_3_jpg.rf.f88335fa16e13c929e90e3207485d61b.jpg,low_light_severe
train,Traffic_merge_on_left_41_jpg.rf.707c5d06f3b0166d3dfc53c040df6513.jpg,small_distance_0.73
train,Traffic_merge_on_left_42_jpg.rf.8061c4c52b6c1f935239ed6669e6dea6.jpg,glare_moderate
train,Traffic_merge_on_left_43_jpg.rf.43914991d10f1fa827bf15574d0e666f.jpg,blur_severe
train,Traffic_merge_on_left_44_jpg.rf.39835dd0a1cb079013b5961f002792d8.jpg,small_distance_0.56|glare_mild
train,Traffic_merge_on_left_45_jpg.rf.ed93f06c364b3a7dc7bb4a8bc44daa27.jpg,clean
train,Traffic_merge_on_left_46_jpg.rf.7a883f1df3f6e7d941008e3c97126bac.jpg,occlusion_moderate
train,Traffic_merge_on_left_48_jpg.rf.65a50eee172a72baa2cda449b04a1f82.jpg,small_distance_0.62
train,Traffic_merge_on_left_4_jpg.rf.63ef1c2f4abc04c76fa0b4cb7507a332.jpg,occlusion_moderate
train,Traffic_merge_on_left_50_jpg.rf.31ddb9611517a6596abd03f832e2ad5f.jpg,small_distance_0.71
train,Traffic_merge_on_left_51_jpg.rf.0a3a7d93326e0731da6b0c86f40f0bfe.jpg,rain_mild
train,Traffic_merge_on_left_53_jpg.rf.07dc02525a28fc8117c7d823f55bcf63.jpg,occlusion_severe
train,Traffic_merge_on_left_54_jpg.rf.c442111d8a4b26ffa2556ec0472fecee.jpg,small_distance_0.60
train,Traffic_merge_on_left_55_jpg.rf.f13b6a296fb6a516bba572795339e133.jpg,small_distance_0.73|rain_mild
train,Traffic_merge_on_left_56_jpg.rf.638283b579d6a14b185f3c8aa7229f1c.jpg,rain_severe
train,Traffic_merge_on_left_57_jpg.rf.2fc7f9f33afcc0acbb5d379b7944f0b4.jpg,glare_severe
train,Traffic_merge_on_left_58_jpg.rf.c0079fedb0b5b9ef353f0fe45fe91d94.jpg,small_distance_0.73|glare_mild
train,Traffic_merge_on_left_59_jpg.rf.339c92b2b8c9adbdcd37154984846b76.jpg,small_distance_0.78|fog_mild
train,Traffic_merge_on_left_5_jpg.rf.d854572eb5984e4ea90f18a6d697f974.jpg,clean
train,Traffic_merge_on_left_60_jpg.rf.c1367ae943f4fef37e13d715813dd273.jpg,small_distance_0.66|glare_moderate
train,Traffic_merge_on_left_61_jpg.rf.99ebfeaa1e7a33d0f0708db69f8d6535.jpg,low_light_moderate
train,Traffic_merge_on_left_62_jpg.rf.3941cd86843a38da84232bf6c9f22c87.jpg,clean
train,Traffic_merge_on_left_63_jpg.rf.6e59ca79dd825e303358ccec8cf97401.jpg,small_distance_0.55|glare_severe
train,Traffic_merge_on_left_64_jpg.rf.c2452e7a22fa8afb033f8f394f19e0a7.jpg,small_distance_0.81|rain_mild
train,Traffic_merge_on_left_65_jpg.rf.a5c03cb7c3de91852c457551d69855e6.jpg,glare_moderate
train,Traffic_merge_on_left_66_jpg.rf.281ab075333f75f792e55068403bf23d.jpg,small_distance_0.66
train,Traffic_merge_on_left_67_jpg.rf.25135821a77c4d9e518ebf1839f57311.jpg,rain_mild
train,Traffic_merge_on_left_69_jpg.rf.e457bf3c78a8af06976c1ea76a09b871.jpg,small_distance_0.56|glare_severe
train,Traffic_merge_on_left_70_jpg.rf.104547bb71c71d6bf842db28fc6cb8aa.jpg,clean
train,Traffic_merge_on_left_73_jpg.rf.737618a80537bf6070bfef6551a61783.jpg,rain_moderate
train,Traffic_merge_on_left_75_jpg.rf.b76cd9bf71e7544f6e44320e33661408.jpg,glare_severe
train,Traffic_merge_on_left_76_jpg.rf.7f07946eed003565311f1f325207000b.jpg,blur_moderate
train,Traffic_merge_on_left_77_jpg.rf.1877d3a4fd3f983e19f370c9bafb9b30.jpg,small_distance_0.71|glare_severe
train,Traffic_merge_on_left_78_jpg.rf.e2e2456d1444022a54ae448eba6e308b.jpg,glare_moderate
train,Traffic_merge_on_left_79_jpg.rf.e4638b70f84fd8e85ca19c79bbc10d24.jpg,small_distance_0.69
train,Traffic_merge_on_left_81_jpg.rf.03f251189da09d11a9e91c11157f6694.jpg,fog_moderate
train,Traffic_merge_on_left_82_jpg.rf.9a68458d2beb0863e43e1982e9618b44.jpg,low_light_severe
train,Traffic_merge_on_left_83_jpg.rf.3479316071ccec88ce1f870894b73bd4.jpg,occlusion_severe
train,Traffic_merge_on_left_86_jpg.rf.e25ebd0b77bde93b73c02f459e55052b.jpg,rain_mild
train,Traffic_merge_on_left_87_jpg.rf.3d71aecf56630e8d546e2b0fd2bb9c12.jpg,small_distance_0.72|glare_severe
train,Traffic_merge_on_left_88_jpg.rf.e643b1b0a5b27e32aed67da5dba2b0f1.jpg,glare_severe
train,Traffic_merge_on_left_89_jpg.rf.2bbaf9c5da85995d308c35fc6ef7b0c7.jpg,small_distance_0.82|fog_mild
train,Traffic_merge_on_left_91_jpg.rf.67355ca4ccc61aa02df177faa75e405e.jpg,small_distance_0.71|fog_severe
train,Traffic_merge_on_left_92_jpg.rf.b8b673636da609af7fd0402c18b5c433.jpg,rain_severe
train,Traffic_merge_on_left_94_jpg.rf.4401aeee93927d7c770c65dfddd0d156.jpg,low_light_mild
train,Traffic_merge_on_left_95_jpg.rf.5654e1f822a58c1d9a8d0846f9ddf245.jpg,small_distance_0.59|blur_mild
train,Traffic_merge_on_left_97_jpg.rf.319d3d9614ccbb097a5c1736edc842c8.jpg,small_distance_0.56
train,Traffic_merge_on_left_99_jpg.rf.48cd482e1e79d6c7fe1f973205ea382f.jpg,clean
train,Traffic_merge_on_left_9_jpg.rf.d1cde478c7e9e6acfb1ff846012a1922.jpg,small_distance_0.74|blur_moderate
train,Traffic_merge_on_right_0_jpg.rf.caec261363381e568f247d9a41df797f.jpg,blur_moderate
train,Traffic_merge_on_right_10_jpg.rf.fb4dde94ce86d05174ab699800207b03.jpg,rain_moderate
train,Traffic_merge_on_right_11_jpg.rf.1416a93de71747285ab0268daa01bd15.jpg,small_distance_0.61
train,Traffic_merge_on_right_12_jpg.rf.f561a8b496dc9157bcb71897653d345d.jpg,occlusion_severe
train,Traffic_merge_on_right_13_jpg.rf.947071e0ba61658a557d8009c45f2d92.jpg,low_light_severe
train,Traffic_merge_on_right_15_jpg.rf.1ac6ef0d9ef26ab2d2fbcea1adff3f88.jpg,occlusion_moderate
train,Traffic_merge_on_right_16_jpg.rf.02677f55051e7eb71ac180d33375fdb2.jpg,small_distance_0.77|occlusion_mild
train,Traffic_merge_on_right_19_jpg.rf.ae1cf051bd390727acc09e6e201906a1.jpg,small_distance_0.55|occlusion_severe
train,Traffic_merge_on_right_1_jpg.rf.8d8403b7fee63bfa1ca0d3590282b189.jpg,small_distance_0.71|rain_mild
train,Traffic_merge_on_right_2_jpg.rf.48e3eac1f402b67c8ac0640a9b271478.jpg,glare_moderate
train,Traffic_merge_on_right_3_jpg.rf.51fc5fa1dbccef8a26e59bba91512dce.jpg,clean
train,Traffic_merge_on_right_5_jpg.rf.f32751be4a0949dbc175640423a26498.jpg,low_light_moderate
train,Traffic_merge_on_right_6_jpg.rf.f4c2ab7e565343b4031839a37cd801f1.jpg,small_distance_0.83
train,Traffic_merge_on_right_7_jpg.rf.34af9998bab40f0453ea9af57bae2398.jpg,blur_severe
train,Traffic_merge_on_right_8_jpg.rf.f1f63e477fe66af13a4ea3ea7f6cab23.jpg,low_light_mild
train,Traffic_merge_on_right_9_jpg.rf.b0ec2834d82ba2796d4d7d7b1ae4d0ee.jpg,occlusion_moderate
train,U_turn_0_jpg.rf.83db4a266ee10d25899bc3c04c76e314.jpg,small_distance_0.83|glare_moderate
train,U_turn_12_jpg.rf.8f0197d5eaa79304e027349df620b7c1.jpg,small_distance_0.71|glare_mild
train,U_turn_17_jpg.rf.204f07e964f7190c6e4234d0a41048f0.jpg,occlusion_severe
train,U_turn_19_jpg.rf.186b479375f6e20e4cfb2a47ca1352c2.jpg,blur_moderate
train,U_turn_1_jpg.rf.0d53466046f5cfe292a5eda90d35bb25.jpg,small_distance_0.83|blur_severe
train,U_turn_21_jpg.rf.d66c76fe5a6d24df6b18cd9b613aec34.jpg,small_distance_0.62|rain_moderate
train,U_turn_22_jpg.rf.9243ffe0bae6bb47c9fcf885f367bf9f.jpg,glare_mild
train,U_turn_23_jpg.rf.c36e4e44ba3a44b6eda8e317489b1571.jpg,small_distance_0.70|occlusion_mild
train,U_turn_26_jpg.rf.c9ececb021fd6d1bc934a57dd895c3fa.jpg,small_distance_0.85|rain_moderate
train,U_turn_28_jpg.rf.14a3b3a4eb0c51766a0fd5bfca1fd0c6.jpg,small_distance_0.72|blur_mild
train,U_turn_29_jpg.rf.7259b10a155b4b9310dcbd8f0f1aaa3d.jpg,clean
train,U_turn_30_jpg.rf.4deff5a3242a6f6273d9ee6e0f41bd86.jpg,occlusion_mild
train,U_turn_33_jpg.rf.d3400f90094423b7e36556599564971e.jpg,rain_mild
train,U_turn_34_jpg.rf.01dac9903dbb4dcd10a0624cc7dffefe.jpg,occlusion_mild
train,U_turn_35_jpg.rf.0d0256d2085ad8336f497761c1096659.jpg,clean
train,U_turn_36_jpg.rf.6710b30fe22f2775fad73b71c7907603.jpg,small_distance_0.80|low_light_mild
train,U_turn_37_jpg.rf.a6ad42998caf9b792b788803ce6d7473.jpg,blur_moderate
train,U_turn_39_jpg.rf.9d6784332ae5ebd242513f2a0b5f3a06.jpg,rain_mild
train,U_turn_3_jpg.rf.5910e350b828fcedc7c48eba0fb08460.jpg,small_distance_0.57
train,U_turn_41_jpg.rf.4a8caef10b8900d5dcf9c107729de21e.jpg,small_distance_0.80|blur_severe
train,U_turn_43_jpg.rf.1ce6420fd0e2bb4d24c4d759506650ed.jpg,small_distance_0.69|occlusion_severe
train,U_turn_44_jpg.rf.056683efb1314df02833caa3d6ea246d.jpg,clean
train,U_turn_45_jpg.rf.b9df83ea713192d33a6ae6f5bf488712.jpg,small_distance_0.76
train,U_turn_46_jpg.rf.06c623a57ddfeaba4c6ea30ce252a918.jpg,small_distance_0.71|fog_moderate
train,U_turn_47_jpg.rf.714bd1f809c53432f0ca9a2557c93b7d.jpg,clean
train,U_turn_48_jpg.rf.9e6f3349909c357268445afd4a6d33d7.jpg,small_distance_0.79|fog_severe
train,U_turn_49_jpg.rf.861d2b802f6c72a50193ddfec54bbee2.jpg,small_distance_0.65|occlusion_severe
train,U_turn_50_jpg.rf.ee9ec7f0d577e83750e1b2301f27bcd4.jpg,glare_moderate
train,U_turn_51_jpg.rf.7fe75ad5128a3ba4f8a4b11677305ded.jpg,small_distance_0.79|fog_mild
train,U_turn_52_jpg.rf.b511e4cca9a8f754ac745be4d2f2d1f4.jpg,glare_mild
train,U_turn_55_jpg.rf.0046af7cf067d25d0ed926252675d8ee.jpg,clean
train,U_turn_57_jpg.rf.26878ce4f00b79ca12bf635e1eb9cfab.jpg,small_distance_0.64|blur_severe
train,U_turn_59_jpg.rf.17927e5e2acd0f30e199eccafeb2a932.jpg,small_distance_0.82|fog_mild
train,U_turn_60_jpg.rf.cc7de105254c70c10a7e99747fe84ea8.jpg,occlusion_severe
train,U_turn_61_jpg.rf.8a3e333af674eb548e6a942e35ec1de6.jpg,small_distance_0.57|occlusion_mild
train,U_turn_62_jpg.rf.cb3f113a581f3d76053cfd9f8b682168.jpg,rain_severe
train,U_turn_63_jpg.rf.b483d85080b5337a6c2c43aa49e8c0ed.jpg,fog_severe
train,U_turn_64_jpg.rf.5ac552d52c71342436707ebe1035f9ec.jpg,fog_severe
train,U_turn_65_jpg.rf.2b48f9435e6fe4c5dd0a4034f9e07560.jpg,occlusion_moderate
train,U_turn_66_jpg.rf.560cf26586b0e4797500dee7052ac85d.jpg,glare_moderate
train,U_turn_67_jpg.rf.6d0aa1d3c3a15351e77c684f41c46846.jpg,small_distance_0.76|glare_moderate
train,U_turn_68_jpg.rf.0669b707db95d73fdb9c228ce97c656d.jpg,rain_mild
train,U_turn_69_jpg.rf.c853889525076b6fe08c29034fbfca0e.jpg,glare_mild
train,U_turn_71_jpg.rf.82678bc7e9cd2711f6cf11db04e8661b.jpg,small_distance_0.83|glare_moderate
train,U_turn_72_jpg.rf.5ce4225461925f2224027dccd556caac.jpg,small_distance_0.56
train,U_turn_73_jpg.rf.dc839e45d10b443a44a5b51bee4027fe.jpg,clean
train,U_turn_74_jpg.rf.c55c714619d524251c8e862dda086f17.jpg,low_light_severe
train,U_turn_8_jpg.rf.47d94b42e6b915b9ff769c5974288cb4.jpg,blur_severe
train,U_turn_9_jpg.rf.f2e7cd79ebc18db97355f43664bb1a4e.jpg,small_distance_0.84|low_light_severe
train,Underpass_ahead_0_jpg.rf.f669746ae1e11f948a2502cd43ead347.jpg,occlusion_severe
train,Underpass_ahead_100_jpg.rf.34a25a7944ec0e459024fe371f1911d8.jpg,clean
train,Underpass_ahead_101_jpg.rf.bfe395c150202ac1e5e1885ce4553aeb.jpg,rain_severe
train,Underpass_ahead_102_jpg.rf.1627b7275dd48b3ac432be1cd0acd979.jpg,glare_moderate
train,Underpass_ahead_104_jpg.rf.7dcaf7b5fcce2a6cfc258b2855233a5a.jpg,small_distance_0.65|fog_severe
train,Underpass_ahead_105_jpg.rf.a4e449543e5ecfd89d8667c3496dc115.jpg,small_distance_0.60|rain_severe
train,Underpass_ahead_106_jpg.rf.3ab9577a6f2f3653aad3b1f6f3f36e53.jpg,small_distance_0.73|fog_moderate
train,Underpass_ahead_108_jpg.rf.c996436ddc8df3948adb35c3fa89e964.jpg,rain_mild
train,Underpass_ahead_109_jpg.rf.ab8978790ebbec8ed8a806724963814a.jpg,small_distance_0.62
train,Underpass_ahead_110_jpg.rf.5206b13a7f9380af17512ccef8fdf8ca.jpg,fog_moderate
train,Underpass_ahead_111_jpg.rf.1480d4a2980e930515917d0492118394.jpg,occlusion_severe
train,Underpass_ahead_112_jpg.rf.e5379222374fdee0ed4f567bde2b1c4c.jpg,low_light_severe
train,Underpass_ahead_113_jpg.rf.ab94ef09954ef46a3d704c7e7387d10d.jpg,clean
train,Underpass_ahead_114_jpg.rf.e09a33257e7383e7f1f0ddcbfa2a8198.jpg,clean
train,Underpass_ahead_116_jpg.rf.bd3b60a23c59a2936d8e5d78db866d69.jpg,small_distance_0.78|occlusion_mild
train,Underpass_ahead_117_jpg.rf.09ed8d601755476b4608a3ac4d432864.jpg,occlusion_mild
train,Underpass_ahead_119_jpg.rf.532b1812d4f3f5465f9c380eb938c965.jpg,glare_moderate
train,Underpass_ahead_120_jpg.rf.3bb21e25117ac331e51f9a49f9e37269.jpg,glare_mild
train,Underpass_ahead_121_jpg.rf.895d2098746c61d11492171cd99ff502.jpg,small_distance_0.76|blur_moderate
train,Underpass_ahead_122_jpg.rf.b99e3a72c2b5c8a2d640130b51205818.jpg,small_distance_0.55|blur_severe
train,Underpass_ahead_123_jpg.rf.20f0bf52718774bdf71669f37bcb7ac4.jpg,fog_moderate
train,Underpass_ahead_125_jpg.rf.beb7f3d220e5dc5637da47bebb05045b.jpg,clean
train,Underpass_ahead_126_jpg.rf.c046f2c348c2367966b387402e908a72.jpg,small_distance_0.82|blur_moderate
train,Underpass_ahead_133_jpg.rf.5855034f19d90fd40d68614aea680e6c.jpg,rain_mild
train,Underpass_ahead_134_jpg.rf.b53293363a4caaa839320e0084ed023a.jpg,blur_moderate
train,Underpass_ahead_136_jpg.rf.33c59d5beaf9c46eaa03eb6dbd673b2a.jpg,small_distance_0.77
train,Underpass_ahead_137_jpg.rf.7d667903a3f80d486965fde41b4dbc7d.jpg,small_distance_0.74|blur_severe
train,Underpass_ahead_138_jpg.rf.92da50640a94391b130b136d7517363f.jpg,rain_severe
train,Underpass_ahead_139_jpg.rf.c36bfed56908d26a12767d33b6454e78.jpg,small_distance_0.59|occlusion_mild
train,Underpass_ahead_13_jpg.rf.a5989415616bc97392713e03e0172a6b.jpg,rain_mild
train,Underpass_ahead_140_jpg.rf.3577437077f5a6bafa0364d4466c70cd.jpg,occlusion_mild
train,Underpass_ahead_141_jpg.rf.cf2455da2f3d1f99d5c10ebc45227251.jpg,fog_severe
train,Underpass_ahead_143_jpg.rf.47b762837948ce57cb33e140bc78ee36.jpg,rain_mild
train,Underpass_ahead_145_jpg.rf.0d49fb83d66e4ff3ce2458e3dce15bcb.jpg,clean
train,Underpass_ahead_147_jpg.rf.a7f8fc49261c6e3dfa4feacb7d0bff91.jpg,low_light_severe
train,Underpass_ahead_148_jpg.rf.becc9572c3924fa025c58995cfd182b9.jpg,glare_moderate
train,Underpass_ahead_149_jpg.rf.525224fb8d0f306c5aa8e9c490e29c2b.jpg,clean
train,Underpass_ahead_14_jpg.rf.22bfd110f25bbd6763068a1ac2c4bdde.jpg,fog_moderate
train,Underpass_ahead_150_jpg.rf.d3ff09bf7ed7eccb42cdb2adcb4575e5.jpg,rain_mild
train,Underpass_ahead_151_jpg.rf.4a9146a35726d397bacf69347fba88c1.jpg,small_distance_0.77
train,Underpass_ahead_152_jpg.rf.b3d042ad06700527bd3c854bd59aac3e.jpg,small_distance_0.64|low_light_mild
train,Underpass_ahead_153_jpg.rf.604d4076067613f34d5c35b9f740a4cc.jpg,small_distance_0.55|occlusion_severe
train,Underpass_ahead_155_jpg.rf.35c56f630cacd44be1d258b28f50f59b.jpg,fog_severe
train,Underpass_ahead_158_jpg.rf.dac8388ede5a77b2c140cfd37c50ff7c.jpg,small_distance_0.82
train,Underpass_ahead_15_jpg.rf.6d4cab6a6a797d75c2c5d9e797bdb7e1.jpg,glare_mild
train,Underpass_ahead_160_jpg.rf.341786ebfecd7dafa0930741cc67ebb8.jpg,occlusion_moderate
train,Underpass_ahead_162_jpg.rf.d27ad4a21ea1313f40b7397746b15de7.jpg,small_distance_0.70|fog_severe
train,Underpass_ahead_163_jpg.rf.285abea9f8306b1509440ee1d23e6773.jpg,glare_mild
train,Underpass_ahead_164_jpg.rf.fcae42d1185c59664c753ed2a6342337.jpg,clean
train,Underpass_ahead_165_jpg.rf.72c04977e8bb89a7b0e1476a12553908.jpg,small_distance_0.68|fog_moderate
train,Underpass_ahead_166_jpg.rf.8eb8d79d7e0edbe9210bf41bea8df0e2.jpg,glare_moderate
train,Underpass_ahead_168_jpg.rf.9cacee30723eac096669442f88664a98.jpg,small_distance_0.61
train,Underpass_ahead_16_jpg.rf.09647cb68875c91a1406ad8d8ba27df9.jpg,small_distance_0.70|fog_mild
train,Underpass_ahead_170_jpg.rf.4c471d29eb6b89de0e56d251371a29b4.jpg,rain_severe
train,Underpass_ahead_171_jpg.rf.92d4bc5abd7c40126d2f7f47ac2ebbf8.jpg,clean
train,Underpass_ahead_175_jpg.rf.0f011a7d629ca7df59a49dfdfcef2a10.jpg,clean
train,Underpass_ahead_177_jpg.rf.78a1a1ba81019857fa1c0818a8252ebd.jpg,small_distance_0.57|low_light_mild
train,Underpass_ahead_17_jpg.rf.f0c20decef4993288c85e0acda273861.jpg,fog_mild
train,Underpass_ahead_180_jpg.rf.5a59eed02a9b52566b5796a8147dd27b.jpg,small_distance_0.73|low_light_moderate
train,Underpass_ahead_182_jpg.rf.c1104d91eee8966beaab2b4c59ac0d3d.jpg,small_distance_0.66|occlusion_moderate
train,Underpass_ahead_18_jpg.rf.bc228c7297cf70e55402251a0bf569c3.jpg,small_distance_0.75|glare_severe
train,Underpass_ahead_1_jpg.rf.e180608eac53b1268dd853300c69ebda.jpg,small_distance_0.77|occlusion_mild
train,Underpass_ahead_21_jpg.rf.54888d32dbf5e2808af0030bed8566c4.jpg,clean
train,Underpass_ahead_22_jpg.rf.e71272984259837fbf55e6456bf0fb13.jpg,glare_severe
train,Underpass_ahead_23_jpg.rf.262f50384d3214fa8bb025cf75598efd.jpg,clean
train,Underpass_ahead_25_jpg.rf.5d3005a7c166db1635d1a280a17653f4.jpg,fog_moderate
train,Underpass_ahead_27_jpg.rf.4cd01511175fb4f7e002f33d2053f083.jpg,rain_moderate
train,Underpass_ahead_28_jpg.rf.995472abf8ca76f8ce061cafa223e948.jpg,occlusion_severe
train,Underpass_ahead_30_jpg.rf.23316be2359f87939859c2b35d603cac.jpg,blur_moderate
train,Underpass_ahead_31_jpg.rf.c646f3ca83502a8bac027c100ba7c2e6.jpg,rain_mild
train,Underpass_ahead_34_jpg.rf.e4518ace3f3e49cf12c66612bdfb527a.jpg,glare_severe
train,Underpass_ahead_35_jpg.rf.e388f0d0468b5e7b19d842d0df7a60a1.jpg,small_distance_0.63
train,Underpass_ahead_36_jpg.rf.ee7ba811993349d2cb799524955d4320.jpg,rain_mild
train,Underpass_ahead_37_jpg.rf.7cbbbabe02a9dcef374c0d8f5f86d6ab.jpg,small_distance_0.66|rain_mild
train,Underpass_ahead_39_jpg.rf.e86f23e0c332ac1ec81ea05fe5a3f178.jpg,occlusion_severe
train,Underpass_ahead_40_jpg.rf.4f3094d996db551e2fe86a916fc5a398.jpg,occlusion_mild
train,Underpass_ahead_41_jpg.rf.304a0adeefa333a860658587e9a43f5a.jpg,small_distance_0.85|fog_mild
train,Underpass_ahead_42_jpg.rf.3cbd5ac28a776c68520a8c53679d4670.jpg,small_distance_0.72|rain_mild
train,Underpass_ahead_44_jpg.rf.771ff9103f165bed068efe12afc6dcc4.jpg,clean
train,Underpass_ahead_46_jpg.rf.492918fb231396410e2b3ef116a76e3f.jpg,low_light_severe
train,Underpass_ahead_47_jpg.rf.ada0a2b541e69e4b8a2c9f02de0af5f3.jpg,glare_moderate
train,Underpass_ahead_48_jpg.rf.29fc0d1ecfaf5aad9411d036c339a422.jpg,occlusion_mild
train,Underpass_ahead_49_jpg.rf.55919671587efb86a4cae9e3b1d8464a.jpg,small_distance_0.71|rain_mild
train,Underpass_ahead_4_jpg.rf.33f78934c8f817b463ad0275867083a5.jpg,small_distance_0.76|blur_moderate
train,Underpass_ahead_50_jpg.rf.bb116fa7dee98a53cf623a034f28dcdc.jpg,glare_severe
train,Underpass_ahead_54_jpg.rf.c83785a9549b6e6f34eb63dcbc6d96d9.jpg,small_distance_0.78|fog_moderate
train,Underpass_ahead_56_jpg.rf.b27ff728ede1132962bf0ecd6e1d5e5e.jpg,small_distance_0.84|blur_severe
train,Underpass_ahead_57_jpg.rf.80d04e73f6a400e27bfb6a8f88ad2514.jpg,low_light_mild
train,Underpass_ahead_58_jpg.rf.f5a32aa8b593669bb95e7440e40913cd.jpg,fog_mild
train,Underpass_ahead_59_jpg.rf.c9f59141eed364535e7e70788eec9abc.jpg,small_distance_0.63|glare_mild
train,Underpass_ahead_60_jpg.rf.d8ae455ac6e07fb461fa94dfb8783c19.jpg,glare_severe
train,Underpass_ahead_63_jpg.rf.648c91d166dafade6f3ce835acc57bbf.jpg,rain_severe
train,Underpass_ahead_66_jpg.rf.2134097d487e06561efb6be92266ab73.jpg,blur_severe
train,Underpass_ahead_67_jpg.rf.9427c10bc0ceb8095f7a63c922e5ae1a.jpg,clean
train,Underpass_ahead_68_jpg.rf.fdbee33febd352dda4d4c5c95e753177.jpg,rain_mild
train,Underpass_ahead_69_jpg.rf.3689f414b0447e3bd67cbcb56a692bb9.jpg,occlusion_severe
train,Underpass_ahead_73_jpg.rf.7d724593a901bbf5d7923aadf36e2558.jpg,clean
train,Underpass_ahead_75_jpg.rf.d34aaf25cdae6fb261390026b014c50b.jpg,rain_mild
train,Underpass_ahead_77_jpg.rf.5e076ad6b7a55e7dcb17c0f0cd6f33ca.jpg,occlusion_severe
train,Underpass_ahead_78_jpg.rf.2bfa427cf50cf081776018a03eb855bb.jpg,glare_moderate
train,Underpass_ahead_80_jpg.rf.43d2839ceabebdc5b8149470d572d067.jpg,blur_moderate
train,Underpass_ahead_81_jpg.rf.55cdfeab33f492a350b711fdb44397ef.jpg,small_distance_0.72|glare_mild
train,Underpass_ahead_83_jpg.rf.11232f85f06346e64ffb8eb9e9ec1a56.jpg,small_distance_0.64|fog_mild
train,Underpass_ahead_84_jpg.rf.92d0d389285f5f02ccb8ed8b15f0e2d2.jpg,blur_severe
train,Underpass_ahead_85_jpg.rf.2a7ea58c7ea8b99afd7c6bdbefbad852.jpg,occlusion_mild
train,Underpass_ahead_86_jpg.rf.98d8ec4d180233538e2f435e2a649bab.jpg,small_distance_0.70|occlusion_moderate
train,Underpass_ahead_87_jpg.rf.989810530f74da39797fbb2f35efbb19.jpg,clean
train,Underpass_ahead_88_jpg.rf.c73e97803927482bf7d97eade8c517ea.jpg,glare_mild
train,Underpass_ahead_89_jpg.rf.038335eb073f426af3f18e97d3e0b505.jpg,clean
train,Underpass_ahead_90_jpg.rf.b8e5891934fcc4a165d0b76a101800d6.jpg,rain_mild
train,Underpass_ahead_91_jpg.rf.9313f637041013457382829e1c762753.jpg,glare_mild
train,Underpass_ahead_93_jpg.rf.141eea9f0caa3b0f804c92297da000bb.jpg,fog_severe
train,Underpass_ahead_94_jpg.rf.8038accf119398ec6fc5f9174da4d9c8.jpg,clean
train,Underpass_ahead_98_jpg.rf.e1bf5f89abd6ebfa29ea48d46db48f4c.jpg,clean
train,Underpass_ahead_99_jpg.rf.e581d2f55a9970c39aee52a78e6be311.jpg,small_distance_0.67|low_light_moderate
train,Underpass_ahead_9_jpg.rf.d8beb11bfe05c6f9356c66fa85272aa1.jpg,small_distance_0.73|rain_mild
train,Weight_limit_10t_0_jpg.rf.047c25cdbb49b721d548a9249cdfdef9.jpg,low_light_severe
train,Weight_limit_10t_100_jpg.rf.fd926891aaec2b6c64ec392ba22598c5.jpg,occlusion_severe
train,Weight_limit_10t_101_jpg.rf.09609d8392fc6ea8bb26f927c01451b9.jpg,low_light_mild
train,Weight_limit_10t_102_jpg.rf.208186bf709053a762a779b5a9997393.jpg,small_distance_0.82|blur_severe
train,Weight_limit_10t_103_jpg.rf.bba2f6a6e058c3ffb072bb63073e739b.jpg,clean
train,Weight_limit_10t_105_jpg.rf.73f991de14de4ca73a1272f83858482d.jpg,fog_severe
train,Weight_limit_10t_106_jpg.rf.fbeb27f5861a1a0ca29f2c60f8cba0c3.jpg,rain_moderate
train,Weight_limit_10t_107_jpg.rf.8c4c2bc9d5bef39b37f00bcbe892ab7f.jpg,rain_mild
train,Weight_limit_10t_109_jpg.rf.d7abcbce2ec592b95699ba80963e815e.jpg,small_distance_0.62|glare_mild
train,Weight_limit_10t_110_jpg.rf.e4ffe06a604e9f8de03070b924c82219.jpg,small_distance_0.60|occlusion_severe
train,Weight_limit_10t_111_jpg.rf.0c66183ff8c40ff334b067bcfc19ac88.jpg,blur_moderate
train,Weight_limit_10t_114_jpg.rf.9a8049206a0a4a16fb1465356903dbca.jpg,fog_mild
train,Weight_limit_10t_115_jpg.rf.5bdbb05ac4c1221d00ee12376ba79a27.jpg,small_distance_0.55|occlusion_moderate
train,Weight_limit_10t_116_jpg.rf.7994176242883952e00a3eab1c88e1b3.jpg,rain_mild
train,Weight_limit_10t_117_jpg.rf.9c08b1ac2e5f9af35dbdff8382d04572.jpg,clean
train,Weight_limit_10t_119_jpg.rf.1bd806747a4dcaabb4cd7e1ffe38be9e.jpg,fog_moderate
train,Weight_limit_10t_120_jpg.rf.173e4dcbbc7d4ea5cccb3b179d464606.jpg,small_distance_0.80
train,Weight_limit_10t_121_jpg.rf.10f5efb34b49545cbf41c08904c0a2ec.jpg,small_distance_0.67|low_light_severe
train,Weight_limit_10t_125_jpg.rf.ce4ba4888332295057b77541d6eebaf1.jpg,clean
train,Weight_limit_10t_126_jpg.rf.79611d83b31f07bfc7141f8cdbe7e329.jpg,rain_mild
train,Weight_limit_10t_127_jpg.rf.ef2e914a81ff813f3a36ebb32ac57559.jpg,occlusion_moderate
train,Weight_limit_10t_129_jpg.rf.2b9552599649176b8ebea270ecd1cf88.jpg,small_distance_0.75
train,Weight_limit_10t_12_jpg.rf.d4133aeb7dc0e46891e7af4a52cc0dfa.jpg,small_distance_0.67|occlusion_mild
train,Weight_limit_10t_130_jpg.rf.b6885439bdfdc3def7412ca67004af1a.jpg,occlusion_moderate
train,Weight_limit_10t_131_jpg.rf.cffd8fae0da497c962243e21459c9b40.jpg,fog_moderate
train,Weight_limit_10t_132_jpg.rf.2306e38798c48762732ac101c33f0fd2.jpg,low_light_moderate
train,Weight_limit_10t_134_jpg.rf.27d06e6bb9f189a10c470ef67e0f08f4.jpg,clean
train,Weight_limit_10t_135_jpg.rf.e83d0fb2bb823582f3a71aecba638870.jpg,small_distance_0.68|fog_severe
train,Weight_limit_10t_136_jpg.rf.094a1665ea1e049679f79be0dd9669de.jpg,occlusion_severe
train,Weight_limit_10t_137_jpg.rf.ce6c7dc097fcf6735894d52111dc9900.jpg,small_distance_0.55|glare_mild
train,Weight_limit_10t_138_jpg.rf.56739bb905b79f6d2f9dd37ad4cdac91.jpg,small_distance_0.79|low_light_mild
train,Weight_limit_10t_139_jpg.rf.1b28fa704f0eaa9b54f65d84ba972f5d.jpg,blur_moderate
train,Weight_limit_10t_13_jpg.rf.fbad6aa3d6d8dcb723aa3b7843603da8.jpg,glare_moderate
train,Weight_limit_10t_140_jpg.rf.ac74499f2fcccafa2cf7ba737dbf7329.jpg,glare_severe
train,Weight_limit_10t_144_jpg.rf.7ec51e8e5b6d832b6984089675c77e60.jpg,clean
train,Weight_limit_10t_146_jpg.rf.1e1830e11ad52f550eaf36bb971f6d8a.jpg,small_distance_0.75|glare_moderate
train,Weight_limit_10t_147_jpg.rf.10fe2817b6f8a7d5936115ced1d3cbf3.jpg,small_distance_0.78
train,Weight_limit_10t_149_jpg.rf.11bcd224019e0a1fd669a7296cbf6bea.jpg,clean
train,Weight_limit_10t_150_jpg.rf.577228d6cb23c96df6d93435b8e51612.jpg,small_distance_0.69|blur_mild
train,Weight_limit_10t_151_jpg.rf.94e704457636fd40cb7825f47313a1a9.jpg,low_light_moderate
train,Weight_limit_10t_152_jpg.rf.db1dcb8351e869bee5a6b265cbbf9b6e.jpg,clean
train,Weight_limit_10t_153_jpg.rf.389e0d589953c794d7621982f04eaf61.jpg,small_distance_0.57|glare_moderate
train,Weight_limit_10t_154_jpg.rf.06ca189bcdd91c89712243e059cab3b6.jpg,small_distance_0.58|fog_moderate
train,Weight_limit_10t_155_jpg.rf.8a0b6f68479e6d6d8d77be4c986fb776.jpg,small_distance_0.78|glare_moderate
train,Weight_limit_10t_156_jpg.rf.4ce95b157cad53bcaae0540b564d79f7.jpg,small_distance_0.79
train,Weight_limit_10t_158_jpg.rf.d45f0627cf7c8bcc76ce41019d04c622.jpg,small_distance_0.67|glare_mild
train,Weight_limit_10t_15_jpg.rf.d70d232b896f02ba19b98e5c8dbce27e.jpg,fog_moderate
train,Weight_limit_10t_160_jpg.rf.05a95ae67be474e57e3812b3d344e419.jpg,glare_mild
train,Weight_limit_10t_162_jpg.rf.b8fe211edb2b94f4184a545cff228cba.jpg,blur_severe
train,Weight_limit_10t_164_jpg.rf.75a630424dff6f59d3376babe04f89ad.jpg,small_distance_0.83|rain_severe
train,Weight_limit_10t_165_jpg.rf.e1e6f74fd3d8e01caf0fa82f97315d22.jpg,blur_severe
train,Weight_limit_10t_166_jpg.rf.715316aacdbe84d2070aa0df4a53119e.jpg,small_distance_0.56|low_light_mild
train,Weight_limit_10t_168_jpg.rf.38e7cabc732c15e2d986b5f920283e4e.jpg,small_distance_0.73
train,Weight_limit_10t_169_jpg.rf.e40f9c859db1d70fd310598923fa0d73.jpg,occlusion_severe
train,Weight_limit_10t_16_jpg.rf.ca0bff07bffbcd0b9045e9b68345df0d.jpg,small_distance_0.78|low_light_moderate
train,Weight_limit_10t_172_jpg.rf.c5f0c327ab1fd0acbc4175d0a0c7a80c.jpg,clean
train,Weight_limit_10t_173_jpg.rf.c9eed3cd32995ba59b39a52d6ba5343a.jpg,clean
train,Weight_limit_10t_174_jpg.rf.ea8ef9af2d35362e09b15a4e05c0e2b2.jpg,fog_moderate
train,Weight_limit_10t_175_jpg.rf.7b2fcc8461523cc8e72e3334b4ab8a63.jpg,blur_mild
train,Weight_limit_10t_176_jpg.rf.ae08c9cf072bc90664db8de734852aed.jpg,low_light_mild
train,Weight_limit_10t_179_jpg.rf.4c1105eba3f635c8dd7989bc7dda9f39.jpg,small_distance_0.82|fog_moderate
train,Weight_limit_10t_17_jpg.rf.dab9d94df940e8bd83801ba71bcc0a2d.jpg,low_light_mild
train,Weight_limit_10t_181_jpg.rf.cea5a64134a7dcbf101dcba4899b6242.jpg,occlusion_mild
train,Weight_limit_10t_183_jpg.rf.28cf498f0e74c5ed408b2b9348e9c613.jpg,fog_severe
train,Weight_limit_10t_184_jpg.rf.34cc493623b8e975c3a2d0b19ecbb38c.jpg,clean
train,Weight_limit_10t_185_jpg.rf.be2f7121476a16d19441d7c7d1158515.jpg,small_distance_0.75|rain_severe
train,Weight_limit_10t_186_jpg.rf.e6752f58b76dd339a1130bf7a983f08b.jpg,occlusion_mild
train,Weight_limit_10t_187_jpg.rf.f1d17eebe7cac4f0a596b4919c04bf4f.jpg,clean
train,Weight_limit_10t_188_jpg.rf.c8c11f1239ccb2bf2a4a5318febe7756.jpg,rain_moderate
train,Weight_limit_10t_18_jpg.rf.163a39727b198777f2cb6c5bf11ba278.jpg,blur_moderate
train,Weight_limit_10t_190_jpg.rf.3c0def9ba08a33dc12635036e8ace951.jpg,small_distance_0.64|blur_severe
train,Weight_limit_10t_191_jpg.rf.169ad612d4ed304b178cb1e702e7fd14.jpg,glare_moderate
train,Weight_limit_10t_193_jpg.rf.a72a469c64608e62d050fc32752e5a83.jpg,low_light_moderate
train,Weight_limit_10t_195_jpg.rf.52e86fce8a8e60a098ea1f6f9da2b043.jpg,fog_mild
train,Weight_limit_10t_196_jpg.rf.afd1915bcf1361bf39822eb0dee6b1e9.jpg,fog_severe
train,Weight_limit_10t_197_jpg.rf.3b26dbc9035a007f812648012bb9c10e.jpg,blur_severe
train,Weight_limit_10t_198_jpg.rf.8a44180798f9589370c3aab015e1669b.jpg,low_light_moderate
train,Weight_limit_10t_19_jpg.rf.6ad6af04da36095c7472d395eb2caa1d.jpg,glare_severe
train,Weight_limit_10t_1_jpg.rf.f963b41fc25cce3979de6b9621209611.jpg,clean
train,Weight_limit_10t_202_jpg.rf.ef487a80780c208f6a3718a9fee60ea1.jpg,small_distance_0.68|rain_mild
train,Weight_limit_10t_206_jpg.rf.0362d73b7c6f24430d8a3549a4570dae.jpg,occlusion_severe
train,Weight_limit_10t_208_jpg.rf.9fa7895aa62316bf249689260f76c13c.jpg,occlusion_severe
train,Weight_limit_10t_20_jpg.rf.e3d02d032954bb3e710444e9bdcc1da0.jpg,glare_moderate
train,Weight_limit_10t_212_jpg.rf.3b45d298a78c4ed2bd56e41341b45f11.jpg,small_distance_0.70|glare_mild
train,Weight_limit_10t_213_jpg.rf.8afaddb528df5936ba35c59f0c099008.jpg,rain_severe
train,Weight_limit_10t_214_jpg.rf.b4fc379b23217f92da58be5011f58ae9.jpg,small_distance_0.84
train,Weight_limit_10t_217_jpg.rf.01e91e0fdb2c0b9eeff0217b142ab129.jpg,small_distance_0.58
train,Weight_limit_10t_218_jpg.rf.d4ae97b5efa5d189089d5664eb6e57d8.jpg,clean
train,Weight_limit_10t_220_jpg.rf.368bb5c0a38df0b328102b2bb3f277ef.jpg,small_distance_0.71|rain_moderate
train,Weight_limit_10t_221_jpg.rf.82fe2f238d757667c75275b7a6dc1784.jpg,clean
train,Weight_limit_10t_222_jpg.rf.7fd52ac5a6dc67cc008d9852a595b3b5.jpg,low_light_severe
train,Weight_limit_10t_223_jpg.rf.aa1ad6f6dc6a324119f94cd311650adb.jpg,clean
train,Weight_limit_10t_224_jpg.rf.eeb129b2beb393510892af4bea048e58.jpg,glare_severe
train,Weight_limit_10t_225_jpg.rf.76079042a735e7c49dc8f1df0b6b51d5.jpg,small_distance_0.75|low_light_severe
train,Weight_limit_10t_226_jpg.rf.d2efcafac42f61e0e6ff150b85fbc582.jpg,rain_mild
train,Weight_limit_10t_227_jpg.rf.61763a477f3eb3308722ece90a7daa4a.jpg,small_distance_0.75|blur_severe
train,Weight_limit_10t_228_jpg.rf.3fabb383edde9d88cb36c4dc26cf6f9d.jpg,clean
train,Weight_limit_10t_229_jpg.rf.f27f9769f8e9d81dc1ca34c31c76ba3e.jpg,clean
train,Weight_limit_10t_22_jpg.rf.1c7dc64fe55ff71710b9de27c5d47baf.jpg,occlusion_severe
train,Weight_limit_10t_230_jpg.rf.bbb6a5760a937db7d1a31f26b511db10.jpg,low_light_moderate
train,Weight_limit_10t_231_jpg.rf.a81b9de77eee9dddc911e49ea1f87889.jpg,clean
train,Weight_limit_10t_232_jpg.rf.aaa1dedfec0c968803b2a9be438a7f23.jpg,blur_severe
train,Weight_limit_10t_234_jpg.rf.93000232305849a3a7cd95d4e1670e36.jpg,fog_moderate
train,Weight_limit_10t_235_jpg.rf.08faa859bb637605cb4db0275361151e.jpg,small_distance_0.71
train,Weight_limit_10t_236_jpg.rf.0c888cbce7091f6fc26cff38d1537ee1.jpg,low_light_severe
train,Weight_limit_10t_238_jpg.rf.15154aa863a1c8ff20d48d31ff2635b0.jpg,small_distance_0.69|low_light_mild
train,Weight_limit_10t_23_jpg.rf.5ff9adf9064dcf9c3e05db9732f70c89.jpg,glare_severe
train,Weight_limit_10t_241_jpg.rf.fe5b2931d6f5bd895d4d7e4a88213786.jpg,small_distance_0.72|low_light_severe
train,Weight_limit_10t_243_jpg.rf.d02c1b25ed61dfa3f36406a0a7f08ed3.jpg,low_light_mild
train,Weight_limit_10t_244_jpg.rf.8f73cf5012bd2410215a657a4dc317f8.jpg,glare_moderate
train,Weight_limit_10t_245_jpg.rf.6535eaa196ab1fadab20248b2776e9ac.jpg,small_distance_0.56|blur_severe
train,Weight_limit_10t_246_jpg.rf.5ddf12f3bc667ffae5a0e90d78b51359.jpg,rain_severe
train,Weight_limit_10t_247_jpg.rf.f057ba4b61ce4243517bd2b2444c0735.jpg,blur_severe
train,Weight_limit_10t_249_jpg.rf.c8e747e0b65fbb24eab91ff587884073.jpg,occlusion_moderate
train,Weight_limit_10t_24_jpg.rf.249327693ab7646f7a149eddd6a84465.jpg,low_light_mild
train,Weight_limit_10t_250_jpg.rf.1b5d16a4a62f3a0c798b55ec3225ed62.jpg,small_distance_0.72
train,Weight_limit_10t_252_jpg.rf.f23a7906d7fcfdf0a556cf75722c3682.jpg,occlusion_mild
train,Weight_limit_10t_253_jpg.rf.7ff00ef04d9ef5f2f163bf3933967b0c.jpg,blur_severe
train,Weight_limit_10t_255_jpg.rf.a86573b1d2b954e258cca918aa3b6f25.jpg,glare_moderate
train,Weight_limit_10t_257_jpg.rf.1bd3b46d045cc1b3871e4692ae83cb96.jpg,clean
train,Weight_limit_10t_258_jpg.rf.64deca2cad4c8398f5b82a699c42cbcd.jpg,clean
train,Weight_limit_10t_259_jpg.rf.9597129708c904d9b3cf804e44238d19.jpg,small_distance_0.73|rain_severe
train,Weight_limit_10t_25_jpg.rf.80867be23b32c0036d37c0b2042442c9.jpg,low_light_mild
train,Weight_limit_10t_260_jpg.rf.796bd4535335f3a2ccabb0f31d541875.jpg,small_distance_0.82|glare_severe
train,Weight_limit_10t_261_jpg.rf.d4dbd72fce9813ade0e323ce8ceb376b.jpg,small_distance_0.82
train,Weight_limit_10t_262_jpg.rf.a17a656114a6cf0d43d283943366a3b8.jpg,small_distance_0.64|fog_moderate
train,Weight_limit_10t_264_jpg.rf.1d1c0dd87e6204d870dda4682e2cbc4a.jpg,low_light_severe
train,Weight_limit_10t_265_jpg.rf.40c420ddbda928c23379e82ba2541cea.jpg,clean
train,Weight_limit_10t_270_jpg.rf.f1e0eafec03ee61b8c90558d239261cb.jpg,small_distance_0.66|glare_moderate
train,Weight_limit_10t_272_jpg.rf.aad94489f5c4690624a70b6f297464fe.jpg,small_distance_0.58|occlusion_mild
train,Weight_limit_10t_274_jpg.rf.5052cd98a21a770c89cb80870e64beb8.jpg,small_distance_0.65|occlusion_moderate
train,Weight_limit_10t_275_jpg.rf.d655719dcc18711dfb4f68fe1c0f9750.jpg,clean
train,Weight_limit_10t_278_jpg.rf.4927d36ffe1cac4777b762a73c27807d.jpg,low_light_moderate
train,Weight_limit_10t_279_jpg.rf.e1bf5797aecfa8366c2cc20e7e2c8fbc.jpg,occlusion_mild
train,Weight_limit_10t_280_jpg.rf.51e06a9e6967ece08a20643a81b57c0b.jpg,fog_moderate
train,Weight_limit_10t_281_jpg.rf.2f5ab80007b3aee35c34b2012020324a.jpg,small_distance_0.66|rain_mild
train,Weight_limit_10t_283_jpg.rf.bef7b6955be3bd2434115a73fda2c34e.jpg,fog_moderate
train,Weight_limit_10t_284_jpg.rf.4860c53a4482528aea2ac5a7330b2eb9.jpg,occlusion_mild
train,Weight_limit_10t_286_jpg.rf.7ebfe73cff10523470aec519bbd7eb57.jpg,clean
train,Weight_limit_10t_288_jpg.rf.b4fd3184ee1b4bea1e468cd514b49cf5.jpg,clean
train,Weight_limit_10t_28_jpg.rf.d9be63e1d8d16d8f134cedb676df3f32.jpg,low_light_moderate
train,Weight_limit_10t_290_jpg.rf.2974e61bc65bd16e04f14d8f7fc8dce7.jpg,small_distance_0.74|low_light_severe
train,Weight_limit_10t_291_jpg.rf.e6ce8a4616d60c486a8cf8379a81bf96.jpg,small_distance_0.56|glare_severe
train,Weight_limit_10t_293_jpg.rf.13114c55a0bff145bb901a417aace1a2.jpg,rain_mild
train,Weight_limit_10t_294_jpg.rf.aa89c3615701e64c290f669abd7ac48f.jpg,occlusion_moderate
train,Weight_limit_10t_296_jpg.rf.3993c60df50672052a9080c9b3251188.jpg,fog_moderate
train,Weight_limit_10t_300_jpg.rf.5f78e5dfb3086ef01310b423e2756294.jpg,fog_mild
train,Weight_limit_10t_301_jpg.rf.52556b4733b70656588788af39c19a40.jpg,clean
train,Weight_limit_10t_302_jpg.rf.7bba9f56721984e01c6f98d7ecc1aef0.jpg,glare_moderate
train,Weight_limit_10t_303_jpg.rf.3fa63a347389ed5a7485a8640ead5543.jpg,rain_mild
train,Weight_limit_10t_304_jpg.rf.3bf868fbcf5d79ac3e4707eb5620898d.jpg,glare_severe
train,Weight_limit_10t_307_jpg.rf.8fab3e352d7bf5dad3689cc9b026141f.jpg,clean
train,Weight_limit_10t_311_jpg.rf.f3c80601d7212bb2cb204b864eb02153.jpg,clean
train,Weight_limit_10t_312_jpg.rf.9b536f36b195c5202c7456e6dce4530d.jpg,rain_severe
train,Weight_limit_10t_313_jpg.rf.ceb1641018bf3ee0c49b480be4212f9c.jpg,occlusion_moderate
train,Weight_limit_10t_314_jpg.rf.f1250c9438db34ba6d2f5778157ccfc3.jpg,small_distance_0.70
train,Weight_limit_10t_315_jpg.rf.8d4491b26ac638cea3f200a0755d079f.jpg,blur_mild
train,Weight_limit_10t_318_jpg.rf.878d1647a803478c2c189d464d4317a2.jpg,low_light_moderate
train,Weight_limit_10t_31_jpg.rf.09acc5f45253bc0f3a65ddc5c1a1ff03.jpg,occlusion_mild
train,Weight_limit_10t_320_jpg.rf.34a0cd004eaefbb8e805d1d1c79c5c00.jpg,rain_moderate
train,Weight_limit_10t_321_jpg.rf.31a21ff430cded9125017ae727c539e6.jpg,small_distance_0.81|blur_severe
train,Weight_limit_10t_323_jpg.rf.1bb8351a0d11f1e3fc2b493b2ce6f305.jpg,small_distance_0.77|low_light_moderate
train,Weight_limit_10t_324_jpg.rf.cd5875095b9610adcc0e6ed5a8a51ada.jpg,glare_mild
train,Weight_limit_10t_325_jpg.rf.19418f04f556b225df7652f33595d5a8.jpg,small_distance_0.79
train,Weight_limit_10t_328_jpg.rf.edb1f8a071bf1c93c7e9b1195a5389e9.jpg,occlusion_mild
train,Weight_limit_10t_329_jpg.rf.b340bcf5b6afca07390f35dfc6f46442.jpg,small_distance_0.74|fog_severe
train,Weight_limit_10t_330_jpg.rf.239f975a06149ca148f4932dbddc3f12.jpg,small_distance_0.74|low_light_mild
train,Weight_limit_10t_331_jpg.rf.468de9d99d7f68475108b6d478285f1e.jpg,fog_mild
train,Weight_limit_10t_332_jpg.rf.b0511a5b3ef5d3f32d5ce0fc6087f4a7.jpg,clean
train,Weight_limit_10t_334_jpg.rf.97ed76142694646ab57e281eb71d138f.jpg,small_distance_0.75|low_light_mild
train,Weight_limit_10t_337_jpg.rf.b67786155176121de48f8cd9087ab397.jpg,clean
train,Weight_limit_10t_33_jpg.rf.e7f7a4f550fb5f1b66da0e6c818f96ce.jpg,fog_moderate
train,Weight_limit_10t_340_jpg.rf.a007fa980909f70e452f131ca54619f4.jpg,blur_severe
train,Weight_limit_10t_341_jpg.rf.ec3359ab9fdee40a00591ec65a23ecff.jpg,clean
train,Weight_limit_10t_342_jpg.rf.40f430b5799802c3f9f2e0cee652d1f2.jpg,small_distance_0.70|blur_severe
train,Weight_limit_10t_343_jpg.rf.b0d5861face4b24dfb6136fcc056accf.jpg,occlusion_mild
train,Weight_limit_10t_346_jpg.rf.4277a017d04e830345b96990c61ba257.jpg,occlusion_mild
train,Weight_limit_10t_348_jpg.rf.332d50e9178e347c3288e9a87118fc41.jpg,clean
train,Weight_limit_10t_349_jpg.rf.078d20c4411830c48a2a8cb43a8899a0.jpg,small_distance_0.60
train,Weight_limit_10t_34_jpg.rf.760271db97060a061e8b412f12e1ebdb.jpg,clean
train,Weight_limit_10t_350_jpg.rf.30ca084dad5d9f713cad02f377689ca3.jpg,occlusion_severe
train,Weight_limit_10t_351_jpg.rf.09423043dc7feede2edb83a297577696.jpg,clean
train,Weight_limit_10t_353_jpg.rf.c8c8d2f1c969bafaf76e3cbe761c818e.jpg,small_distance_0.82|glare_moderate
train,Weight_limit_10t_354_jpg.rf.b2f5ec7dd93e84c2df5255004aed92f9.jpg,small_distance_0.77
train,Weight_limit_10t_355_jpg.rf.78ac8c9876a25f6b11e0c1b93380f6c0.jpg,clean
train,Weight_limit_10t_359_jpg.rf.e6567141c7caa78ce6273ef87df9bf61.jpg,small_distance_0.85|rain_moderate
train,Weight_limit_10t_35_jpg.rf.cee56842553f427a0d3f368add84c58d.jpg,small_distance_0.84|rain_mild
train,Weight_limit_10t_360_jpg.rf.00de44754b6b1ef1cf2aa0c3dc492314.jpg,clean
train,Weight_limit_10t_361_jpg.rf.a42646f32d83078c602e3818c273961d.jpg,small_distance_0.73|rain_severe
train,Weight_limit_10t_363_jpg.rf.0d7b85f56abfd1d59bc635a928e326dd.jpg,rain_moderate
train,Weight_limit_10t_365_jpg.rf.f818d978c32b85b73d1eef2b961859bf.jpg,blur_mild
train,Weight_limit_10t_366_jpg.rf.501ae20fdd21c38f1798c086c32f236d.jpg,blur_moderate
train,Weight_limit_10t_367_jpg.rf.1bbff22e6cbacfa9275496f5bcff44ec.jpg,small_distance_0.64
train,Weight_limit_10t_369_jpg.rf.ca51c8ed39bd65f2f0c8fa0b60f7a2e4.jpg,small_distance_0.64|rain_mild
train,Weight_limit_10t_370_jpg.rf.bd230174752b03b5be9f1388f3ed006f.jpg,glare_moderate
train,Weight_limit_10t_371_jpg.rf.b7479a2d7e17d89fe2ddca5f726d0110.jpg,clean
train,Weight_limit_10t_373_jpg.rf.64dbf6dffb97e61e8105efb1115ba148.jpg,glare_mild
train,Weight_limit_10t_376_jpg.rf.efb748550a45e9b321a859c28eb06786.jpg,small_distance_0.67|rain_moderate
train,Weight_limit_10t_377_jpg.rf.ef61a40a3c19910c42c9ea57659d98c8.jpg,small_distance_0.72
train,Weight_limit_10t_378_jpg.rf.28fbfa8cbf60f8ada7d7dcc83790b52c.jpg,clean
train,Weight_limit_10t_379_jpg.rf.5ecb96aeeab96f9434b7beae0f03e2b1.jpg,fog_moderate
train,Weight_limit_10t_380_jpg.rf.be17c2a4973017c032980e914d466615.jpg,rain_moderate
train,Weight_limit_10t_381_jpg.rf.302a43e2db3d38fc6b8e08c406db34a4.jpg,fog_mild
train,Weight_limit_10t_382_jpg.rf.12feb90f907b8803c29a42a58ad47723.jpg,small_distance_0.56|low_light_moderate
train,Weight_limit_10t_383_jpg.rf.65b3f723aab2934776512e45b0dd61ce.jpg,small_distance_0.60
train,Weight_limit_10t_384_jpg.rf.1fd236a44d266ae1e743df887d090180.jpg,small_distance_0.77
train,Weight_limit_10t_385_jpg.rf.65cbda337d42ae0afba1754241457b40.jpg,clean
train,Weight_limit_10t_386_jpg.rf.4dcbd88bb5e7496060282ea94e1b5481.jpg,small_distance_0.64|low_light_moderate
train,Weight_limit_10t_388_jpg.rf.c485edee52778e6927ecf99f541a8063.jpg,low_light_mild
train,Weight_limit_10t_38_jpg.rf.c805f63297456d04bfaa2ffff1ecda1e.jpg,rain_mild
train,Weight_limit_10t_391_jpg.rf.5dbe78673c7891c6c0f7a601e98c9881.jpg,small_distance_0.83|occlusion_severe
train,Weight_limit_10t_393_jpg.rf.993df37f8b58df5fba4db4417df4e269.jpg,glare_moderate
train,Weight_limit_10t_394_jpg.rf.2e26de5d23623b3db3bc059081c24eb1.jpg,fog_mild
train,Weight_limit_10t_395_jpg.rf.e133f59060807e1f21584e3c33b534d4.jpg,small_distance_0.76|low_light_severe
train,Weight_limit_10t_396_jpg.rf.f58af5dfa1f86007f9fb682468ac94ec.jpg,clean
train,Weight_limit_10t_398_jpg.rf.c88aabe515c3cbf226464ae60a81add0.jpg,small_distance_0.59|fog_mild
train,Weight_limit_10t_39_jpg.rf.8dcae28eb130fe3f1bd1df178163f4d3.jpg,glare_moderate
train,Weight_limit_10t_400_jpg.rf.7add6ca802f5efd9e576515299259ffe.jpg,low_light_mild
train,Weight_limit_10t_401_jpg.rf.199097ad679c2e74954c48edeb7c059e.jpg,small_distance_0.71|blur_mild
train,Weight_limit_10t_402_jpg.rf.7b1b92d59d113cb32a67658c3a387d1b.jpg,small_distance_0.76|rain_mild
train,Weight_limit_10t_403_jpg.rf.4a54072d9c88e28aa6235c0457a9fda5.jpg,small_distance_0.72|blur_moderate
train,Weight_limit_10t_406_jpg.rf.f6993d216fa27c40c2c9f0aa11f21835.jpg,small_distance_0.69|occlusion_mild
train,Weight_limit_10t_407_jpg.rf.ccfa0dc2274b5a5ee4344973da48bad3.jpg,low_light_mild
train,Weight_limit_10t_409_jpg.rf.0d4c12056d0f3b9b177489c39f4e620c.jpg,low_light_severe
train,Weight_limit_10t_40_jpg.rf.9d1aae1e8aa9e8f11843d54980bc5b49.jpg,glare_moderate
train,Weight_limit_10t_411_jpg.rf.c16fd3e234a6ac783ee0fef21994948f.jpg,small_distance_0.78
train,Weight_limit_10t_413_jpg.rf.665b8e9745e27b9e6274638c67085bb9.jpg,blur_mild
train,Weight_limit_10t_415_jpg.rf.f1dfb68615d4c548a267a5b115067e1a.jpg,clean
train,Weight_limit_10t_416_jpg.rf.ca9279142819c06c4a66e13eaae80365.jpg,occlusion_mild
train,Weight_limit_10t_417_jpg.rf.551b1cd222b7becc72a5c80c591619dc.jpg,occlusion_severe
train,Weight_limit_10t_418_jpg.rf.9f86a7470e96bb047eac711e9acf83de.jpg,small_distance_0.67|rain_mild
train,Weight_limit_10t_419_jpg.rf.4a9e75d6035a5be47b1e29e14b592f53.jpg,small_distance_0.70
train,Weight_limit_10t_41_jpg.rf.290a00107e3be7af1538e3d1191f38ae.jpg,fog_severe
train,Weight_limit_10t_420_jpg.rf.3a6ec5181be6da1b0ea8c55da2a0b235.jpg,small_distance_0.65
train,Weight_limit_10t_421_jpg.rf.4ac77ece98e221d9d84c8c09340d8f01.jpg,small_distance_0.77|rain_mild
train,Weight_limit_10t_422_jpg.rf.f51b8fa6e4df5331b893ccdb6e224afb.jpg,blur_moderate
train,Weight_limit_10t_423_jpg.rf.177a4ee2f7a87e9f2936b50116650812.jpg,small_distance_0.65|rain_mild
train,Weight_limit_10t_424_jpg.rf.5fd9958d42c2f2d740e43f8e92608a0b.jpg,small_distance_0.81|rain_mild
train,Weight_limit_10t_426_jpg.rf.a5b5af6207e133dcbfe91a35766ed1d0.jpg,rain_mild
train,Weight_limit_10t_427_jpg.rf.946bdd90f34f370a678b1f3d97d93ec8.jpg,blur_moderate
train,Weight_limit_10t_429_jpg.rf.3b61034ea28f1a05db929c3d0de5f994.jpg,small_distance_0.84|occlusion_mild
train,Weight_limit_10t_42_jpg.rf.56d12eea0a18590b93ffb8f438250c86.jpg,small_distance_0.66|blur_severe
train,Weight_limit_10t_430_jpg.rf.bf85ddcc5a35f9c2ff728519bb8dfb29.jpg,clean
train,Weight_limit_10t_431_jpg.rf.754c8f82a328b4e497e887939dec99f3.jpg,rain_moderate
train,Weight_limit_10t_433_jpg.rf.af68e2bbd760b78b36266d3f2cb1dd08.jpg,low_light_mild
train,Weight_limit_10t_434_jpg.rf.2321f88a955a11c51ec8c38d2409f9c3.jpg,small_distance_0.74|low_light_moderate
train,Weight_limit_10t_438_jpg.rf.de1efa8ba97b31fa3765c20f9ca28e1c.jpg,rain_mild
train,Weight_limit_10t_439_jpg.rf.360825b21d27f67d5668f283e13527fc.jpg,small_distance_0.73|glare_severe
train,Weight_limit_10t_441_jpg.rf.5bc2c271bab1821a14cca65b552cd436.jpg,small_distance_0.59|low_light_moderate
train,Weight_limit_10t_442_jpg.rf.b0b090243d26f9625e49a22ae5cc061c.jpg,small_distance_0.79|glare_mild
train,Weight_limit_10t_443_jpg.rf.8cae4b5474dcd6337e053f91bef19145.jpg,small_distance_0.73|rain_moderate
train,Weight_limit_10t_444_jpg.rf.95a2bdef77f31b1a3b69e56b0ca8eb75.jpg,small_distance_0.57
train,Weight_limit_10t_445_jpg.rf.ac1626d24255416b9ee8b4fe85f28abd.jpg,glare_severe
train,Weight_limit_10t_446_jpg.rf.432a87d55f3ead2e8534f6b14d868196.jpg,rain_moderate
train,Weight_limit_10t_448_jpg.rf.8860738e48e5face1ee3e68cd0b6e5b9.jpg,occlusion_moderate
train,Weight_limit_10t_449_jpg.rf.646048e631c0715068f765a397b2c859.jpg,small_distance_0.69|glare_mild
train,Weight_limit_10t_44_jpg.rf.e2c25c6c1955f3f50c4ba1ee0bdfceb0.jpg,small_distance_0.60|glare_moderate
train,Weight_limit_10t_452_jpg.rf.d10d8e58931c24bf0612dc936b0c1d10.jpg,blur_moderate
train,Weight_limit_10t_453_jpg.rf.42fc0d12c35d465d1161be2e58373958.jpg,clean
train,Weight_limit_10t_454_jpg.rf.77e1dfe43fe33a950f248078e93483e6.jpg,rain_severe
train,Weight_limit_10t_455_jpg.rf.f48686c9b6c7d8f884d7f62ae00432ca.jpg,glare_moderate
train,Weight_limit_10t_456_jpg.rf.31579068c0049ea4800d7a415fbf7f37.jpg,small_distance_0.63
train,Weight_limit_10t_457_jpg.rf.cb0e0c98feca0f8f052abd43d2fdae45.jpg,low_light_severe
train,Weight_limit_10t_458_jpg.rf.c2be4e2251f868746606480f0cab67e3.jpg,glare_moderate
train,Weight_limit_10t_459_jpg.rf.c360f47e19b85765647c080d592dafdf.jpg,occlusion_moderate
train,Weight_limit_10t_460_jpg.rf.2159ed97286bdf4f6bf5719db1e5799b.jpg,low_light_severe
train,Weight_limit_10t_464_jpg.rf.c465c22d6471388c93d3d3a5087df896.jpg,glare_mild
train,Weight_limit_10t_465_jpg.rf.3828e0242c32ea225c2e597f7c003054.jpg,clean
train,Weight_limit_10t_467_jpg.rf.62f83b4e94dd3c7dc87d5f81b5936954.jpg,clean
train,Weight_limit_10t_469_jpg.rf.75b2a0fba41c2cfae407ba734cc63f43.jpg,rain_severe
train,Weight_limit_10t_46_jpg.rf.687e3ae3e117ad3d8c8ca628e467ec20.jpg,low_light_mild
train,Weight_limit_10t_470_jpg.rf.a536fe4a6ee6f25183d5197093c7c5c6.jpg,small_distance_0.65|occlusion_moderate
train,Weight_limit_10t_471_jpg.rf.c89ba8ead9a52fe00e1929f6101ef998.jpg,glare_mild
train,Weight_limit_10t_472_jpg.rf.b880c168ba92bb6e2126cb4edbddac9a.jpg,rain_moderate
train,Weight_limit_10t_473_jpg.rf.e8ccb4f5dafd96219c6ae4708f62f2a7.jpg,small_distance_0.83|low_light_moderate
train,Weight_limit_10t_474_jpg.rf.9e20bb5f58ca1896868a5e007ba9d241.jpg,occlusion_severe
train,Weight_limit_10t_475_jpg.rf.35430fc69bfad2c36bbc5a6e8ee967d4.jpg,small_distance_0.79|low_light_mild
train,Weight_limit_10t_476_jpg.rf.e9cc89f80459f606e250c4afe21b053d.jpg,small_distance_0.69|low_light_severe
train,Weight_limit_10t_478_jpg.rf.93748ab21396bcfce2d8910d61d5a6a8.jpg,clean
train,Weight_limit_10t_479_jpg.rf.9a2f25d642040a803afbffe98c96c9d1.jpg,blur_moderate
train,Weight_limit_10t_480_jpg.rf.a8ef5e041677ed9a1839de166fca51ff.jpg,low_light_mild
train,Weight_limit_10t_481_jpg.rf.a20606db36def00e9f17a65ac0da0c00.jpg,small_distance_0.82|rain_severe
train,Weight_limit_10t_482_jpg.rf.74a8a77f88e9c02f956672c81d77bc4a.jpg,blur_moderate
train,Weight_limit_10t_483_jpg.rf.f462dc02c735d4403ae6dc5762f05a38.jpg,glare_mild
train,Weight_limit_10t_485_jpg.rf.d83c0b91e775a71b3d864bb87433af0b.jpg,blur_mild
train,Weight_limit_10t_486_jpg.rf.6da259e4bea0544ec93ffff88029ca73.jpg,small_distance_0.73
train,Weight_limit_10t_487_jpg.rf.7a142d9a60d0f25f521bdb80b8565193.jpg,clean
train,Weight_limit_10t_489_jpg.rf.f0de17059a039c39097ef05485de7ca0.jpg,small_distance_0.82|fog_severe
train,Weight_limit_10t_48_jpg.rf.858b0494ee26ca20d8cf6bd80110f10d.jpg,small_distance_0.59|fog_moderate
train,Weight_limit_10t_491_jpg.rf.2034e1f199ddce729adcbfda139aadce.jpg,fog_moderate
train,Weight_limit_10t_492_jpg.rf.281034db179fa7f889d4f2696d4cacf1.jpg,fog_mild
train,Weight_limit_10t_493_jpg.rf.75cdd3794f9b3f0e6e41d297cd3e8dd7.jpg,clean
train,Weight_limit_10t_494_jpg.rf.6ad21a0807c1e7cce5d7ad63b9570fb8.jpg,occlusion_moderate
train,Weight_limit_10t_495_jpg.rf.fc296352b7cee1fa1bbc8c6c125f93d6.jpg,small_distance_0.67
train,Weight_limit_10t_497_jpg.rf.70f58176090fb6dc48042fe8c13dd249.jpg,small_distance_0.58|low_light_severe
train,Weight_limit_10t_498_jpg.rf.df417a4ee4517469e091a3f212c55f54.jpg,rain_moderate
train,Weight_limit_10t_49_jpg.rf.a19d7b5a242c439d6ded8c441c5455de.jpg,occlusion_mild
train,Weight_limit_10t_500_jpg.rf.45e012659ef3b09440669de479d8c4be.jpg,occlusion_moderate
train,Weight_limit_10t_501_jpg.rf.426cda246b173f0f7df18436c8383d84.jpg,fog_severe
train,Weight_limit_10t_503_jpg.rf.160d0a94130df5d3b8e4e44fe3d4c4e5.jpg,glare_severe
train,Weight_limit_10t_504_jpg.rf.73d509e0a3e66d0b88aa7e7f89806c2e.jpg,small_distance_0.75|rain_moderate
train,Weight_limit_10t_505_jpg.rf.64711e263532de436f4e28c4f36e96fc.jpg,small_distance_0.58|glare_mild
train,Weight_limit_10t_507_jpg.rf.0d0175c0d9753b64f6652a09c1c427e7.jpg,small_distance_0.79|blur_moderate
train,Weight_limit_10t_508_jpg.rf.26d619afc01de46f2be6d2b01619660f.jpg,low_light_moderate
train,Weight_limit_10t_509_jpg.rf.ba25ea1074a1649235cd948f5eacac72.jpg,blur_mild
train,Weight_limit_10t_50_jpg.rf.08e6f50576240bd835ff9a5bb030665e.jpg,small_distance_0.63|glare_severe
train,Weight_limit_10t_510_jpg.rf.74fb6b46c6059d0bb853cf8c8f4fc035.jpg,rain_severe
train,Weight_limit_10t_511_jpg.rf.0baa97cb6b5bc098016e698d9f9d2231.jpg,small_distance_0.79|low_light_severe
train,Weight_limit_10t_513_jpg.rf.87c03018f4977b678cb57c51768cf258.jpg,occlusion_mild
train,Weight_limit_10t_515_jpg.rf.4144ede603841445b071f0c8b4ec6e66.jpg,clean
train,Weight_limit_10t_516_jpg.rf.278f6d9d0ffd8c8620899e543b1035e6.jpg,blur_moderate
train,Weight_limit_10t_517_jpg.rf.a90ea3f82ed86ecdd97976676795f42c.jpg,glare_mild
train,Weight_limit_10t_518_jpg.rf.15f51f8b6f75536574fc877ed14086bf.jpg,occlusion_severe
train,Weight_limit_10t_519_jpg.rf.d170ac3e77c5b565ca2eb29b2f648777.jpg,blur_mild
train,Weight_limit_10t_51_jpg.rf.752332850946c8392d0d9b44fd4af8c5.jpg,rain_mild
train,Weight_limit_10t_520_jpg.rf.a82a0ff5baa1653d45ec408ea68cbc90.jpg,small_distance_0.72
train,Weight_limit_10t_521_jpg.rf.5ea3453c9820c67e66a7103c5dd74aa5.jpg,clean
train,Weight_limit_10t_522_jpg.rf.e138bfd859d52f3630c46db6c15afb66.jpg,blur_severe
train,Weight_limit_10t_523_jpg.rf.1f6345336698f14d6932a8bec1ffeed3.jpg,clean
train,Weight_limit_10t_524_jpg.rf.8a6a3f388f88f7ddd2d5a1e7e094584d.jpg,rain_mild
train,Weight_limit_10t_525_jpg.rf.5c2f6a02e2eb5fe26198b7c044f5e3a7.jpg,clean
train,Weight_limit_10t_526_jpg.rf.77301fe60623812801d5658d2d91ebcb.jpg,small_distance_0.82
train,Weight_limit_10t_527_jpg.rf.1f8c72c5dd601b9e4d0f05c871081d64.jpg,small_distance_0.63|blur_mild
train,Weight_limit_10t_528_jpg.rf.9f645b526b29c434038d08105c7801c6.jpg,small_distance_0.57|glare_severe
train,Weight_limit_10t_529_jpg.rf.d9e23c1c4ce7d65888923f2d4fda6772.jpg,low_light_mild
train,Weight_limit_10t_52_jpg.rf.2d3192efc77096d901407db9a758ff61.jpg,small_distance_0.71|fog_moderate
train,Weight_limit_10t_530_jpg.rf.4ad1ff8182a30d336d47c217b092184c.jpg,small_distance_0.76|glare_mild
train,Weight_limit_10t_531_jpg.rf.9e5b9571127ac492e5d8f9470048aef2.jpg,small_distance_0.59|low_light_severe
train,Weight_limit_10t_532_jpg.rf.632f53338cbb07d370f9727d77042b93.jpg,small_distance_0.80|rain_moderate
train,Weight_limit_10t_534_jpg.rf.5ab4f5d9e93de3fd60dd26aa81bb0e10.jpg,blur_mild
train,Weight_limit_10t_536_jpg.rf.7aa9df62aaea90696251d979ca31916c.jpg,occlusion_mild
train,Weight_limit_10t_537_jpg.rf.5f1e9c820685f70f34ad5a7135e4e948.jpg,small_distance_0.59
train,Weight_limit_10t_53_jpg.rf.6babaaa20c388d30e4a3a72971f1b203.jpg,fog_mild
train,Weight_limit_10t_540_jpg.rf.1792803d2671bc9983f6b6a7761e3ea5.jpg,clean
train,Weight_limit_10t_55_jpg.rf.f7e16d7a89238887b603b5f4ea5edf63.jpg,small_distance_0.83|glare_moderate
train,Weight_limit_10t_56_jpg.rf.4492ef1e0cb4c0d3ad694724b173ee50.jpg,glare_moderate
train,Weight_limit_10t_57_jpg.rf.909a4b0da03a2ce8b67885765087776c.jpg,blur_mild
train,Weight_limit_10t_58_jpg.rf.2150938af2ea3cceb8ad5d9c73bd54b0.jpg,clean
train,Weight_limit_10t_59_jpg.rf.d97def6a10314e7f6519d9f910c89d33.jpg,small_distance_0.74|blur_severe
train,Weight_limit_10t_5_jpg.rf.385b432945f52dd6de4ed21fb5cbf272.jpg,low_light_moderate
train,Weight_limit_10t_60_jpg.rf.c49bd46b964857c906484e1aff38ffc6.jpg,small_distance_0.74|fog_mild
train,Weight_limit_10t_63_jpg.rf.48195ad133b18c4ee9f58077e229bb50.jpg,small_distance_0.62
train,Weight_limit_10t_65_jpg.rf.e7825c104a36e35713f17b973d61e8ce.jpg,small_distance_0.57|glare_severe
train,Weight_limit_10t_67_jpg.rf.ea8f7afdc56519f23520fcbff5f93318.jpg,small_distance_0.57|fog_moderate
train,Weight_limit_10t_68_jpg.rf.d76a96e2012041bef55a0215f3dbb46a.jpg,small_distance_0.65
train,Weight_limit_10t_69_jpg.rf.03a8907426bd996bbeab5bf1a81e9346.jpg,blur_mild
train,Weight_limit_10t_70_jpg.rf.29e0582a3663d83a6a2a55a7d07783fc.jpg,small_distance_0.66|blur_severe
train,Weight_limit_10t_72_jpg.rf.ddf81561b6cc33f9d7ee4910732d0e00.jpg,occlusion_severe
train,Weight_limit_10t_73_jpg.rf.bbaba475ffe0446c3bac507141d3ca4e.jpg,small_distance_0.71
train,Weight_limit_10t_74_jpg.rf.69357d621968dde05125e975ade68322.jpg,low_light_severe
train,Weight_limit_10t_77_jpg.rf.74ffa870bd992513313559e852a20e27.jpg,blur_mild
train,Weight_limit_10t_78_jpg.rf.23f0aee1f56707b23a0867e4ce7f365d.jpg,occlusion_severe
train,Weight_limit_10t_7_jpg.rf.62ac45ab7fc0921f75a77acb43560f92.jpg,fog_severe
train,Weight_limit_10t_80_jpg.rf.767e17c98f01547c774995929daf31b8.jpg,fog_severe
train,Weight_limit_10t_81_jpg.rf.8f959d8429ff26a5e6607a15a9e53a2a.jpg,small_distance_0.59
train,Weight_limit_10t_82_jpg.rf.2a69583bf9cea82f0b6e1b37b3e54414.jpg,glare_mild
train,Weight_limit_10t_83_jpg.rf.0c517f16a1092f81a2a60758e26d061e.jpg,occlusion_moderate
train,Weight_limit_10t_84_jpg.rf.371965323d6393def3d697ec17ff6658.jpg,glare_mild
train,Weight_limit_10t_85_jpg.rf.7b0aae8aaed14f2f8bb5cd70010e3a14.jpg,blur_moderate
train,Weight_limit_10t_88_jpg.rf.b1a8b11d6aa87cef0fe0d68b4d829758.jpg,fog_mild
train,Weight_limit_10t_89_jpg.rf.3344c0a8a130b9fb63bbdbbf19064070.jpg,glare_severe
train,Weight_limit_10t_8_jpg.rf.02e793f42d088787edddccec6baa86e8.jpg,clean
train,Weight_limit_10t_90_jpg.rf.ddebe6360531031cf216aa03f121cf54.jpg,occlusion_severe
train,Weight_limit_10t_94_jpg.rf.bee2f6e77fd50b6692570f2c3b9669f8.jpg,clean
train,Weight_limit_10t_95_jpg.rf.d4fedc8618c63e864b939d873cf9e486.jpg,occlusion_moderate
train,Weight_limit_10t_96_jpg.rf.57517a9767c64dd0bec1d7831229e75a.jpg,occlusion_moderate
train,Weight_limit_10t_97_jpg.rf.243eb1795837732fa907b6f5a878ab4a.jpg,clean
train,Weight_limit_10t_98_jpg.rf.816cff53ee218c07fcc2f86ac2d223c2.jpg,small_distance_0.59|glare_moderate
train,Weight_limit_10t_99_jpg.rf.e36b82c1b9e8faaaef949307400b4ed9.jpg,small_distance_0.70|fog_severe
train,Weight_limit_27t_100_jpg.rf.014e1d759ef3839b4d354cfab9b6e3ea.jpg,small_distance_0.62|rain_mild
train,Weight_limit_27t_101_jpg.rf.00f4dca6c3d9823ab8d3dbf67b175952.jpg,low_light_moderate
train,Weight_limit_27t_102_jpg.rf.58551c51a80fe253c720e5ce8552be91.jpg,clean
train,Weight_limit_27t_103_jpg.rf.73933b2450b5c5a18ef728e60f980a9b.jpg,low_light_severe
train,Weight_limit_27t_105_jpg.rf.9f68697bcd0ea1e92176d222e8920d96.jpg,fog_mild
train,Weight_limit_27t_106_jpg.rf.0ae9f8aff6668b0cf3c1a2c0c1b39775.jpg,small_distance_0.78|low_light_mild
train,Weight_limit_27t_108_jpg.rf.e3209174ddab9f2aea2c78d2b7c5588a.jpg,small_distance_0.82|blur_mild
train,Weight_limit_27t_10_jpg.rf.f5b27c7215519c45a715f049923a83c0.jpg,small_distance_0.56
train,Weight_limit_27t_110_jpg.rf.68b6098e70ad5c4fdbfc1915d4576724.jpg,glare_mild
train,Weight_limit_27t_114_jpg.rf.2fc3272eda7941a01a5ef156c4566468.jpg,small_distance_0.74|blur_moderate
train,Weight_limit_27t_115_jpg.rf.592c0255139c2b8f626a97132e19589c.jpg,small_distance_0.74
train,Weight_limit_27t_116_jpg.rf.cb4a7014bd02f38a839db3f6eb13b828.jpg,blur_severe
train,Weight_limit_27t_117_jpg.rf.0deea30ae4fbe26a669ceedc9ef66443.jpg,blur_mild
train,Weight_limit_27t_118_jpg.rf.9ebc5df64f670d454443b9ca70fd01a4.jpg,blur_mild
train,Weight_limit_27t_119_jpg.rf.f73efef4604f0b2abe95a70aec642442.jpg,fog_severe
train,Weight_limit_27t_120_jpg.rf.e9e3d3dd5c58f6542efd0e57e89c9190.jpg,blur_severe
train,Weight_limit_27t_121_jpg.rf.1cfc4e440ca12b6d87dc89087c31471f.jpg,small_distance_0.78
train,Weight_limit_27t_123_jpg.rf.8a098ee32553c2e0eed8332d1db3b821.jpg,clean
train,Weight_limit_27t_124_jpg.rf.d0833c91a6316b16a83e1ce25b929af4.jpg,glare_severe
train,Weight_limit_27t_125_jpg.rf.66a71a47a372c19b8259a509e56daa67.jpg,occlusion_severe
train,Weight_limit_27t_127_jpg.rf.055f09bab138e854e7a1cfba343aeb20.jpg,small_distance_0.56|low_light_severe
train,Weight_limit_27t_128_jpg.rf.3aa8e1b4fe6b48be9c4016fbeb83b17b.jpg,blur_moderate
train,Weight_limit_27t_129_jpg.rf.56c4ee4db2c57071f297a8ab8bdba78e.jpg,small_distance_0.65
train,Weight_limit_27t_131_jpg.rf.dd73d548e38b31a0a1abf351e77cdb79.jpg,blur_severe
train,Weight_limit_27t_132_jpg.rf.3fab95264aaca4dca74278519da12183.jpg,low_light_mild
train,Weight_limit_27t_134_jpg.rf.0dfba93f11b34fb0f98483a770b87a62.jpg,occlusion_severe
train,Weight_limit_27t_135_jpg.rf.0e7735c6bc4c98ffac6165f408410c69.jpg,fog_mild
train,Weight_limit_27t_136_jpg.rf.fbdb0addcabf99870fc03310bb2a0cb5.jpg,low_light_mild
train,Weight_limit_27t_137_jpg.rf.4f2e34aa78db2dd5a7c3c0f332364031.jpg,small_distance_0.65|fog_moderate
train,Weight_limit_27t_138_jpg.rf.8bc805fcd953ace58f72b22f79c94f5d.jpg,fog_severe
train,Weight_limit_27t_139_jpg.rf.85f1de58f262350566685bb9bc92464a.jpg,fog_mild
train,Weight_limit_27t_13_jpg.rf.8a29146770ca5fb9ec2235d986ad96e5.jpg,glare_severe
train,Weight_limit_27t_140_jpg.rf.e4004504c9f671a129a6abef0c4dfb20.jpg,blur_severe
train,Weight_limit_27t_142_jpg.rf.0477d5b873c1b47d138dbd8bfc594a89.jpg,small_distance_0.82|low_light_moderate
train,Weight_limit_27t_143_jpg.rf.dfbc9856b47cbba6bf30cbc9c310079c.jpg,small_distance_0.57|fog_moderate
train,Weight_limit_27t_144_jpg.rf.6777221b7bb73780989fc603ad81e1bb.jpg,fog_moderate
train,Weight_limit_27t_145_jpg.rf.82a71834adc6d29efa7e50b82eff4ea3.jpg,glare_moderate
train,Weight_limit_27t_147_jpg.rf.d93737146d9fe4770807ce536e48680c.jpg,small_distance_0.67
train,Weight_limit_27t_148_jpg.rf.e1ef822b36841fcb4adac54ac6260d01.jpg,fog_severe
train,Weight_limit_27t_149_jpg.rf.10014065e8a04ebf96df7c28027071e0.jpg,fog_mild
train,Weight_limit_27t_14_jpg.rf.b0a95f6392a93eb8efcc24da40fb53cf.jpg,rain_moderate
train,Weight_limit_27t_150_jpg.rf.b2dcc2cdb8a3f3d5a4944223339750e4.jpg,rain_severe
train,Weight_limit_27t_151_jpg.rf.a9d24d1d3f9348e3e396bb7c43a03c90.jpg,fog_moderate
train,Weight_limit_27t_153_jpg.rf.ad89e34456b8fa037eedeb30235c907d.jpg,clean
train,Weight_limit_27t_154_jpg.rf.b6aeef94f7eee9c8d8a9c68e720a5ad3.jpg,blur_severe
train,Weight_limit_27t_155_jpg.rf.baeba12b276c8bf790031a36a93b4bb3.jpg,small_distance_0.61|fog_mild
train,Weight_limit_27t_156_jpg.rf.a733e0107704cef18886ddee3e10bed4.jpg,small_distance_0.70
train,Weight_limit_27t_157_jpg.rf.8a4559c7281a5b7bb0f14fac870ca201.jpg,small_distance_0.69|blur_severe
train,Weight_limit_27t_158_jpg.rf.ae47c7ec6bc1a044fb317379ffef97a3.jpg,small_distance_0.62
train,Weight_limit_27t_15_jpg.rf.5206b448239c8be506ca445cf09e615d.jpg,fog_moderate
train,Weight_limit_27t_161_jpg.rf.e3bb02bff70ad2a1eab70c3e045f3014.jpg,clean
train,Weight_limit_27t_162_jpg.rf.8cc1921a1adf397f285382e0f6d2ad5b.jpg,rain_moderate
train,Weight_limit_27t_163_jpg.rf.1409c6ec0827bfe0c411e9cf35b4c84e.jpg,rain_moderate
train,Weight_limit_27t_164_jpg.rf.a28c26c215c6caa017b70cfc4e92953d.jpg,small_distance_0.69|rain_mild
train,Weight_limit_27t_165_jpg.rf.454d407ae730ef751649483addc2a0d1.jpg,fog_severe
train,Weight_limit_27t_166_jpg.rf.739f32f95c8b66e4cb0df49e92c983be.jpg,rain_mild
train,Weight_limit_27t_167_jpg.rf.df0a4b8921e356c14d2fa5d9d2d6b900.jpg,small_distance_0.71
train,Weight_limit_27t_169_jpg.rf.74d15da341fe6daf48092f4ecbfc1237.jpg,fog_mild
train,Weight_limit_27t_16_jpg.rf.32423f70424e582faff2c11171366d35.jpg,glare_moderate
train,Weight_limit_27t_171_jpg.rf.621f737b516ac19e55d520c3f77844b6.jpg,small_distance_0.81|blur_moderate
train,Weight_limit_27t_172_jpg.rf.b44812632d413080449797f1402e45ab.jpg,small_distance_0.70
train,Weight_limit_27t_173_jpg.rf.1a6376940928109ce70c8c3e88b27c44.jpg,clean
train,Weight_limit_27t_174_jpg.rf.bd6675696f177c03cf3b700ddd2dc424.jpg,small_distance_0.58|rain_mild
train,Weight_limit_27t_175_jpg.rf.91077b48c53438bd31faf87765aa31e5.jpg,rain_moderate
train,Weight_limit_27t_177_jpg.rf.019d10d45bb8eb03ee17c13d50f125ba.jpg,blur_moderate
train,Weight_limit_27t_179_jpg.rf.4b2150bad8d7bcdff7be81e80a2e99c8.jpg,small_distance_0.59|blur_mild
train,Weight_limit_27t_17_jpg.rf.78b7ebc2474acea131d1cc96fe107c8d.jpg,small_distance_0.62|blur_moderate
train,Weight_limit_27t_181_jpg.rf.1fbc511208d0f06f4adcd502640b245c.jpg,clean
train,Weight_limit_27t_182_jpg.rf.16b6ea69d18642e8d2a6dff9535beb57.jpg,blur_moderate
train,Weight_limit_27t_185_jpg.rf.0379b29169c6c24d2f9d357dd6f7cd38.jpg,small_distance_0.73|rain_severe
train,Weight_limit_27t_186_jpg.rf.74f53ef9650c655123c7500b447ea941.jpg,small_distance_0.66|low_light_moderate
train,Weight_limit_27t_187_jpg.rf.45fc17d9a3df41f2bdcc7ab93cde026b.jpg,small_distance_0.57|blur_mild
train,Weight_limit_27t_188_jpg.rf.9682354c7439e1c7fc934851f5afec01.jpg,glare_mild
train,Weight_limit_27t_189_jpg.rf.9bd60edd8b4ae3c858fe615909da115b.jpg,fog_moderate
train,Weight_limit_27t_18_jpg.rf.4afc2ed91750752aea150a45af22e0d2.jpg,occlusion_moderate
train,Weight_limit_27t_190_jpg.rf.c54cc6bcd5cd0dc8d3469fa7fe139b30.jpg,small_distance_0.77|low_light_moderate
train,Weight_limit_27t_191_jpg.rf.c7cde32cc6512caccd812d474dad93df.jpg,small_distance_0.68
train,Weight_limit_27t_192_jpg.rf.4496aa1995ddbe722eb0a493ed7671ff.jpg,blur_moderate
train,Weight_limit_27t_193_jpg.rf.d0b53629fea8b0805e72b037d49003fe.jpg,rain_mild
train,Weight_limit_27t_194_jpg.rf.edd0bfacf7484fd0b29eed57901e9b3e.jpg,glare_severe
train,Weight_limit_27t_195_jpg.rf.3a7ea7f9060dff81df91410d6e3ad8e8.jpg,low_light_mild
train,Weight_limit_27t_196_jpg.rf.b9f94722ba15ee75944033d6c9dc0886.jpg,small_distance_0.66|fog_mild
train,Weight_limit_27t_197_jpg.rf.37b27e0bb6e46c0b114116bfb8fe2fd7.jpg,clean
train,Weight_limit_27t_198_jpg.rf.54653a0c4d476ca0bcbc98e63f3ddc44.jpg,small_distance_0.64
train,Weight_limit_27t_199_jpg.rf.e86eb189ef80b7c3f958f677339ab344.jpg,small_distance_0.73
train,Weight_limit_27t_200_jpg.rf.914c3c81d175d76b0da317718bbbd10d.jpg,glare_moderate
train,Weight_limit_27t_201_jpg.rf.c0fea3e2eb5d8561b671485e2ed78e6a.jpg,fog_mild
train,Weight_limit_27t_203_jpg.rf.8ffe19989cb34317c8b2b2f671284bdd.jpg,small_distance_0.75|glare_mild
train,Weight_limit_27t_204_jpg.rf.6f73a1b1456533df07cdd855223e3a11.jpg,small_distance_0.79|blur_severe
train,Weight_limit_27t_206_jpg.rf.143bb92f59984ccb11aef705b592fe37.jpg,blur_moderate
train,Weight_limit_27t_207_jpg.rf.cca958ce8a70295b3d0146ef32d55e05.jpg,clean
train,Weight_limit_27t_208_jpg.rf.c1b1f04696042212277336ac7ee3c131.jpg,rain_mild
train,Weight_limit_27t_209_jpg.rf.c1c27756a050b60ab102ebb2179f3a55.jpg,occlusion_severe
train,Weight_limit_27t_20_jpg.rf.d355ac875d8202ca35f9c863087ff44d.jpg,glare_severe
train,Weight_limit_27t_211_jpg.rf.84bf500bbc9972d1a03e119c08b0e880.jpg,rain_moderate
train,Weight_limit_27t_212_jpg.rf.8571869f7ef60cd9e23456cf67580871.jpg,small_distance_0.60|blur_severe
train,Weight_limit_27t_214_jpg.rf.5fc4520e271a85ca0de68bb905d1fa02.jpg,rain_moderate
train,Weight_limit_27t_215_jpg.rf.d4505cc31c1c55a6c7343e3a9f312ca2.jpg,fog_severe
train,Weight_limit_27t_219_jpg.rf.716975942c29416e230d2ceb3c3839fe.jpg,glare_mild
train,Weight_limit_27t_21_jpg.rf.3be21c54ef3d3a9e4c6509c79333f34d.jpg,small_distance_0.80|rain_mild
train,Weight_limit_27t_222_jpg.rf.21f48377ed030a3d266b7ce0fa85072e.jpg,small_distance_0.83|fog_mild
train,Weight_limit_27t_223_jpg.rf.41468364b5976c4894ec0b44c2bafbaf.jpg,occlusion_mild
train,Weight_limit_27t_225_jpg.rf.d16d50b2e46b7d2fa4a903cd9796eb7c.jpg,blur_mild
train,Weight_limit_27t_226_jpg.rf.bbb3f1266e7bf343f1620138ef225ae0.jpg,small_distance_0.68|occlusion_severe
train,Weight_limit_27t_228_jpg.rf.36f72e1b47085febb5316ac3e3a03beb.jpg,rain_mild
train,Weight_limit_27t_229_jpg.rf.659affd43ef1a6aacda1465669195508.jpg,clean
train,Weight_limit_27t_22_jpg.rf.1531809f12cf05ce2d7d9b5d63590955.jpg,glare_severe
train,Weight_limit_27t_230_jpg.rf.9d29584b0be9d7aad31ad80f13f03b25.jpg,clean
train,Weight_limit_27t_233_jpg.rf.8cd6dc5313c3ba867c2bb6027eabec30.jpg,blur_moderate
train,Weight_limit_27t_234_jpg.rf.505cf23fc3bb8cc9250e9bff789c005c.jpg,clean
train,Weight_limit_27t_235_jpg.rf.07aa87650cf9eab05002c5c9700ef4f2.jpg,small_distance_0.58
train,Weight_limit_27t_236_jpg.rf.8b98a58fad914e852a13e755cacf463c.jpg,glare_moderate
train,Weight_limit_27t_237_jpg.rf.1d685c7d988f1e83a75d5b1d8dbfca40.jpg,small_distance_0.68|glare_moderate
train,Weight_limit_27t_239_jpg.rf.11b1339b47f8da7163664541118d1f4b.jpg,clean
train,Weight_limit_27t_23_jpg.rf.7661d57dd357d93640e5868cdd5c1333.jpg,rain_moderate
train,Weight_limit_27t_240_jpg.rf.001a6387f468f2b184d2371ae707e529.jpg,small_distance_0.63
train,Weight_limit_27t_241_jpg.rf.478f73c02a279fc6afab111b9a814248.jpg,small_distance_0.79|fog_severe
train,Weight_limit_27t_244_jpg.rf.7e102538156716f639c05e2ca5d302cb.jpg,clean
train,Weight_limit_27t_247_jpg.rf.127ab872952b81c983fa1b861320c54d.jpg,glare_moderate
train,Weight_limit_27t_24_jpg.rf.2a4d3336590b87726c9b9e10ccaf2deb.jpg,low_light_moderate
train,Weight_limit_27t_252_jpg.rf.417a6702eaca45bbc36ffbf840ebe392.jpg,small_distance_0.63
train,Weight_limit_27t_253_jpg.rf.7ab692bec71246459210fb34e458c6db.jpg,small_distance_0.66|fog_moderate
train,Weight_limit_27t_254_jpg.rf.ec5236c157b35d095c0a0f25a3efb9d7.jpg,glare_severe
train,Weight_limit_27t_255_jpg.rf.564ef4d7807f4672a6f68aa6fcef5687.jpg,small_distance_0.72|low_light_moderate
train,Weight_limit_27t_256_jpg.rf.41e499a134046b59ce360857cb0119fc.jpg,occlusion_mild
train,Weight_limit_27t_258_jpg.rf.2fa651522eac970a9be386adc07ae007.jpg,clean
train,Weight_limit_27t_259_jpg.rf.62a9555c669060edc289c81d75d16d12.jpg,clean
train,Weight_limit_27t_25_jpg.rf.9a4a0718cb26855fe1ea87396c9c7774.jpg,rain_severe
train,Weight_limit_27t_260_jpg.rf.898fa440c212f58dea028c24c2b4818b.jpg,small_distance_0.56|rain_moderate
train,Weight_limit_27t_261_jpg.rf.a220a117474b403d48d41c832090148e.jpg,rain_mild
train,Weight_limit_27t_262_jpg.rf.716f37aab3cacc829af9dd3942161fff.jpg,small_distance_0.58|occlusion_moderate
train,Weight_limit_27t_263_jpg.rf.69bd085279f921f274aa0109826283a8.jpg,rain_moderate
train,Weight_limit_27t_264_jpg.rf.d81ce0a7630016f313258000c419c1b8.jpg,occlusion_severe
train,Weight_limit_27t_265_jpg.rf.134f6c71af01129edb75f432ef5cbe0d.jpg,fog_moderate
train,Weight_limit_27t_266_jpg.rf.748cf4c79e8009ed732d2df8196425ae.jpg,glare_mild
train,Weight_limit_27t_267_jpg.rf.9a7898c5bd5399dd8059c7a7b7695082.jpg,clean
train,Weight_limit_27t_268_jpg.rf.375214104c6bf7e733209c5ca657b68f.jpg,small_distance_0.75|rain_mild
train,Weight_limit_27t_269_jpg.rf.b03ff3eb158b03fe6e4a59771954c9bd.jpg,blur_moderate
train,Weight_limit_27t_26_jpg.rf.ea6d356b559a009e1633f5b8dcc794b9.jpg,rain_mild
train,Weight_limit_27t_270_jpg.rf.95282753e1c3b722a7aa9e85a5a65cd5.jpg,small_distance_0.74
train,Weight_limit_27t_271_jpg.rf.7b11b90e580db30052a04456f9a3a699.jpg,clean
train,Weight_limit_27t_273_jpg.rf.f2bea61d76c5dac78c08741301d32b14.jpg,blur_severe
train,Weight_limit_27t_274_jpg.rf.81aca9fa8c7a8ca2a61de5230ebe730e.jpg,occlusion_moderate
train,Weight_limit_27t_275_jpg.rf.12407f2cede702a8827c1535e753b0eb.jpg,small_distance_0.61|occlusion_mild
train,Weight_limit_27t_278_jpg.rf.cd5c609608c966f33321ba4e90d6e6a7.jpg,clean
train,Weight_limit_27t_279_jpg.rf.f140ca8d33b766cb50021e55c3406eff.jpg,blur_mild
train,Weight_limit_27t_27_jpg.rf.98d0eed99c3c09a9715499b047a0f0a1.jpg,small_distance_0.59
train,Weight_limit_27t_280_jpg.rf.09783a7e322ebeb5d24bb9919a1e1965.jpg,small_distance_0.80
train,Weight_limit_27t_282_jpg.rf.72b4635fb95cd568a7b34b1144c6d08e.jpg,low_light_moderate
train,Weight_limit_27t_284_jpg.rf.1487e26cee6b3d9f59b456dd16c1ab85.jpg,glare_moderate
train,Weight_limit_27t_285_jpg.rf.92097e55341a3ef5be152e1b0963f277.jpg,clean
train,Weight_limit_27t_286_jpg.rf.807088dc791e132150dda16f0a36f4c5.jpg,small_distance_0.85|glare_severe
train,Weight_limit_27t_287_jpg.rf.5307e5bad406b49dfdc7228d9d1c97fb.jpg,low_light_mild
train,Weight_limit_27t_289_jpg.rf.d273bad907dd6b1e35d8dafe1b40ecc6.jpg,low_light_moderate
train,Weight_limit_27t_290_jpg.rf.37e3f1c0b97e4457881625016fbc8868.jpg,blur_severe
train,Weight_limit_27t_292_jpg.rf.fe85b8efc90f8426449562c8db24f9cb.jpg,small_distance_0.55|occlusion_moderate
train,Weight_limit_27t_293_jpg.rf.7f1a72eaf67ec01581f573843bc65194.jpg,glare_severe
train,Weight_limit_27t_294_jpg.rf.5ef4c4e4bac177bb0da7b2b60f127358.jpg,small_distance_0.72|glare_moderate
train,Weight_limit_27t_295_jpg.rf.37ba311b6ec89991a85d96e6b00598b0.jpg,clean
train,Weight_limit_27t_296_jpg.rf.fa36310824071bf0bdecdd2221bcedf3.jpg,small_distance_0.61|fog_mild
train,Weight_limit_27t_298_jpg.rf.cae94ceb9c6ec2d55189e49d550a34a5.jpg,clean
train,Weight_limit_27t_299_jpg.rf.367b81f82486899b8bfb87a27d522af6.jpg,clean
train,Weight_limit_27t_29_jpg.rf.992c2a15726cfda5bde7ce9c92e2dbdc.jpg,clean
train,Weight_limit_27t_2_jpg.rf.9224152a6b82af163e09df867c60b66b.jpg,small_distance_0.82|blur_moderate
train,Weight_limit_27t_300_jpg.rf.38d1402d1734e59423126c96f7f1bce0.jpg,small_distance_0.82|occlusion_severe
train,Weight_limit_27t_302_jpg.rf.731efc70693b5607882f148839210919.jpg,small_distance_0.81|low_light_severe
train,Weight_limit_27t_305_jpg.rf.205355575922e6634e3f0756bd06f4a1.jpg,occlusion_severe
train,Weight_limit_27t_307_jpg.rf.c14dbe6926a12d238519ef3a51dff302.jpg,small_distance_0.63|fog_mild
train,Weight_limit_27t_308_jpg.rf.59e0cb9501f45b1d4dd607140365ba15.jpg,small_distance_0.57|low_light_moderate
train,Weight_limit_27t_309_jpg.rf.25581883084b2b25548969b6825f5bae.jpg,small_distance_0.61|low_light_severe
train,Weight_limit_27t_310_jpg.rf.d7bd25cc670a837351fec0737e14213b.jpg,occlusion_mild
train,Weight_limit_27t_312_jpg.rf.264955bfd0de3045883d74c4752ea8da.jpg,fog_severe
train,Weight_limit_27t_314_jpg.rf.aef191afb3f8176b41b1ac152023f581.jpg,small_distance_0.56|blur_moderate
train,Weight_limit_27t_316_jpg.rf.31ad3a020fb438ecc6a236a5425c79b0.jpg,fog_moderate
train,Weight_limit_27t_317_jpg.rf.8f8a9c6f86cc9f38386648c78f2f690a.jpg,small_distance_0.80|fog_mild
train,Weight_limit_27t_319_jpg.rf.3b461a65a6e9086f472248317822729a.jpg,small_distance_0.83|glare_severe
train,Weight_limit_27t_31_jpg.rf.3c63f88b64bc538497be355506fbc9f8.jpg,small_distance_0.82|low_light_severe
train,Weight_limit_27t_320_jpg.rf.4ef51c9a39a39053bccd288e59a7d8eb.jpg,blur_moderate
train,Weight_limit_27t_321_jpg.rf.242b5af0db5143a66ba59c9e2be293c7.jpg,small_distance_0.66
train,Weight_limit_27t_322_jpg.rf.3a2f614acb77f06d30817d326f8be64e.jpg,clean
train,Weight_limit_27t_323_jpg.rf.a6fb11d44f91415b611b425b069c0e4f.jpg,low_light_severe
train,Weight_limit_27t_326_jpg.rf.ee83c4e26e984760bc91fea3ee3f675e.jpg,clean
train,Weight_limit_27t_328_jpg.rf.b9f9e18064075183c163b09e6b674bc2.jpg,occlusion_severe
train,Weight_limit_27t_32_jpg.rf.0070f7be4e7db8013af1f609cd261307.jpg,small_distance_0.61|glare_mild
train,Weight_limit_27t_333_jpg.rf.7896b536ad7249e734fcdc5a7f7ccf02.jpg,clean
train,Weight_limit_27t_334_jpg.rf.4f93305310183b77e0f49223d1b4e30d.jpg,small_distance_0.84|rain_moderate
train,Weight_limit_27t_335_jpg.rf.aca12cd45ba3bb95dd8bb4fbeedd1530.jpg,low_light_moderate
train,Weight_limit_27t_336_jpg.rf.6aa852244a9143079391dbad196e049d.jpg,rain_severe
train,Weight_limit_27t_337_jpg.rf.1a775b679af1aff4bab367c1d4b220c8.jpg,rain_mild
train,Weight_limit_27t_338_jpg.rf.6865a2ae507d57acaa895f557081dbc1.jpg,low_light_mild
train,Weight_limit_27t_339_jpg.rf.dac51aece7ef64788325bd2b25f97977.jpg,small_distance_0.67|blur_moderate
train,Weight_limit_27t_340_jpg.rf.8156049ae8c58775a60439136a3b0011.jpg,fog_severe
train,Weight_limit_27t_341_jpg.rf.3a4fb82ee20eb758da8d80e2bff96d9a.jpg,small_distance_0.75|fog_moderate
train,Weight_limit_27t_342_jpg.rf.23c22f5b569e76ad2e93986a9f753fdb.jpg,rain_mild
train,Weight_limit_27t_344_jpg.rf.964adbfbb709c28ebd26685fbb7aba4f.jpg,clean
train,Weight_limit_27t_346_jpg.rf.a8c60d779d4a0e6dace72f22be547dd0.jpg,small_distance_0.79|rain_moderate
train,Weight_limit_27t_347_jpg.rf.736525f08ddb35c06c45dcdda0f9870b.jpg,small_distance_0.78|low_light_severe
train,Weight_limit_27t_348_jpg.rf.a82e626c9177c3a0125507bd6935cd66.jpg,small_distance_0.64|occlusion_severe
train,Weight_limit_27t_349_jpg.rf.4cbe9497cb88aeba75cb17d57f76f35c.jpg,small_distance_0.65
train,Weight_limit_27t_34_jpg.rf.6aeda2a1edb679b602914d3f9a919df7.jpg,blur_mild
train,Weight_limit_27t_350_jpg.rf.07e806b1f1088944ce6520a1c7f0f2b8.jpg,small_distance_0.71
train,Weight_limit_27t_351_jpg.rf.902df80ebfdc80e9cb97f4e591e5c482.jpg,low_light_moderate
train,Weight_limit_27t_352_jpg.rf.b970d0fa79ca8607acf1fa75e423f9a2.jpg,small_distance_0.77|glare_mild
train,Weight_limit_27t_353_jpg.rf.4c8a6122d76c156097e0dbacd9c4ef15.jpg,rain_moderate
train,Weight_limit_27t_356_jpg.rf.bded5cdd93259072ce9df66290b803a0.jpg,occlusion_mild
train,Weight_limit_27t_358_jpg.rf.847199d3a49c63dde9d1d31fa6658765.jpg,small_distance_0.78|fog_mild
train,Weight_limit_27t_359_jpg.rf.41a4fc1f9aede4fc96bca5fe2c744a0f.jpg,low_light_moderate
train,Weight_limit_27t_360_jpg.rf.828088868e807fb117786129c3814d6c.jpg,small_distance_0.78|glare_mild
train,Weight_limit_27t_362_jpg.rf.c3292e7ad2d14d86fe8643ff73575d49.jpg,small_distance_0.56|fog_mild
train,Weight_limit_27t_363_jpg.rf.8727554744bd139d529d6f6831f08f32.jpg,small_distance_0.75|occlusion_mild
train,Weight_limit_27t_364_jpg.rf.24b47fa4df1bbd5eeaf4ac505a9c0f7f.jpg,small_distance_0.75
train,Weight_limit_27t_367_jpg.rf.562300d322675d6f9a20a34cb38b1707.jpg,glare_mild
train,Weight_limit_27t_368_jpg.rf.bdc960156948a884c60dafe081163cb5.jpg,clean
train,Weight_limit_27t_369_jpg.rf.15a86a96f948633dc7c3df4bbe5a2570.jpg,clean
train,Weight_limit_27t_370_jpg.rf.06011909cba1d8786032701a2b2d1428.jpg,low_light_severe
train,Weight_limit_27t_371_jpg.rf.4ec9a2a2199e828d0c332a0b5ddb7b72.jpg,occlusion_severe
train,Weight_limit_27t_372_jpg.rf.0a63d21e75a81f1058d8cba7fa1accbc.jpg,clean
train,Weight_limit_27t_373_jpg.rf.b2c923270c2dd05e84bde592520ca3c3.jpg,fog_mild
train,Weight_limit_27t_374_jpg.rf.104c427d387319d3462d8150b9c85c66.jpg,glare_severe
train,Weight_limit_27t_375_jpg.rf.c617b4491bcf6ade9da5e4d813149c90.jpg,fog_mild
train,Weight_limit_27t_378_jpg.rf.afebfde91d3514c6ef18d5d99c370335.jpg,small_distance_0.76|fog_mild
train,Weight_limit_27t_379_jpg.rf.ccc0bf73fa89ee778ba18ae1a4b97883.jpg,occlusion_moderate
train,Weight_limit_27t_37_jpg.rf.2d88d5dc03ff62fedb9e02e248abc11b.jpg,small_distance_0.69|occlusion_mild
train,Weight_limit_27t_380_jpg.rf.5dd785228aa61ab735b7c4f8f231efb3.jpg,small_distance_0.58|fog_mild
train,Weight_limit_27t_382_jpg.rf.994e5dd4db32db6d84440842bdb8f1a9.jpg,glare_mild
train,Weight_limit_27t_383_jpg.rf.3fc2a55be33d2cf63ed7fc2f713ce037.jpg,occlusion_mild
train,Weight_limit_27t_384_jpg.rf.39a5e28345d1160ab260f585005bcc23.jpg,clean
train,Weight_limit_27t_385_jpg.rf.9fefaa19d6cce0b4286a714ef5aa86f0.jpg,small_distance_0.79|blur_moderate
train,Weight_limit_27t_386_jpg.rf.5a2f8ccfee28f7314e7d1be72aae1ec5.jpg,small_distance_0.76|glare_severe
train,Weight_limit_27t_387_jpg.rf.039858133a200d0b63abb45111b71b03.jpg,blur_mild
train,Weight_limit_27t_388_jpg.rf.434fd7736d0b30890434f83a8da2eac8.jpg,fog_severe
train,Weight_limit_27t_389_jpg.rf.1a85fb0888b8c867258838ebbaddc187.jpg,fog_moderate
train,Weight_limit_27t_38_jpg.rf.69b20ca04e7627864d1d0a3b71e6f22a.jpg,low_light_mild
train,Weight_limit_27t_390_jpg.rf.60158c08e991693e22560c024235207d.jpg,small_distance_0.64|rain_moderate
train,Weight_limit_27t_391_jpg.rf.8fc1b68bc8cd1645fe3ab7aae881e446.jpg,rain_mild
train,Weight_limit_27t_393_jpg.rf.2dbd59c9e9e0746bc64a872377522f14.jpg,small_distance_0.67|fog_moderate
train,Weight_limit_27t_394_jpg.rf.0c715c67cc1494022dd054603b6d462c.jpg,small_distance_0.82|glare_severe
train,Weight_limit_27t_395_jpg.rf.9d4e19e3fb15ca647685421bbc0ef3c4.jpg,rain_mild
train,Weight_limit_27t_396_jpg.rf.eccb16c3d48a5bc2bfc634ef38a1a661.jpg,small_distance_0.61
train,Weight_limit_27t_397_jpg.rf.fadf115be3d41fc6199d482687d56736.jpg,occlusion_moderate
train,Weight_limit_27t_398_jpg.rf.b7c32b5813f1e0c0d8221a351e4c6534.jpg,low_light_mild
train,Weight_limit_27t_39_jpg.rf.ec807a248cf5ffdf6627a5215805e9bb.jpg,small_distance_0.71|low_light_mild
train,Weight_limit_27t_3_jpg.rf.f0add2c9d04dabdb2cda67f59fe1d2bb.jpg,rain_moderate
train,Weight_limit_27t_400_jpg.rf.4990d8dbfe9eb3d1206ee4c2b34d33da.jpg,small_distance_0.79|occlusion_severe
train,Weight_limit_27t_401_jpg.rf.f0dda49e0b76df3b415bc81c28d4500e.jpg,glare_severe
train,Weight_limit_27t_402_jpg.rf.b9d689f15491da07a2af5ea575d9e28e.jpg,small_distance_0.64|blur_moderate
train,Weight_limit_27t_405_jpg.rf.dec028d8bdfbfc03c995b123b8230bfa.jpg,small_distance_0.56
train,Weight_limit_27t_406_jpg.rf.4f4cc6852c1ec074cb29ff27ae1bf0c0.jpg,small_distance_0.80|blur_moderate
train,Weight_limit_27t_408_jpg.rf.0a7933daefb10cf05ee1f1af3d7112d3.jpg,blur_severe
train,Weight_limit_27t_409_jpg.rf.120a0da6f5ea2be275fa5d2defb446fc.jpg,rain_moderate
train,Weight_limit_27t_40_jpg.rf.888e6f4febe3588cf3768d586c88ef79.jpg,clean
train,Weight_limit_27t_410_jpg.rf.660d396a6047f73eb41680f3e22324c6.jpg,occlusion_mild
train,Weight_limit_27t_412_jpg.rf.7fb3ea46406a6457b424635e21d5f293.jpg,blur_mild
train,Weight_limit_27t_414_jpg.rf.1d77c18de41d71c56eddef73593e4cd3.jpg,low_light_severe
train,Weight_limit_27t_416_jpg.rf.f7d3ba114b0551a4e1ebc7bcb3c07390.jpg,glare_severe
train,Weight_limit_27t_417_jpg.rf.ab1a4644cc65172f89f134a312d056b0.jpg,small_distance_0.55
train,Weight_limit_27t_418_jpg.rf.7d485c9ce7a819c8f5090a78a2d6f208.jpg,blur_mild
train,Weight_limit_27t_419_jpg.rf.cfe1f0b628999e984983cce17c979a20.jpg,clean
train,Weight_limit_27t_41_jpg.rf.a7d3384b0b50d36e9cec223b44b40dc7.jpg,small_distance_0.76|fog_severe
train,Weight_limit_27t_420_jpg.rf.a2f6d3a18faa33875dc1728cf9ab4705.jpg,rain_severe
train,Weight_limit_27t_422_jpg.rf.85c1ccea28831d628033ce5ad87e655d.jpg,rain_mild
train,Weight_limit_27t_423_jpg.rf.7bf2b42ab1df11906e74cc3de2db92d4.jpg,occlusion_moderate
train,Weight_limit_27t_424_jpg.rf.1a19e302d0d00ff14314e389fa5d1feb.jpg,glare_moderate
train,Weight_limit_27t_425_jpg.rf.9f9a32fe5b29592fb316beb13a136bde.jpg,small_distance_0.82|blur_mild
train,Weight_limit_27t_426_jpg.rf.5822f1fae15ca28faf4aab449f359c37.jpg,glare_severe
train,Weight_limit_27t_427_jpg.rf.afd7d53252c6baec6bd52c8056bf1b97.jpg,small_distance_0.81
train,Weight_limit_27t_428_jpg.rf.53c2c6df30dff5a2cb59e43238e707ca.jpg,clean
train,Weight_limit_27t_430_jpg.rf.76eb5a5278dbba214ea6fa0d10653abe.jpg,clean
train,Weight_limit_27t_431_jpg.rf.5016a93e234b02f39b258a7f5b165683.jpg,clean
train,Weight_limit_27t_432_jpg.rf.8c499e6d285afb0e9aee00876c51ec9e.jpg,clean
train,Weight_limit_27t_433_jpg.rf.aca5bf58199d8be2889c68092de7f92e.jpg,small_distance_0.85
train,Weight_limit_27t_434_jpg.rf.9be67d5e915325379a50b2bdb6011dca.jpg,small_distance_0.84|rain_severe
train,Weight_limit_27t_435_jpg.rf.ff9807c265efd91b5fdb32a214e9c81e.jpg,low_light_moderate
train,Weight_limit_27t_436_jpg.rf.a2c76d5c9ef55cfc3940a11d53293874.jpg,glare_severe
train,Weight_limit_27t_437_jpg.rf.e271b8c19a7bcb0cf2c85005a3205213.jpg,clean
train,Weight_limit_27t_43_jpg.rf.1aad4b06c163ed92f42d735d99c2ea39.jpg,small_distance_0.73|fog_mild
train,Weight_limit_27t_440_jpg.rf.b7cdd3225c92e9114de32b9d000eab05.jpg,glare_moderate
train,Weight_limit_27t_441_jpg.rf.09792eb4c11a32d7addf35e68205b0ec.jpg,blur_severe
train,Weight_limit_27t_442_jpg.rf.28b6ee1a6c9f8098103d33dcbd501615.jpg,small_distance_0.79|occlusion_mild
train,Weight_limit_27t_443_jpg.rf.8c807e89face2b1ebbf3a2e6450535af.jpg,rain_severe
train,Weight_limit_27t_444_jpg.rf.839ace8970845055b06e7c3b32ed7abd.jpg,clean
train,Weight_limit_27t_447_jpg.rf.c93572e91ab0b770c3a1b6f36a2488b1.jpg,small_distance_0.83|low_light_severe
train,Weight_limit_27t_448_jpg.rf.74926ac80253bb467ea9d3ddbf019d96.jpg,occlusion_severe
train,Weight_limit_27t_449_jpg.rf.480efb7846854a673d8cff0e3e9648c7.jpg,clean
train,Weight_limit_27t_44_jpg.rf.98e93ade898bf09034aed59963818058.jpg,glare_mild
train,Weight_limit_27t_450_jpg.rf.7edd92e56704543fff562f1b667eeee2.jpg,glare_moderate
train,Weight_limit_27t_451_jpg.rf.1e80d602944b571a5038526c328db78f.jpg,clean
train,Weight_limit_27t_453_jpg.rf.5da6f0c80a5655c9fb6bd7844466740c.jpg,occlusion_mild
train,Weight_limit_27t_454_jpg.rf.5bfc02e7c907c8bf282a5492ccdff8f4.jpg,glare_moderate
train,Weight_limit_27t_456_jpg.rf.3e6d30f4853f02c2fd44258985e52550.jpg,small_distance_0.72|occlusion_severe
train,Weight_limit_27t_457_jpg.rf.6546279b6c24b737874f11d9a43de482.jpg,glare_moderate
train,Weight_limit_27t_458_jpg.rf.ca79ac308d1b56e6cfe4db5edce4cc76.jpg,fog_severe
train,Weight_limit_27t_459_jpg.rf.d59662ff88aa945a1419a4ef1de28d9b.jpg,fog_severe
train,Weight_limit_27t_45_jpg.rf.5ff897ba959aa8ca41c93e31437ca783.jpg,glare_moderate
train,Weight_limit_27t_463_jpg.rf.c1d9ae015187e9499fd48b8560faa905.jpg,clean
train,Weight_limit_27t_464_jpg.rf.14066a7a3be1700f664b72aeaae8a5fc.jpg,rain_severe
train,Weight_limit_27t_466_jpg.rf.80cc0fa8530a2ccbc75b6e11060f303e.jpg,blur_moderate
train,Weight_limit_27t_467_jpg.rf.146b1b771527c9c484862101cc76b312.jpg,small_distance_0.57|fog_mild
train,Weight_limit_27t_468_jpg.rf.363cde4683444c4791f37423ef32a63e.jpg,glare_moderate
train,Weight_limit_27t_469_jpg.rf.09afe926060e8e9810fc420e9466042d.jpg,low_light_mild
train,Weight_limit_27t_46_jpg.rf.b2b66bd34c92342231309914e64f4d08.jpg,fog_moderate
train,Weight_limit_27t_470_jpg.rf.16e60abc69c6f9958c0a7bb199e64b80.jpg,low_light_moderate
train,Weight_limit_27t_472_jpg.rf.744be3724f81e70baf1fad626ad77c3c.jpg,small_distance_0.58
train,Weight_limit_27t_48_jpg.rf.88c40677efd7b49fc28f3b40078d71fc.jpg,occlusion_moderate
train,Weight_limit_27t_4_jpg.rf.118aec6f95197a6700465cdfffd3a0ec.jpg,low_light_mild
train,Weight_limit_27t_51_jpg.rf.8a498fd06c7311e7712a9994f90357ca.jpg,small_distance_0.73|low_light_moderate
train,Weight_limit_27t_52_jpg.rf.704bc1d20cae01ef07e5d0dfc9b5c542.jpg,clean
train,Weight_limit_27t_53_jpg.rf.a677c2980a35c52fe6eb181d8e26e5c5.jpg,small_distance_0.69|rain_severe
train,Weight_limit_27t_57_jpg.rf.f1f80ebc905344036c75156b44f4054a.jpg,small_distance_0.59|blur_mild
train,Weight_limit_27t_58_jpg.rf.14cd5a88d52a90e7237c6020cf813476.jpg,occlusion_mild
train,Weight_limit_27t_5_jpg.rf.bcd31c5c71a9046af29a0dadded825e3.jpg,small_distance_0.70
train,Weight_limit_27t_60_jpg.rf.066a994e99510e559763b54a9d2e84ee.jpg,small_distance_0.63|blur_moderate
train,Weight_limit_27t_61_jpg.rf.f03bd238fd5c43b5de15d74f725e5969.jpg,rain_mild
train,Weight_limit_27t_62_jpg.rf.86feaaa9b41931b6c9cf3ef44db02712.jpg,small_distance_0.81|rain_mild
train,Weight_limit_27t_63_jpg.rf.a93c06c51c0868e7090f41b7f1e2b1ba.jpg,rain_mild
train,Weight_limit_27t_64_jpg.rf.e6444c82e75530c90502b6afaa413d26.jpg,small_distance_0.84|blur_mild
train,Weight_limit_27t_65_jpg.rf.1158eebb51b390d2fba8358c6c23256f.jpg,clean
train,Weight_limit_27t_66_jpg.rf.edf503af06fb51721b8b3ab93af1d7b0.jpg,glare_mild
train,Weight_limit_27t_6_jpg.rf.2dd3b6255e4896d0cafb081f7ce86eb8.jpg,small_distance_0.79|rain_moderate
train,Weight_limit_27t_70_jpg.rf.2829849a4ea76a133dab07dc8ad11176.jpg,fog_mild
train,Weight_limit_27t_71_jpg.rf.78fd26c9b529ceda6b9aa7dbf10589ea.jpg,occlusion_mild
train,Weight_limit_27t_73_jpg.rf.4d284745d7d58b2d256a312e9c059148.jpg,clean
train,Weight_limit_27t_76_jpg.rf.76b113666fab12ffe87ee6890b25ff2b.jpg,small_distance_0.83
train,Weight_limit_27t_77_jpg.rf.2ee16b7d2b5f716a214c3f807ea5b349.jpg,glare_moderate
train,Weight_limit_27t_80_jpg.rf.7cfe3833898624cc8c8123cf2081cbe1.jpg,small_distance_0.66
train,Weight_limit_27t_81_jpg.rf.2db7de957ea1dd00d4f8bba002b8e1f1.jpg,fog_moderate
train,Weight_limit_27t_83_jpg.rf.53eb9946f2b96b04af9d731e16704e43.jpg,fog_severe
train,Weight_limit_27t_84_jpg.rf.3a85dee23df631392361433d2a6a918d.jpg,small_distance_0.66|low_light_severe
train,Weight_limit_27t_85_jpg.rf.69dd86b7d752f9fd407616fae7e7f08c.jpg,low_light_mild
train,Weight_limit_27t_86_jpg.rf.f7008896b07be7118adb9a932c161f50.jpg,clean
train,Weight_limit_27t_87_jpg.rf.0320a23373cebd6600c83c4d1c83a5b0.jpg,clean
train,Weight_limit_27t_88_jpg.rf.4029ea3c0773712ebc12bea03de2d134.jpg,clean
train,Weight_limit_27t_89_jpg.rf.db1d300082664d4f330f628c776d48ad.jpg,clean
train,Weight_limit_27t_8_jpg.rf.e74dcf2e6894a870e2545ca3c4bf16fd.jpg,clean
train,Weight_limit_27t_90_jpg.rf.797915010c0c7f3433e86318b7d744fc.jpg,clean
train,Weight_limit_27t_91_jpg.rf.ac0b4ada6f36fdd2cb00882575ae6fc9.jpg,glare_moderate
train,Weight_limit_27t_92_jpg.rf.c4c65a3ed7c3987e04ecfb90d7b04c07.jpg,blur_severe
train,Weight_limit_27t_93_jpg.rf.21bb4224b9e7c43414a1765c6bf72ec3.jpg,low_light_moderate
train,Weight_limit_27t_94_jpg.rf.51301f4a87090f41ae04b6015bc9e652.jpg,small_distance_0.70|rain_mild
train,Weight_limit_27t_95_jpg.rf.c32dc86aee8e84282fb0f21142748a0d.jpg,low_light_severe
train,Weight_limit_27t_98_jpg.rf.90bb1b8c45403a1e6bb4f33a283a1acd.jpg,small_distance_0.80|rain_severe
train,Weight_limit_27t_99_jpg.rf.b56a508a6597ddfaee34348b2e1b8632.jpg,fog_severe
train,Weight_limit_27t_9_jpg.rf.81e05d4e7c3c65c5d29e75fdb0df69c1.jpg,small_distance_0.56|fog_moderate
train,crossroad_image_1_JPG.rf.44840ab4e9442f8fc13127282bb3081f.jpg,occlusion_mild
train,crossroad_image_2_JPG.rf.7417f22a532ab796e6aef2e380dc6309.jpg,glare_moderate
train,give_way_first_image_2_JPG.rf.fd76b56ae04d88d908aa224a0c251082.jpg,small_distance_0.80|rain_moderate
train,hospital_image_2_JPG.rf.4b470f7afb101d9e4889e4f90bb5be34.jpg,small_distance_0.85|rain_severe
train,mosque_image_2_JPG.rf.24662a2066cbf8d2bbdb38cb9394e121.jpg,small_distance_0.69|occlusion_moderate
train,no_overtaking_image_1_JPG.rf.08aaab37b30d59913c45dbc76a0e89cb.jpg,clean
train,no_overtaking_image_2_JPG.rf.8853e633aee1bb5ed704af2547d380bf.jpg,fog_severe
train,no_vehicle_entry_image_2_JPG.rf.9b3113495bd611f60142ec7bd0bbda18.jpg,rain_severe
train,pedestrian_crossing_image_1_JPG.rf.604dc6e6f903ed66249e918ead4af129.jpg,rain_moderate
train,pedestrian_crossing_image_3_JPG.rf.f667b8fe0c01a0ac55a973372b90f41d.jpg,fog_mild
train,road_bump_image_1_JPG.rf.c2c2278a96cebe2039dd3d292438979f.jpg,occlusion_mild
train,road_bump_image_2_JPG.rf.de941d36cd245568b634f36a963bf8f7.jpg,small_distance_0.65|low_light_mild
train,school_ahead_image_2_JPG.rf.95044f0bcb703f27a04d758e4acb997f.jpg,small_distance_0.65
train,sharp_left_bend_image_1_JPG.rf.df54c95f01aebf7d51c3867c11c0bd39.jpg,small_distance_0.69|occlusion_severe
train,sideroad_left_image_1_JPG.rf.38b849b3738c58447766d97baa59d847.jpg,rain_moderate
train,sideroad_right_image_1_JPG.rf.a5109a4511746a469aad01b95bc45cdf.jpg,clean
train,sideroad_right_image_2_JPG.rf.590de2cf8ddf90738340c7c6be55c53e.jpg,small_distance_0.57|blur_mild
train,speed_limit_image_2_JPG.rf.9b9e54c019f1182839bb51e66c60615e.jpg,small_distance_0.75|fog_mild
train,toll_image_2_JPG.rf.11ffe429169f689428bfebabf0e6a17a.jpg,glare_moderate
train,traffic_merges_from_right_image_1_JPG.rf.659edc53cf81e833833ebe5dbcd8137f.jpg,small_distance_0.68|rain_severe
train,traffic_merges_from_right_image_2_JPG.rf.e280feb62caea5a58be4037839a84849.jpg,small_distance_0.76|glare_mild
valid,Emergency_break_100_jpg.rf.77c34218dfdd5ca3fa825c34f3ac1b23.jpg,clean
valid,Emergency_break_106_jpg.rf.ec0420ac356ec0f3bfd90632c010ab6f.jpg,clean
valid,Emergency_break_10_jpg.rf.c25ee5130b2a36132647d3599ed0f084.jpg,clean
valid,Emergency_break_111_jpg.rf.a08cb175bf8e5b55d65787063e34ec36.jpg,clean
valid,Emergency_break_112_jpg.rf.377bb06e4f6eff7f6eb5e40fc9b341ee.jpg,clean
valid,Emergency_break_113_jpg.rf.7c12fda9e93bbf9cbdb6f25f504ae453.jpg,clean
valid,Emergency_break_117_jpg.rf.73c289aec77ef369f5afe3b9a2b9bdce.jpg,clean
valid,Emergency_break_127_jpg.rf.5f63f19dcae9601e37091a4a7e8c4446.jpg,clean
valid,Emergency_break_129_jpg.rf.34147bf84d1934053e3544657be82c22.jpg,clean
valid,Emergency_break_136_jpg.rf.7054c953950ee71778dde6e9e4552e92.jpg,clean
valid,Emergency_break_1_jpg.rf.c45d64cf84e96f2d9ec28fddf6ffcb3e.jpg,clean
valid,Emergency_break_250m_101_jpg.rf.378ec31ee6f57aa2316311a0b30a36f7.jpg,clean
valid,Emergency_break_250m_103_jpg.rf.d9658fa3236930293a6a38d4052fbd82.jpg,clean
valid,Emergency_break_250m_104_jpg.rf.2b30d4c08c30e4ebcbc932e525e18aca.jpg,clean
valid,Emergency_break_250m_105_jpg.rf.e4198f6030bf7344f5c64b61fd63fa8a.jpg,clean
valid,Emergency_break_250m_125_jpg.rf.0d3caf235996aa29630c8d5ebfd91853.jpg,clean
valid,Emergency_break_250m_133_jpg.rf.14d16e0c35dfda02712cd63b19d8481b.jpg,clean
valid,Emergency_break_250m_145_jpg.rf.88b8a4b875628fdf9d0b98ce502986aa.jpg,clean
valid,Emergency_break_250m_153_jpg.rf.df9997bdad770b40ab621a43b7d5f2b1.jpg,clean
valid,Emergency_break_250m_155_jpg.rf.5c9941d503f3c3c7b37694306f44fa90.jpg,clean
valid,Emergency_break_250m_161_jpg.rf.e71e7f4f6166746cf9957304eed2d26b.jpg,clean
valid,Emergency_break_250m_172_jpg.rf.d2cfecf5d92d10e5d31fb8b1113d9502.jpg,clean
valid,Emergency_break_250m_173_jpg.rf.29d51c7a4044e4305aefdfda0cbffa0b.jpg,clean
valid,Emergency_break_250m_22_jpg.rf.b8c0cbd20b1b9127083ddbfd8cdee63a.jpg,clean
valid,Emergency_break_250m_34_jpg.rf.6020c9e8e1be3d4854411fb629a1438f.jpg,clean
valid,Emergency_break_250m_38_jpg.rf.eecf0bf680fbfc6ecbf2ce12ca6b3a08.jpg,clean
valid,Emergency_break_250m_40_jpg.rf.e8900a50df41aa5d5dfbb7c5178963ca.jpg,clean
valid,Emergency_break_250m_49_jpg.rf.853b1fd3bee6449ca8d3ddd76501621f.jpg,clean
valid,Emergency_break_250m_4_jpg.rf.fd82f9e981c706b4d37d7137b813bc95.jpg,clean
valid,Emergency_break_250m_52_jpg.rf.e4d849870f734dd76354d5b2090a1c8e.jpg,clean
valid,Emergency_break_250m_58_jpg.rf.88584be1d92a842602d4e4b21a0a1ded.jpg,clean
valid,Emergency_break_250m_61_jpg.rf.02ac05728667c6adfc58d67ec0b7d225.jpg,clean
valid,Emergency_break_250m_64_jpg.rf.83305616d27677d13c0cc22559fd9142.jpg,clean
valid,Emergency_break_250m_73_jpg.rf.06af389cbec5d97a22046502445871f7.jpg,clean
valid,Emergency_break_250m_80_jpg.rf.660cc2b342c833cceb55c2d4c3dcbbb6.jpg,clean
valid,Emergency_break_250m_82_jpg.rf.690d17ba756ae95cb8900a7919ed8496.jpg,clean
valid,Emergency_break_250m_87_jpg.rf.efeae964bfc849741eb6e0dff7ad5fb0.jpg,clean
valid,Emergency_break_250m_88_jpg.rf.9228ac2d6423262deb01fa2c2beca11a.jpg,clean
valid,Emergency_break_38_jpg.rf.0b8d71f1dce7c8f35cc9452edfca2907.jpg,clean
valid,Emergency_break_42_jpg.rf.f7ea9b23cdcccd4e6ec941a791fcbdd1.jpg,clean
valid,Emergency_break_45_jpg.rf.6b31366c6a8bd3769b065acc6c3e848a.jpg,clean
valid,Emergency_break_55_jpg.rf.9b559aba00191c19cd2b5ff06fa2ee17.jpg,clean
valid,Emergency_break_59_jpg.rf.387af070b6ef74f201d095cbc098d2d1.jpg,clean
valid,Emergency_break_60_jpg.rf.972a188df75c5eaaed4c8082e60b5c9a.jpg,clean
valid,Emergency_break_70_jpg.rf.b230d9b083c7818c6b5415306b736bd3.jpg,clean
valid,Emergency_break_73_jpg.rf.a4d7d2b8d14cc3ff31c204e9f16d2160.jpg,clean
valid,Emergency_break_78_jpg.rf.0cab9d700755635955d90d251655067c.jpg,clean
valid,Emergency_break_79_jpg.rf.0d2c6196d320c6dd6f66bb9aff04614e.jpg,clean
valid,Emergency_break_7_jpg.rf.40351abbe13abc3f6a68ff1a22affe00.jpg,clean
valid,Emergency_break_80_jpg.rf.e7bf3d5946b3a60a372fb0ee752e6a0b.jpg,clean
valid,Emergency_break_88_jpg.rf.12e6e1a1ce09353086a7d803e8578361.jpg,clean
valid,Emergency_break_8_jpg.rf.950e05a9daa0522d4a1d421c7bb93b42.jpg,clean
valid,Emergency_break_90_jpg.rf.cc3003855fc282c14ef2e316a4aa8fca.jpg,clean
valid,Emergency_break_93_jpg.rf.e6771e2d1082e53a67824cdddf899922.jpg,clean
valid,Emergency_break_96_jpg.rf.96e541c8c9ee1ea6c262480fcb265f79.jpg,clean
valid,Height_limit_5-7m_0_jpg.rf.990ca0dfcf7ee3f7b7d42b0ceca7fa58.jpg,clean
valid,Height_limit_5-7m_107_jpg.rf.ed701aa2973bfbfbb39def1215fd9bd5.jpg,clean
valid,Height_limit_5-7m_10_jpg.rf.5d331e6951d95a9a6b28eb75e8c253d0.jpg,clean
valid,Height_limit_5-7m_111_jpg.rf.ad50ac9354a35f700d512858c567aa87.jpg,clean
valid,Height_limit_5-7m_117_jpg.rf.78a99a20b2ff3075a015a17b28c6c01f.jpg,clean
valid,Height_limit_5-7m_131_jpg.rf.387245e710599f3bba1a43b823ec1b3d.jpg,clean
valid,Height_limit_5-7m_132_jpg.rf.27f0baebeafb154e0cc02c17384b5487.jpg,clean
valid,Height_limit_5-7m_136_jpg.rf.bcc9f1971e1853aeee03c19da145742c.jpg,clean
valid,Height_limit_5-7m_137_jpg.rf.5cb70d4fb4b57aa8ac673b974e6d3a63.jpg,clean
valid,Height_limit_5-7m_138_jpg.rf.0408cdbff13924f02e0e764c63f58d88.jpg,clean
valid,Height_limit_5-7m_142_jpg.rf.986e19c6df5e959c4b4d6e6e25f67497.jpg,clean
valid,Height_limit_5-7m_145_jpg.rf.279e66986aada58dda6114cb18b16292.jpg,clean
valid,Height_limit_5-7m_146_jpg.rf.6954ace0c56a7197afbb1f67b423c1c1.jpg,clean
valid,Height_limit_5-7m_147_jpg.rf.be6d0da06bee45c174e59d6667cd4e9a.jpg,clean
valid,Height_limit_5-7m_150_jpg.rf.0b8a32d4d7a5036fb75c0b75abbb0269.jpg,clean
valid,Height_limit_5-7m_153_jpg.rf.7ee14cb3d70ec56bfd8ca428507d1cf9.jpg,clean
valid,Height_limit_5-7m_173_jpg.rf.e7d71280af5b2e4643a29629d60d72a8.jpg,clean
valid,Height_limit_5-7m_176_jpg.rf.20c9dfa031f3aaa992f1e1a0f3dd4eac.jpg,clean
valid,Height_limit_5-7m_182_jpg.rf.5c1031b4e055b91d8dad7d0f70315b88.jpg,clean
valid,Height_limit_5-7m_183_jpg.rf.e9e6fe1ab2dbe08bc2a2f414b28823c1.jpg,clean
valid,Height_limit_5-7m_189_jpg.rf.08c53e12fb23a12b6535ed8577ec06bc.jpg,clean
valid,Height_limit_5-7m_192_jpg.rf.b87d63658f22215b89468fdd53d361d1.jpg,clean
valid,Height_limit_5-7m_199_jpg.rf.5e9f43acd908155865084f87ef466149.jpg,clean
valid,Height_limit_5-7m_1_jpg.rf.aaa2faf060364fd07f706934ebac083b.jpg,clean
valid,Height_limit_5-7m_203_jpg.rf.9578ac5eca32eeb2965840be3f254b96.jpg,clean
valid,Height_limit_5-7m_207_jpg.rf.c78338fb7330a724c58b17784734a325.jpg,clean
valid,Height_limit_5-7m_216_jpg.rf.862a6dfe752361f99723359f7e49d747.jpg,clean
valid,Height_limit_5-7m_223_jpg.rf.f5fe49086ff781e75be63df056d64824.jpg,clean
valid,Height_limit_5-7m_228_jpg.rf.0460c1e5436bb0b21f36d2b18a44aa39.jpg,clean
valid,Height_limit_5-7m_22_jpg.rf.6763630df409ec468b0c667ea8fdf8c4.jpg,clean
valid,Height_limit_5-7m_234_jpg.rf.90dc4c28b1d4963f278a05268146d019.jpg,clean
valid,Height_limit_5-7m_235_jpg.rf.169a78cd892cb70f9097b232cf7de955.jpg,clean
valid,Height_limit_5-7m_237_jpg.rf.2aa5dc165ff1f6906107223385264ee7.jpg,clean
valid,Height_limit_5-7m_252_jpg.rf.2429561c2be12f2d5b75f54164e3eca2.jpg,clean
valid,Height_limit_5-7m_261_jpg.rf.8c765aac28d49192f436d8efc718e2d1.jpg,clean
valid,Height_limit_5-7m_268_jpg.rf.e35023dc28d78c6329843ac386261711.jpg,clean
valid,Height_limit_5-7m_269_jpg.rf.da3d94974d2cfa0cd203e64b7f4d9ed9.jpg,clean
valid,Height_limit_5-7m_286_jpg.rf.94724c9fa8cba44cb628da9ab99a5d2b.jpg,clean
valid,Height_limit_5-7m_289_jpg.rf.76f454fceefc2fd489dbbf7d7a460598.jpg,clean
valid,Height_limit_5-7m_300_jpg.rf.7a90bee66a4cbd67dec9178f740a92d2.jpg,clean
valid,Height_limit_5-7m_302_jpg.rf.7dbafcf7df7a262f4352538597f0f9f5.jpg,clean
valid,Height_limit_5-7m_310_jpg.rf.759ac12256984e97b964ee30f3c28154.jpg,clean
valid,Height_limit_5-7m_323_jpg.rf.9bee55eba3f1685e816246a1e3c41776.jpg,clean
valid,Height_limit_5-7m_335_jpg.rf.532cf141f485b41f32202714ac0f1f23.jpg,clean
valid,Height_limit_5-7m_339_jpg.rf.ef14334a9646f884587775bb63cc9089.jpg,clean
valid,Height_limit_5-7m_345_jpg.rf.d634113e478eb97969b0d1276658628b.jpg,clean
valid,Height_limit_5-7m_356_jpg.rf.19f492c3ee469ea835b7164790b264c8.jpg,clean
valid,Height_limit_5-7m_362_jpg.rf.4c3696ea80b998566c77ca90b68e0d57.jpg,clean
valid,Height_limit_5-7m_366_jpg.rf.641e49d2bc67c0508d6e22fc765e64c9.jpg,clean
valid,Height_limit_5-7m_367_jpg.rf.43169141af1347d1a3c6f9c512308d2f.jpg,clean
valid,Height_limit_5-7m_368_jpg.rf.b7d24d6eee84b606b37bb955de34f0da.jpg,clean
valid,Height_limit_5-7m_372_jpg.rf.822af28e3f8a8face208f5c64dc99823.jpg,clean
valid,Height_limit_5-7m_378_jpg.rf.5a65ea04fd8622bc4483f8e8feb1aaac.jpg,clean
valid,Height_limit_5-7m_379_jpg.rf.7d4ac5aac43bc61b02115849b38f0f4b.jpg,clean
valid,Height_limit_5-7m_387_jpg.rf.58d08bff116acd6bdef12672fb4a5dd9.jpg,clean
valid,Height_limit_5-7m_388_jpg.rf.ce2524777b6baf828f44287212f3db7d.jpg,clean
valid,Height_limit_5-7m_393_jpg.rf.ffccf162e4c135a145280eacf8aa123f.jpg,clean
valid,Height_limit_5-7m_394_jpg.rf.cc80566fcc5c41b6b8696cb919d4900c.jpg,clean
valid,Height_limit_5-7m_396_jpg.rf.5182aff2e96c4f9c3be8b5577bb2abad.jpg,clean
valid,Height_limit_5-7m_402_jpg.rf.1efafd35ae7565e6784294af3e69f5bb.jpg,clean
valid,Height_limit_5-7m_406_jpg.rf.388098ae98e007da09819ba3c569b22c.jpg,clean
valid,Height_limit_5-7m_417_jpg.rf.26033b7874497bdbff6c5b28c07361f5.jpg,clean
valid,Height_limit_5-7m_419_jpg.rf.d7d64fe04a05f0121635738782f31769.jpg,clean
valid,Height_limit_5-7m_431_jpg.rf.3d18487486c0e0a597b078b775557cde.jpg,clean
valid,Height_limit_5-7m_433_jpg.rf.cc675841f8c3206a5506c46b4511e468.jpg,clean
valid,Height_limit_5-7m_438_jpg.rf.641abf3ba7358028f5ce8248877edaac.jpg,clean
valid,Height_limit_5-7m_43_jpg.rf.4abd95cd92df9188d4a905c9a8b6f97a.jpg,clean
valid,Height_limit_5-7m_441_jpg.rf.2a2b1ddad761891503b708c94c004b47.jpg,clean
valid,Height_limit_5-7m_445_jpg.rf.54fa08a5e5d2b352503f68affa72f3b2.jpg,clean
valid,Height_limit_5-7m_446_jpg.rf.e983d2d47302cce78e79d0d41fbb37f2.jpg,clean
valid,Height_limit_5-7m_452_jpg.rf.bca7153c51b0a7244991bf054a02ef90.jpg,clean
valid,Height_limit_5-7m_455_jpg.rf.61fa69ed578ec2148a2a52353828a1cb.jpg,clean
valid,Height_limit_5-7m_456_jpg.rf.3957229f564fbff68cb6f583c42fb30a.jpg,clean
valid,Height_limit_5-7m_458_jpg.rf.5e51d7d40b2c9bedd9f36fa512634431.jpg,clean
valid,Height_limit_5-7m_461_jpg.rf.371ed32b293e597c1f967f42a6641237.jpg,clean
valid,Height_limit_5-7m_478_jpg.rf.973e4fd1846983c7668b46120f613842.jpg,clean
valid,Height_limit_5-7m_482_jpg.rf.814ec17bbbd5174285088fd4a53e63ee.jpg,clean
valid,Height_limit_5-7m_48_jpg.rf.bb88024d53c04782c821a035889ffad5.jpg,clean
valid,Height_limit_5-7m_502_jpg.rf.86f67088026600dfb5d8bf079c28ff7b.jpg,clean
valid,Height_limit_5-7m_50_jpg.rf.cfe129ff6b734f3ece606bb91ed335c9.jpg,clean
valid,Height_limit_5-7m_521_jpg.rf.9b3fcf2d50c2cf41e5478abae451dc86.jpg,clean
valid,Height_limit_5-7m_530_jpg.rf.ae9a736cc1108d813b4f68a7314b5f2b.jpg,clean
valid,Height_limit_5-7m_537_jpg.rf.64f2d13989d305a8d6e2db2b53ca9205.jpg,clean
valid,Height_limit_5-7m_538_jpg.rf.ccbc5412f207211e42f7d4a33b5f5f8c.jpg,clean
valid,Height_limit_5-7m_545_jpg.rf.2e4c2c6ad68c026de63d9032a5104576.jpg,clean
valid,Height_limit_5-7m_547_jpg.rf.499812d9a60786c0b6395b13ba262cb3.jpg,clean
valid,Height_limit_5-7m_548_jpg.rf.d29e45d3b0412ffa3416f0cf83c3a21d.jpg,clean
valid,Height_limit_5-7m_577_jpg.rf.e41db98991600ada57e7184303387f09.jpg,clean
valid,Height_limit_5-7m_57_jpg.rf.cdb87c4a10d63347e3ed767a12c23d44.jpg,clean
valid,Height_limit_5-7m_588_jpg.rf.1003a533aabdc9148b93533fadcf6854.jpg,clean
valid,Height_limit_5-7m_593_jpg.rf.dc3c29a39e7ae16f56fd35196d35dc93.jpg,clean
valid,Height_limit_5-7m_59_jpg.rf.8f5ed548c85b1886322172240e2c86e9.jpg,clean
valid,Height_limit_5-7m_604_jpg.rf.fad5b9851d1653fc7400d40ddbc0ef89.jpg,clean
valid,Height_limit_5-7m_605_jpg.rf.1df6a46fbaf1c174a0dcb643ed904b6b.jpg,clean
valid,Height_limit_5-7m_60_jpg.rf.f99734a56460a4c9889a1fb9e4606a65.jpg,clean
valid,Height_limit_5-7m_611_jpg.rf.b668cc06b97b99cd3d1aaa665605eff3.jpg,clean
valid,Height_limit_5-7m_613_jpg.rf.c5b8920ee43ab994826feb21d6edbcfd.jpg,clean
valid,Height_limit_5-7m_617_jpg.rf.feceeeeb3936340ac59e262627b4b174.jpg,clean
valid,Height_limit_5-7m_623_jpg.rf.020ac207b66640baf2d68ff0d13a9fe8.jpg,clean
valid,Height_limit_5-7m_631_jpg.rf.35887c0456d03ab89da0a7861350e540.jpg,clean
valid,Height_limit_5-7m_635_jpg.rf.2301ae5a0f7666fde441055f03692228.jpg,clean
valid,Height_limit_5-7m_638_jpg.rf.4baeaa522aecc7e12f037549484d0d95.jpg,clean
valid,Height_limit_5-7m_648_jpg.rf.847d9d0cb34ea0d65c901a348940099f.jpg,clean
valid,Height_limit_5-7m_657_jpg.rf.2d4357bde86c30d553d1050830f3328a.jpg,clean
valid,Height_limit_5-7m_659_jpg.rf.72091dfb564a62194116d1a449124f97.jpg,clean
valid,Height_limit_5-7m_660_jpg.rf.510130eb31fa767a63b7dddab2770698.jpg,clean
valid,Height_limit_5-7m_665_jpg.rf.536fe7e29f7b1a4504babe26c69c0277.jpg,clean
valid,Height_limit_5-7m_669_jpg.rf.940e68d305cb631903660d04e4b93068.jpg,clean
valid,Height_limit_5-7m_672_jpg.rf.0a35e725c063caa4e0506fce892725b3.jpg,clean
valid,Height_limit_5-7m_689_jpg.rf.53de4dc3c5383104e11d171c4bb6a22c.jpg,clean
valid,Height_limit_5-7m_68_jpg.rf.9994135f84614600070f2e2bec136d38.jpg,clean
valid,Height_limit_5-7m_695_jpg.rf.c854438801c9b947fc2b9ccbfca9633a.jpg,clean
valid,Height_limit_5-7m_696_jpg.rf.cce54a9521bc75e620c7ed04f2e0694c.jpg,clean
valid,Height_limit_5-7m_697_jpg.rf.c4b4693d187eb015cc17b61b6ee31fb7.jpg,clean
valid,Height_limit_5-7m_699_jpg.rf.6027b14dd4de0a850a73c422e928217b.jpg,clean
valid,Height_limit_5-7m_705_jpg.rf.301bf32f973746ea097eea16bcafaf69.jpg,clean
valid,Height_limit_5-7m_711_jpg.rf.a7b049fa680dda62a0b35ad7bf20758f.jpg,clean
valid,Height_limit_5-7m_715_jpg.rf.d02805e80d3c617f1aeb6a8125af7370.jpg,clean
valid,Height_limit_5-7m_716_jpg.rf.56f0703626655d9dd10da772517fa2e4.jpg,clean
valid,Height_limit_5-7m_722_jpg.rf.955f5641606809331fc524eefc022787.jpg,clean
valid,Height_limit_5-7m_726_jpg.rf.1243fac6208c86956d7812e65dc03d52.jpg,clean
valid,Height_limit_5-7m_729_jpg.rf.2430c8afc376028d050d001f045ae3c7.jpg,clean
valid,Height_limit_5-7m_734_jpg.rf.e499eb07a15c71c958e97a8d9ab6cfe5.jpg,clean
valid,Height_limit_5-7m_739_jpg.rf.a973ad1352e2a434fcc9b830e651dfff.jpg,clean
valid,Height_limit_5-7m_741_jpg.rf.7340bbd41e204f868e7b26b3ba17aaae.jpg,clean
valid,Height_limit_5-7m_748_jpg.rf.0b3cf0a4d49861186a92cbd21e2611bb.jpg,clean
valid,Height_limit_5-7m_749_jpg.rf.de798fbf86e7b5e8538b8115720cdc51.jpg,clean
valid,Height_limit_5-7m_74_jpg.rf.bde6dfcd19ce5c76128d14dca01cbd4e.jpg,clean
valid,Height_limit_5-7m_755_jpg.rf.0965f550fc20eeffe028c37d796a3c4e.jpg,clean
valid,Height_limit_5-7m_763_jpg.rf.4f36ab7630e076a74440f315772496db.jpg,clean
valid,Height_limit_5-7m_770_jpg.rf.2eec935a59e5998c4493e3db8619052d.jpg,clean
valid,Height_limit_5-7m_776_jpg.rf.a363ac0905f04c0cfd6accd037f5bb39.jpg,clean
valid,Height_limit_5-7m_780_jpg.rf.7b34cad298156a1598a986de5f73bcfc.jpg,clean
valid,Height_limit_5-7m_788_jpg.rf.06b6a5557f52aa32df9b20f64e2636e8.jpg,clean
valid,Height_limit_5-7m_78_jpg.rf.dfe4d280ce8cc0fd392092f57fc0d8cf.jpg,clean
valid,Height_limit_5-7m_793_jpg.rf.4486558511558b4ba43a49e0b6a6ba1f.jpg,clean
valid,Height_limit_5-7m_803_jpg.rf.28c26abf0e39fbb129b5c4bd090af1c1.jpg,clean
valid,Height_limit_5-7m_806_jpg.rf.0ddff3ba7b569f7f9375daa576511de6.jpg,clean
valid,Height_limit_5-7m_808_jpg.rf.df2bc2a19b428d4e0fd554da99d6bab9.jpg,clean
valid,Height_limit_5-7m_810_jpg.rf.99aa8e441affd509c18fc53af3839b14.jpg,clean
valid,Height_limit_5-7m_811_jpg.rf.0776c1956a118028dcb47fd549a9c92a.jpg,clean
valid,Height_limit_5-7m_812_jpg.rf.6dc9148c947bd9e139d14a04d22dbf67.jpg,clean
valid,Height_limit_5-7m_813_jpg.rf.441ac139641563a48b38a2d67ba4e819.jpg,clean
valid,Height_limit_5-7m_818_jpg.rf.9ef6904f8dc191847d2809d48497c74c.jpg,clean
valid,Height_limit_5-7m_820_jpg.rf.61d63cf090bd54dd2b66b5688b386c20.jpg,clean
valid,Height_limit_5-7m_821_jpg.rf.8c5d9a539702d3a1470bbabfc1ad5563.jpg,clean
valid,Height_limit_5-7m_826_jpg.rf.df1de2115efe2398ab57f2d014228d24.jpg,clean
valid,Height_limit_5-7m_839_jpg.rf.ed20e38934c3a8d87fc8e4c9508885d0.jpg,clean
valid,Height_limit_5-7m_847_jpg.rf.04800ea655ea707f9a3ad2c59673987e.jpg,clean
valid,Height_limit_5-7m_851_jpg.rf.fe25d493d99bb438d39f57ec96ee03d6.jpg,clean
valid,Height_limit_5-7m_853_jpg.rf.c7cdbfae1e72eb2202fe513e8ee3a1ba.jpg,clean
valid,Height_limit_5-7m_856_jpg.rf.865f1b5339da1c67227f1c5680b30f60.jpg,clean
valid,Height_limit_5-7m_857_jpg.rf.69c6f291afa650f48e41ce8d459a20a4.jpg,clean
valid,Height_limit_5-7m_864_jpg.rf.b19e3d550920a3eb5f96cf7dc3da597f.jpg,clean
valid,Height_limit_5-7m_877_jpg.rf.3b211e52b4ff11376b006d6b9039c429.jpg,clean
valid,Height_limit_5-7m_878_jpg.rf.b7a630483d0e31a2962d3748fbcf9057.jpg,clean
valid,Height_limit_5-7m_881_jpg.rf.8c5e1157c554e3afeeff0ae814b46bbe.jpg,clean
valid,Height_limit_5-7m_887_jpg.rf.2e39382cadbeb392dfcd58046858f499.jpg,clean
valid,Height_limit_5-7m_889_jpg.rf.5bb93743577a1db820d24eb253baa273.jpg,clean
valid,Height_limit_5-7m_893_jpg.rf.19de48ac271e5414fb7e453fe63e6865.jpg,clean
valid,Height_limit_5-7m_895_jpg.rf.ae904b3bf82d4813af791e7b558d0a60.jpg,clean
valid,Height_limit_5-7m_897_jpg.rf.36d35d43225979b19f889a35a075e362.jpg,clean
valid,Height_limit_5-7m_898_jpg.rf.7951b5a76585be130999fb36d9800b0b.jpg,clean
valid,Height_limit_5-7m_8_jpg.rf.7879f21473a96309788f8e8baf15703b.jpg,clean
valid,Height_limit_5-7m_90_jpg.rf.10f7db6aa6a9d1e7350fa7c51915bf0a.jpg,clean
valid,Height_limit_5-7m_910_jpg.rf.a070b6008cf8d5584dc4930eabb76f14.jpg,clean
valid,Height_limit_5-7m_917_jpg.rf.b0c599671190c7759832568900234ede.jpg,clean
valid,Height_limit_5-7m_934_jpg.rf.b923fa088f0c76f9a53629378f590b42.jpg,clean
valid,Height_limit_5-7m_941_jpg.rf.0b0f6dc0e9108fc10a6727792f69d47a.jpg,clean
valid,Height_limit_5-7m_944_jpg.rf.aaa87a5d81a6671f800248679e37099c.jpg,clean
valid,Height_limit_5-7m_946_jpg.rf.f5115eacf4bd77b945569437a7b086e2.jpg,clean
valid,Height_limit_5-7m_949_jpg.rf.c72bcbf466c1bea23ca75c90cc7e6a26.jpg,clean
valid,Height_limit_5-7m_950_jpg.rf.b157304ea9ab05059e0c6e342b73266f.jpg,clean
valid,Height_limit_5-7m_958_jpg.rf.e88e006269a061d794dd531497e191ac.jpg,clean
valid,Height_limit_5-7m_959_jpg.rf.dd51df284c29f302542f2d24f0742a0a.jpg,clean
valid,Height_limit_5-7m_961_jpg.rf.def0cd0728291ef4c529588ff0bad496.jpg,clean
valid,Height_limit_5-7m_963_jpg.rf.7b37dc30152a96a2dc1ecc0ad7a891bc.jpg,clean
valid,Height_limit_5-7m_99_jpg.rf.5166f7038c53ac02b9636fdaf9b35555.jpg,clean
valid,Hospital_ahead_11_jpg.rf.2bfe8a82d0fa67fcfb9bb67673716532.jpg,clean
valid,Hospital_ahead_2_jpg.rf.c159d000c5316f2bd3e17fc3a21f4a77.jpg,clean
valid,Hospital_ahead_4_jpg.rf.9551b231e859e8d432a9781a8f06c589.jpg,clean
valid,Hospital_ahead_5_jpg.rf.a6c861c954f78639f7c0adf240985871.jpg,clean
valid,Hospital_ahead_8_jpg.rf.05c4641488b4fdf916f1003718ac4795.jpg,clean
valid,Left_lane_for_truck_14_jpg.rf.db373b8cce990249b1e0cbef5ea8a2cb.jpg,clean
valid,Left_lane_for_truck_16_jpg.rf.2eeb10e47673cd3644d788b153792ec7.jpg,clean
valid,Left_lane_for_truck_22_jpg.rf.29cc58ca88c0f5a3b4fe82ed42207a35.jpg,clean
valid,Left_lane_for_truck_37_jpg.rf.041ebe47e14fdf3acb6885a48e3a3092.jpg,clean
valid,Left_lane_for_truck_38_jpg.rf.444cf214d43840c32e97023b6a6c0f9d.jpg,clean
valid,Left_lane_for_truck_44_jpg.rf.5bc4078ad2fa8dbe9c7f4cb8a756d08a.jpg,clean
valid,Left_lane_for_truck_46_jpg.rf.4f52adf9a8ca405ef63b96ad567eec6f.jpg,clean
valid,Left_lane_for_truck_50_jpg.rf.ccc81ce16b99b07034fc594ec2ba138f.jpg,clean
valid,Left_lane_for_truck_53_jpg.rf.ae9cb34a30bd915fa7df057525ac4569.jpg,clean
valid,Left_lane_for_truck_57_jpg.rf.d46536f7ad8d989d24296ff6b7710c52.jpg,clean
valid,Left_lane_for_truck_60_jpg.rf.2209458a4fdebdd64a2ffd7e9bb8e453.jpg,clean
valid,Left_lane_for_truck_63_jpg.rf.d8cf5ff26d702646371c0cd986938bac.jpg,clean
valid,Left_lane_for_truck_67_jpg.rf.0c8244b245af9a9570329d1bb6081ba1.jpg,clean
valid,Left_lane_for_truck_68_jpg.rf.f76247ee36d08e17e2f24545e86852ea.jpg,clean
valid,Left_lane_for_truck_6_jpg.rf.0574a7399fd74db61ea80c206a5f38d7.jpg,clean
valid,Left_lane_for_truck_70_jpg.rf.4f9aa07ce8ec68e56e6e93e8f03ee134.jpg,clean
valid,Left_lane_for_truck_72_jpg.rf.020caed6b1c4f53b7758c318cabd5f73.jpg,clean
valid,Left_lane_for_truck_74_jpg.rf.65d49f7cc2e6233f2326da18e4819815.jpg,clean
valid,Left_lane_for_truck_7_jpg.rf.f7c3926c06b3495f1ef18c1cc8f81491.jpg,clean
valid,Left_lane_for_truck_81_jpg.rf.f1980a709f7c98376a61f7f640d47db4.jpg,clean
valid,Left_lane_for_truck_84_jpg.rf.6f98c5fc900444e04e185989896dd629.jpg,clean
valid,Left_turn_100_jpg.rf.5165ca1ab4fa79ec70d615bc1ea21c00.jpg,clean
valid,Left_turn_101_jpg.rf.fc2682da8019f97da805340d044a6bbe.jpg,clean
valid,Left_turn_104_jpg.rf.873e323be3702c9bdb22de49798a50b4.jpg,clean
valid,Left_turn_106_jpg.rf.785c0cac0a0e0a1a0180ec8c05dd5379.jpg,clean
valid,Left_turn_130_jpg.rf.38f271b88fcb106ccabfdfbc355257ed.jpg,clean
valid,Left_turn_135_jpg.rf.f0ebfff0581e806c9066b544e712682d.jpg,clean
valid,Left_turn_136_jpg.rf.c0a69bf39b1d7187e4c03ba15bd61f26.jpg,clean
valid,Left_turn_13_jpg.rf.c7f4e550a653d2cb4ff49283b29a04eb.jpg,clean
valid,Left_turn_141_jpg.rf.d43c0312f7ab348db86a23b930529457.jpg,clean
valid,Left_turn_151_jpg.rf.12b9add717cd34faeddf745440a6d7cd.jpg,clean
valid,Left_turn_156_jpg.rf.5dbaed0df8ff41689da87306f80d6220.jpg,clean
valid,Left_turn_157_jpg.rf.998ae4aa25449cad0734281e8697b822.jpg,clean
valid,Left_turn_16_jpg.rf.19c61f4c945f259378ffa22a1718af62.jpg,clean
valid,Left_turn_172_jpg.rf.589bbec6eff4f7bc1caf5f58cc6d5dab.jpg,clean
valid,Left_turn_174_jpg.rf.561040be6c9d75b765950bf16e7ee4f7.jpg,clean
valid,Left_turn_177_jpg.rf.7ea7b22b03f0eb3cc1d8118eba95a62b.jpg,clean
valid,Left_turn_178_jpg.rf.21d048581f474e5728b8d5b2ce504eb7.jpg,clean
valid,Left_turn_180_jpg.rf.d0af4fdecb30e34fa7fbbcd820bf2410.jpg,clean
valid,Left_turn_183_jpg.rf.e9a713c4d7857f497c3bea772348a094.jpg,clean
valid,Left_turn_185_jpg.rf.3e976f5f228bce027d28c7a0b246c761.jpg,clean
valid,Left_turn_190_jpg.rf.5c9dc93e46a46fbce75c02840a7bcae0.jpg,clean
valid,Left_turn_195_jpg.rf.e7049891a03bf6865c4d984cb8451522.jpg,clean
valid,Left_turn_201_jpg.rf.cd11ebf64768fb6a5bf5b889d17b0aee.jpg,clean
valid,Left_turn_202_jpg.rf.0ba11c90fb59b501c464e8140a0ea577.jpg,clean
valid,Left_turn_206_jpg.rf.ccc187fc068bd6895ef6e2e745d0b10b.jpg,clean
valid,Left_turn_209_jpg.rf.0a61ae96f46532edc92a794f8f18e934.jpg,clean
valid,Left_turn_211_jpg.rf.eaf57133b971da8ad5faeaa6cca9aa8f.jpg,clean
valid,Left_turn_215_jpg.rf.d6baa8347437d6c34373b71c1cbcb7a4.jpg,clean
valid,Left_turn_21_jpg.rf.14e3129d2fc1acd1b62861c78d1df5bb.jpg,clean
valid,Left_turn_223_jpg.rf.8ac41a52eedd2ce09077174bac28fefa.jpg,clean
valid,Left_turn_228_jpg.rf.09a2f47981f6a91b421284760caadc7f.jpg,clean
valid,Left_turn_229_jpg.rf.cc8b55124e026267e63d4154e42f45b1.jpg,clean
valid,Left_turn_231_jpg.rf.9f7bc2194cf46583e6183d92a6769e95.jpg,clean
valid,Left_turn_237_jpg.rf.5a0270cb645dc794c3eaff72c8c2b792.jpg,clean
valid,Left_turn_242_jpg.rf.1c92b555331356d752a96fb5a9530bb1.jpg,clean
valid,Left_turn_246_jpg.rf.e29689a2b9b2b03689f4b72cff995494.jpg,clean
valid,Left_turn_248_jpg.rf.fb043e92e2a0a34dfb9965ce4ddcb23b.jpg,clean
valid,Left_turn_249_jpg.rf.0c632a906dfdae5542a9a6d87ad6ee6a.jpg,clean
valid,Left_turn_250_jpg.rf.95dfc25eaf4838675e5eb275492add00.jpg,clean
valid,Left_turn_251_jpg.rf.57db5bd207dc3f34ae4627f5fde41365.jpg,clean
valid,Left_turn_252_jpg.rf.fc6ee66b49ddaac15031c75e41615fc8.jpg,clean
valid,Left_turn_258_jpg.rf.29e1ffffe841c4490d198022887b6d23.jpg,clean
valid,Left_turn_264_jpg.rf.756f979e32c416bd8d44691c16443dc1.jpg,clean
valid,Left_turn_270_jpg.rf.00822b3d67c289fbb522d75f598ba02e.jpg,clean
valid,Left_turn_272_jpg.rf.e44ac15382ece47aa3e00475134b1196.jpg,clean
valid,Left_turn_284_jpg.rf.46ca2c056c2d074772e68375df91f5cf.jpg,clean
valid,Left_turn_285_jpg.rf.59e03cbe331c49bce7afece51f45e3d7.jpg,clean
valid,Left_turn_287_jpg.rf.9f8e15554aa610df2b8ed858cd0d9a69.jpg,clean
valid,Left_turn_294_jpg.rf.4b6930ce71f071f7801f64c6e5737b39.jpg,clean
valid,Left_turn_298_jpg.rf.838010b1e297a265736fac1db86ac26d.jpg,clean
valid,Left_turn_299_jpg.rf.500dcdadc8b87ac781f62d90ce142fb3.jpg,clean
valid,Left_turn_2_jpg.rf.d25e984ec9963d494d82fd3c0868cf53.jpg,clean
valid,Left_turn_306_jpg.rf.5bec04e0aa03be7e3ef99bfdd1462efe.jpg,clean
valid,Left_turn_307_jpg.rf.61599c5140c849187d72ff04e26c2d19.jpg,clean
valid,Left_turn_309_jpg.rf.d92fc4f7c9e40d3a2dc933fb1c96f181.jpg,clean
valid,Left_turn_318_jpg.rf.cc8829ca99e61cab8832c9688fdd7947.jpg,clean
valid,Left_turn_39_jpg.rf.db708e66265123b70754a07ec3742b8f.jpg,clean
valid,Left_turn_40_jpg.rf.587dc9493eb42c8cb70b015d2d9799ac.jpg,clean
valid,Left_turn_45_jpg.rf.e9089b08205e503671e6928d3ea88d2c.jpg,clean
valid,Left_turn_47_jpg.rf.5711a8dd48260cc00050224aded8218d.jpg,clean
valid,Left_turn_49_jpg.rf.2b3ffb0d1392cfadd9d3c81d0f6ae54e.jpg,clean
valid,Left_turn_53_jpg.rf.41819d3a6281466faab927b8be651687.jpg,clean
valid,Left_turn_55_jpg.rf.20c556ed02a1cb82ac2718faec084e3c.jpg,clean
valid,Left_turn_59_jpg.rf.d528a17de74a1b849151230e2b92bd6b.jpg,clean
valid,Left_turn_5_jpg.rf.e110c39b5858cfa91ed2e47ed5197b51.jpg,clean
valid,Left_turn_64_jpg.rf.e6198e133b58048a38a0f6c66ace5219.jpg,clean
valid,Left_turn_69_jpg.rf.9d0c429e68c3e0b9cf0d4ee4afb387d4.jpg,clean
valid,Left_turn_71_jpg.rf.ee4871d05e72fefb588b40426dff4fd4.jpg,clean
valid,Left_turn_77_jpg.rf.8b257706e939088092907a924e3f96a6.jpg,clean
valid,Left_turn_80_jpg.rf.be983ded27ecd50ce3674fd055987176.jpg,clean
valid,Left_turn_81_jpg.rf.52c18deee7134d35f029bbef3ebd6165.jpg,clean
valid,Left_turn_82_jpg.rf.24b8709f93524e9379b636515af56d28.jpg,clean
valid,Left_turn_97_jpg.rf.4d6f755f999c14e07e031bfc63a27cbc.jpg,clean
valid,Let_go_first_0_jpg.rf.163d71a2d3a919e87e0cd3f3802a39c0.jpg,clean
valid,Let_go_first_109_jpg.rf.2326874b9240ee9b335c85f1a0e3bc8e.jpg,clean
valid,Let_go_first_115_jpg.rf.10555d1c10ad6ea39baee6179ecd9c16.jpg,clean
valid,Let_go_first_11_jpg.rf.e8dc9f81e520de830feb12a77e477c88.jpg,clean
valid,Let_go_first_121_jpg.rf.ab9433d0827b994a7c4192618d1456c1.jpg,clean
valid,Let_go_first_122_jpg.rf.4b27074de3a76f78b3da4bd5d0c62c7b.jpg,clean
valid,Let_go_first_128_jpg.rf.2dfab8bf76f03991e3301213f869f3f8.jpg,clean
valid,Let_go_first_129_jpg.rf.3e491a41a29d0bcae1126113d2270b3f.jpg,clean
valid,Let_go_first_145_jpg.rf.25aa03660d568046dac8f385496b3fdc.jpg,clean
valid,Let_go_first_146_jpg.rf.2b4f049cec5867d05c2185b943441133.jpg,clean
valid,Let_go_first_152_jpg.rf.b5342c1829fa259f62c686f57ef682ea.jpg,clean
valid,Let_go_first_21_jpg.rf.29c3ce9a8b35ee125abdca06ec5d586f.jpg,clean
valid,Let_go_first_24_jpg.rf.94221feee5fbab5035f36998fb4a9217.jpg,clean
valid,Let_go_first_2_jpg.rf.7b7e55543ee152fd520821ae7b8efe2c.jpg,clean
valid,Let_go_first_34_jpg.rf.0167783e1dcf4d7a6183dda4c1fcb6a0.jpg,clean
valid,Let_go_first_43_jpg.rf.00c925ed5a6cf276fe13a689f9d1af28.jpg,clean
valid,Let_go_first_44_jpg.rf.f226409264ed67794f42a693f5618823.jpg,clean
valid,Let_go_first_46_jpg.rf.ce4448bc7ce951e363a0d5e915a52140.jpg,clean
valid,Let_go_first_4_jpg.rf.228ded87e6cdc0422f50473a6ccf4e2c.jpg,clean
valid,Let_go_first_50_jpg.rf.e84033ff3c2cb95f71bb57db88e43639.jpg,clean
valid,Let_go_first_5_jpg.rf.f941b0fdf609c6a34d62c1cd4145b38f.jpg,clean
valid,Let_go_first_72_jpg.rf.12e996055e2ea0d9854c934eb1b8187c.jpg,clean
valid,Let_go_first_75_jpg.rf.4e852fae3db3a2cfd636949f65c31ccc.jpg,clean
valid,Let_go_first_78_jpg.rf.d8321a2ae26b78053dd4b70226f3fbaf.jpg,clean
valid,Let_go_first_80_jpg.rf.c72771b4a842fb856e85ee3042a4c786.jpg,clean
valid,Let_go_first_84_jpg.rf.9373b955fc6334cb3cfd9e598d8cc7c9.jpg,clean
valid,Let_go_first_87_jpg.rf.9ecfc6ef60b2ec7011f4b7fa711e9d1f.jpg,clean
valid,Let_go_first_88_jpg.rf.071ade9136b8b4d739e3557acb018416.jpg,clean
valid,Let_go_first_97_jpg.rf.30cf328b0908ecef60d9764845d1e857.jpg,clean
valid,Mosque_ahead_106_jpg.rf.cbdad3b4b0f67c8d521ad1892c7b98c9.jpg,clean
valid,Mosque_ahead_107_jpg.rf.a23875ea45733b6e734d9d9cecb14de9.jpg,clean
valid,Mosque_ahead_111_jpg.rf.bfd5574e7153d1d4f40309c5580015e2.jpg,clean
valid,Mosque_ahead_123_jpg.rf.0698222d9615c04d164e38f155e19550.jpg,clean
valid,Mosque_ahead_131_jpg.rf.92b13fcc1037b1c868eed93af1d96548.jpg,clean
valid,Mosque_ahead_132_jpg.rf.469ccfb14eb2271b0fdf79dbf86f7fb1.jpg,clean
valid,Mosque_ahead_139_jpg.rf.40201f2b85902dffb9141a0f4dd8b540.jpg,clean
valid,Mosque_ahead_149_jpg.rf.cb58541df06f1c072b106e4bba867ac9.jpg,clean
valid,Mosque_ahead_14_jpg.rf.1784dae50513114465718f4c54ffac5a.jpg,clean
valid,Mosque_ahead_154_jpg.rf.5c16d09c522a01259f2cffde1763648f.jpg,clean
valid,Mosque_ahead_167_jpg.rf.043b0221460a358c20ee8df8a52b5242.jpg,clean
valid,Mosque_ahead_175_jpg.rf.687130dfe1d8b93f503e7408831ece3b.jpg,clean
valid,Mosque_ahead_17_jpg.rf.cae63332f81cb68e3b9157c95f1c9607.jpg,clean
valid,Mosque_ahead_181_jpg.rf.93a8b62657541f67c9c2fa6c8b6c4485.jpg,clean
valid,Mosque_ahead_188_jpg.rf.49aace4ac83d9e76eb39fa7df5280b26.jpg,clean
valid,Mosque_ahead_191_jpg.rf.2333aedaf9aa1159ae5ee5d762828d8b.jpg,clean
valid,Mosque_ahead_193_jpg.rf.5d92a0305dbb3a66df4121e68805a326.jpg,clean
valid,Mosque_ahead_195_jpg.rf.670bc5484c88af42e31bcd6abbfc5b90.jpg,clean
valid,Mosque_ahead_207_jpg.rf.3e6abd7722fc82a497ca132545e1ee9d.jpg,clean
valid,Mosque_ahead_208_jpg.rf.b102c7242a159e85bc875211da9838cd.jpg,clean
valid,Mosque_ahead_20_jpg.rf.32b13af7718720e31a2d31fb9426fe4f.jpg,clean
valid,Mosque_ahead_211_jpg.rf.ae30a89385884c0be580230c0ef67703.jpg,clean
valid,Mosque_ahead_220_jpg.rf.7349811873891c1cf8ddaeab3d2ef136.jpg,clean
valid,Mosque_ahead_233_jpg.rf.3f7700bc032faa498874aae8e56beb95.jpg,clean
valid,Mosque_ahead_237_jpg.rf.27f91d57e4020ae963319ae7cdb29974.jpg,clean
valid,Mosque_ahead_240_jpg.rf.6a4ea4bc99e646aca4ecb9f8a85b5846.jpg,clean
valid,Mosque_ahead_242_jpg.rf.cc44f86923ff8f436cf1f8749a9110d5.jpg,clean
valid,Mosque_ahead_249_jpg.rf.9920fae34e90a381d62af6a56d04b39d.jpg,clean
valid,Mosque_ahead_250_jpg.rf.5ce32ed93be00f6b0b93505bf8e36edd.jpg,clean
valid,Mosque_ahead_251_jpg.rf.d4c2af53b7b3469cc989d099b4f76816.jpg,clean
valid,Mosque_ahead_252_jpg.rf.132f9c3240f28b0b283dd13b0e64411d.jpg,clean
valid,Mosque_ahead_255_jpg.rf.143c333b166ea962afd8110492822332.jpg,clean
valid,Mosque_ahead_25_jpg.rf.b92f6e4bfecb209166fd952dd1b90065.jpg,clean
valid,Mosque_ahead_264_jpg.rf.d67dfa0a0a7bdb6876011ba2ee5cdf95.jpg,clean
valid,Mosque_ahead_271_jpg.rf.aeb8c83c94e414bab26c8832391628f7.jpg,clean
valid,Mosque_ahead_295_jpg.rf.33f0202531515a1e1729c60029393f29.jpg,clean
valid,Mosque_ahead_29_jpg.rf.30d6b047e14edd318ccd3eca69ce4cee.jpg,clean
valid,Mosque_ahead_2_jpg.rf.432191a2010735f79c141d65bf481275.jpg,clean
valid,Mosque_ahead_306_jpg.rf.41ccec7647abb3c9510e4f5709d6789d.jpg,clean
valid,Mosque_ahead_308_jpg.rf.50f1338e33ec16ec0ad8c5ebdfe0a524.jpg,clean
valid,Mosque_ahead_311_jpg.rf.35f590bb28182a1cd0862dbbd2d558db.jpg,clean
valid,Mosque_ahead_317_jpg.rf.65a80ca5d5ad63108f700fa7ec4231a9.jpg,clean
valid,Mosque_ahead_321_jpg.rf.99205fe6f1b0cd66dfac5e9a20436073.jpg,clean
valid,Mosque_ahead_323_jpg.rf.2ae5a2f703e45554d68a6863ae450b0f.jpg,clean
valid,Mosque_ahead_324_jpg.rf.5ec3b04c41975e25a2f548cf0f6be40f.jpg,clean
valid,Mosque_ahead_327_jpg.rf.f04a7f4ef933ec97f481b0c14ed081b8.jpg,clean
valid,Mosque_ahead_329_jpg.rf.9ef2d35d228ad4163d5c4300f4c44af7.jpg,clean
valid,Mosque_ahead_32_jpg.rf.1243fdd06ea24ab3d38ed22243c5c2c2.jpg,clean
valid,Mosque_ahead_331_jpg.rf.001d81480101740e17c5acb7805b243f.jpg,clean
valid,Mosque_ahead_334_jpg.rf.f29bcbc4e32507cc6618d70f54f54d88.jpg,clean
valid,Mosque_ahead_335_jpg.rf.19dfca2dcc1aabfdd02af6bd390197c8.jpg,clean
valid,Mosque_ahead_337_jpg.rf.410603d7742f438ca2024c5444c046ad.jpg,clean
valid,Mosque_ahead_339_jpg.rf.1c230871681a3c9f8c6b31e7a7e1e636.jpg,clean
valid,Mosque_ahead_341_jpg.rf.392d4aacd46f845fba8290fe710dd78c.jpg,clean
valid,Mosque_ahead_342_jpg.rf.9b5c8cc176b96ef11e2eb8ac67dbe1ba.jpg,clean
valid,Mosque_ahead_346_jpg.rf.1fc83771e5987cf9ffd7a79e48b63dd8.jpg,clean
valid,Mosque_ahead_34_jpg.rf.898a55b20c9939c7344940d980e49299.jpg,clean
valid,Mosque_ahead_359_jpg.rf.4c473c43cb661f1667fb2ea1351da84a.jpg,clean
valid,Mosque_ahead_364_jpg.rf.92dc49024edd4b7ce3cd36dc6efaa7f8.jpg,clean
valid,Mosque_ahead_371_jpg.rf.681bbb1f48795d2e176ed0ade5fed627.jpg,clean
valid,Mosque_ahead_384_jpg.rf.aca7348e539c6ce4f73439229cf108aa.jpg,clean
valid,Mosque_ahead_391_jpg.rf.b280c54b0e90a57bcc3e78418a4068dc.jpg,clean
valid,Mosque_ahead_400_jpg.rf.aa2edde873137b2290a4348bd6fdb0ec.jpg,clean
valid,Mosque_ahead_401_jpg.rf.1ce527d333ab3cf87de9ad964d293f8b.jpg,clean
valid,Mosque_ahead_40_jpg.rf.9bc429c13bb4b95e0ed6af8774c821ea.jpg,clean
valid,Mosque_ahead_415_jpg.rf.2812512658b3654fc3ee080e712c813c.jpg,clean
valid,Mosque_ahead_419_jpg.rf.7857c0760d9f0ed12efd2b709fdbed33.jpg,clean
valid,Mosque_ahead_41_jpg.rf.f49f447a6b50d057150412de2726f6df.jpg,clean
valid,Mosque_ahead_432_jpg.rf.b7ef6a61d8b7eafca000c98087b00fdc.jpg,clean
valid,Mosque_ahead_438_jpg.rf.1d283a603f107a04159d44f6f86659d4.jpg,clean
valid,Mosque_ahead_440_jpg.rf.02bbc52fc45d14990b15e840988c5940.jpg,clean
valid,Mosque_ahead_441_jpg.rf.33d725eb328d4f90780c65e71c0dd093.jpg,clean
valid,Mosque_ahead_442_jpg.rf.fc1592daddc1c14ede65dc9f14cefea0.jpg,clean
valid,Mosque_ahead_444_jpg.rf.b37e1138228d9812e37122b90bd31c83.jpg,clean
valid,Mosque_ahead_448_jpg.rf.cf8df0cb53705f26664bd47f5b6ed2b9.jpg,clean
valid,Mosque_ahead_450_jpg.rf.3d7e52c37197e02b0bf01fe219072ea6.jpg,clean
valid,Mosque_ahead_452_jpg.rf.5922b01a3a1f73c12ad6a539ae0ea11a.jpg,clean
valid,Mosque_ahead_459_jpg.rf.510f465e0c8825dbdb510a0cf4959a80.jpg,clean
valid,Mosque_ahead_463_jpg.rf.1685bf4b8b817a03241d16fd07e16a10.jpg,clean
valid,Mosque_ahead_469_jpg.rf.5c8ee1ec180f25d3ae47eee2e217f226.jpg,clean
valid,Mosque_ahead_46_jpg.rf.f8b68ed9fdd937c399603965f5471646.jpg,clean
valid,Mosque_ahead_483_jpg.rf.9f49213ea1314f2afdab388e839bb7f8.jpg,clean
valid,Mosque_ahead_492_jpg.rf.169664f06e6a955d9af5ff59f46ec873.jpg,clean
valid,Mosque_ahead_504_jpg.rf.b1538144a5aefa3b93e18d2c84df8528.jpg,clean
valid,Mosque_ahead_508_jpg.rf.831fb0466d174f238b3ab864573e627b.jpg,clean
valid,Mosque_ahead_511_jpg.rf.b23777ac366e0cc0079942b78f3435e9.jpg,clean
valid,Mosque_ahead_527_jpg.rf.dcd3575befce9d35b1084cdc63f91666.jpg,clean
valid,Mosque_ahead_55_jpg.rf.40591d8b3628e6af797114c0934a2417.jpg,clean
valid,Mosque_ahead_564_jpg.rf.4763c3970db1e67fb7641e52edaa6601.jpg,clean
valid,Mosque_ahead_565_jpg.rf.054fec1899bf24e40eadf568d3ce5b1f.jpg,clean
valid,Mosque_ahead_567_jpg.rf.9663e934c533d8aa3e95b7c5e66225e9.jpg,clean
valid,Mosque_ahead_570_jpg.rf.fec783940bf30a3fdb6231223935b8a0.jpg,clean
valid,Mosque_ahead_575_jpg.rf.5ccb8e059cafab3aa296268187945c81.jpg,clean
valid,Mosque_ahead_579_jpg.rf.9330835b671a271ecc13466e9a213be1.jpg,clean
valid,Mosque_ahead_57_jpg.rf.4f7b5059cb856ac13bd9a697f9fba6e4.jpg,clean
valid,Mosque_ahead_581_jpg.rf.c5e420642c3dfbcda667e5951d24ab8c.jpg,clean
valid,Mosque_ahead_63_jpg.rf.2bd56d6bf6129d53c67bff426e64bce1.jpg,clean
valid,Mosque_ahead_65_jpg.rf.0cf2fbc7ec85b9aa6985cb5fc31e65b6.jpg,clean
valid,Mosque_ahead_78_jpg.rf.619b9e491a598426ba5960455b959bed.jpg,clean
valid,Narrow_crossing_road_ahead_16_jpg.rf.76d592f3bc7480b5b423d73870ab8a23.jpg,clean
valid,Narrow_crossing_road_ahead_1_jpg.rf.f946c97b48757f00e7f8379e3a644123.jpg,clean
valid,Narrow_crossing_road_ahead_20_jpg.rf.33e3f170a49f8c3838cb7d0129c01b75.jpg,clean
valid,Narrow_crossing_road_ahead_22_jpg.rf.5fa3367acaba15b82def0165b2afe4ef.jpg,clean
valid,Narrow_crossing_road_ahead_32_jpg.rf.8f3688f68be39b506b24c91f3b594bd7.jpg,clean
valid,Narrow_crossing_road_ahead_34_jpg.rf.fb653193aa36e32302728b3735e4a329.jpg,clean
valid,Narrow_crossing_road_ahead_35_jpg.rf.3e5e6e3f89f2c6b29bf88ea5edf03589.jpg,clean
valid,Narrow_crossing_road_ahead_46_jpg.rf.18c177a220e0ce06ccbc7df2d8d94441.jpg,clean
valid,Narrow_crossing_road_ahead_49_jpg.rf.816d98e68b75cf791ce66744b62687c1.jpg,clean
valid,Narrow_crossing_road_ahead_50_jpg.rf.53cecb6c4f6b11be6fa775c187e95417.jpg,clean
valid,Narrow_crossing_road_ahead_54_jpg.rf.2729064f5610b444daebc17457591dd2.jpg,clean
valid,Narrow_crossing_road_ahead_57_jpg.rf.bd8ac9a0a98a93c32f357d45bd4d2cd7.jpg,clean
valid,Narrow_crossing_road_ahead_59_jpg.rf.46d0625e69c68e1433636728e2353865.jpg,clean
valid,Narrow_crossing_road_ahead_62_jpg.rf.0f09d2bfeb1b124968ddab977fdb3fca.jpg,clean
valid,Narrow_crossing_road_ahead_64_jpg.rf.73c295b0767169ec8bab5d9f5a6c1dc2.jpg,clean
valid,Narrow_crossing_road_ahead_66_jpg.rf.d203d08ba8b0d78a1312f1cf2e51fa5a.jpg,clean
valid,Narrow_crossing_road_ahead_69_jpg.rf.1a5e1ac5425ae01bc52a81537b0e4507.jpg,clean
valid,Narrow_crossing_road_ahead_73_jpg.rf.e14e9eb0c0472f724e8d9d8ec5f39115.jpg,clean
valid,Narrow_crossing_road_ahead_76_jpg.rf.3fd92efc8ff019c2bdc4862f252818c6.jpg,clean
valid,Narrow_crossing_road_ahead_7_jpg.rf.cba4b465807f272eaa8ae4cef5517fc2.jpg,clean
valid,Narrow_crossing_road_ahead_87_jpg.rf.28f606a8206c9e6f1793cfad4b6f953f.jpg,clean
valid,Narrow_crossing_road_ahead_91_jpg.rf.88a9ca364b6986e4ae95b3159b87562d.jpg,clean
valid,Narrow_roads_ahead_both_sides_15_jpg.rf.96886e455c95e16117d0049ed4367caf.jpg,clean
valid,Narrow_roads_ahead_both_sides_17_jpg.rf.0b5854bf8f832202e3ade0ac241d4e04.jpg,clean
valid,Narrow_roads_ahead_both_sides_1_jpg.rf.53f3a75a86f188d5cc784e6af7ba1fa2.jpg,clean
valid,Narrow_roads_ahead_both_sides_24_jpg.rf.65e320e1b298382dc1279334a8b23830.jpg,clean
valid,Narrow_roads_ahead_both_sides_38_jpg.rf.900f1ae613cf2bd94e4cf4c25ab819e5.jpg,clean
valid,Narrow_roads_ahead_both_sides_43_jpg.rf.70fd958d53f224e0093438d3fe86efc5.jpg,clean
valid,Narrow_roads_ahead_both_sides_4_jpg.rf.cc3fa56b2a3cbeff9c13cb2fd6a36df1.jpg,clean
valid,Narrow_roads_ahead_both_sides_6_jpg.rf.dfd251e86a849f27c5bf7b11bb24e2da.jpg,clean
valid,No_entry_0_jpg.rf.108a661e9f220b8ac64ac9d890fdfec9.jpg,clean
valid,No_entry_100_jpg.rf.948c1758f187072bc97f9f13bbe3c592.jpg,clean
valid,No_entry_104_jpg.rf.3d9a9f6d76c0224d23fd5b3255b31209.jpg,clean
valid,No_entry_106_jpg.rf.276a834c6b9be867d2f074170f93850d.jpg,clean
valid,No_entry_109_jpg.rf.a1aa568697ad68510beea783aff17ccb.jpg,clean
valid,No_entry_113_jpg.rf.6a5fba5cad21e1cfa4fd215320c07b13.jpg,clean
valid,No_entry_114_jpg.rf.0d08bde0be95b9c38495d41ae1a1b6a4.jpg,clean
valid,No_entry_121_jpg.rf.47716aca7b2259c93fc4dd7376b1c4ea.jpg,clean
valid,No_entry_12_jpg.rf.0be3eeb127dac199e6f1db34818aab33.jpg,clean
valid,No_entry_130_jpg.rf.e83fd78f68135944e59cbd2beeec653c.jpg,clean
valid,No_entry_131_jpg.rf.78216d87b6471ddd56fcb55123eae8d9.jpg,clean
valid,No_entry_140_jpg.rf.bc47f522530f9ea81e0133941f91b8f1.jpg,clean
valid,No_entry_145_jpg.rf.771cb9f474b0dc7bf6ddfdb73558730e.jpg,clean
valid,No_entry_153_jpg.rf.83722c12fdde5c004a1136b26e79e99a.jpg,clean
valid,No_entry_154_jpg.rf.9ae2dbd36d3634330e6742f8ae9f82e2.jpg,clean
valid,No_entry_163_jpg.rf.7cb9654c09a6bf581032d3157335a7f3.jpg,clean
valid,No_entry_167_jpg.rf.42bfa03f1a5ab27adc5225250c9f3fef.jpg,clean
valid,No_entry_169_jpg.rf.90e645ad565291ae4fe23a5d3344bc2d.jpg,clean
valid,No_entry_172_jpg.rf.9732e32b809b85e6faf4d23c61d2d577.jpg,clean
valid,No_entry_174_jpg.rf.3371d7726e6ac3663e94e064f6b6de53.jpg,clean
valid,No_entry_177_jpg.rf.80476a392a18ea0356cbae609701425d.jpg,clean
valid,No_entry_179_jpg.rf.d2206e74132f8a2d411b02556f45b5dc.jpg,clean
valid,No_entry_19_jpg.rf.03346eaccf79d92f8e197e7e61f47a93.jpg,clean
valid,No_entry_20_jpg.rf.4f3ec25edd1cfe67be868ceff0aeada4.jpg,clean
valid,No_entry_22_jpg.rf.5562f5b0f6a5ed53d6308bbae7bf8dfd.jpg,clean
valid,No_entry_25_jpg.rf.7a6736a3c3125bcf1c91df19ed66e767.jpg,clean
valid,No_entry_26_jpg.rf.6c2c082f4db5a0d374126006e61bdb5d.jpg,clean
valid,No_entry_2_jpg.rf.004ad51a91e82c8abdb941394de68550.jpg,clean
valid,No_entry_30_jpg.rf.37567f6698f95687f8236df5d74424c0.jpg,clean
valid,No_entry_34_jpg.rf.392a8f158731c5c299783cea1c1b6b9d.jpg,clean
valid,No_entry_35_jpg.rf.0efe9f1091a790184342b023c50b7a09.jpg,clean
valid,No_entry_36_jpg.rf.c31bb9fe476223fc48b0ee2a246b19f1.jpg,clean
valid,No_entry_50_jpg.rf.c61c4aa93550756c661604cc320ff6c6.jpg,clean
valid,No_entry_59_jpg.rf.bf2e975b50e32da1e34c8f08dbb44ee8.jpg,clean
valid,No_entry_68_jpg.rf.13a6bdd54ebb8febd3ca1e0aac59deb1.jpg,clean
valid,No_entry_69_jpg.rf.df7775e03f345a104d487c86f8c07b67.jpg,clean
valid,No_entry_6_jpg.rf.924ae15068c8b2ceeb930ffffc91f781.jpg,clean
valid,No_entry_75_jpg.rf.84f8dc0cff4a99619118932ca82a06ba.jpg,clean
valid,No_entry_77_jpg.rf.718a518f64208933c4ed23a8464275c8.jpg,clean
valid,No_entry_82_jpg.rf.b58bd3ca70391dc4aadb3446b1b44696.jpg,clean
valid,No_entry_93_jpg.rf.f26841d0ae521f0d197475e4594321e3.jpg,clean
valid,No_entry_97_jpg.rf.e7c0f94113f41d5e71b22a4b35947770.jpg,clean
valid,No_overtaking_107_jpg.rf.658368c611ec0aa107fdf0ac441c499b.jpg,clean
valid,No_overtaking_110_jpg.rf.ede210b681eae9f6bba011bea7dcf5ff.jpg,clean
valid,No_overtaking_112_jpg.rf.09586fc6c123deb6ff28f1202759484d.jpg,clean
valid,No_overtaking_113_jpg.rf.f75ce57c4f94a532ab1732c417aa033a.jpg,clean
valid,No_overtaking_11_jpg.rf.357da8440a7fe7eb8c25fb3cba0980f2.jpg,clean
valid,No_overtaking_123_jpg.rf.97ccf719752cf5dfc2bed677d1a582e1.jpg,clean
valid,No_overtaking_124_jpg.rf.98aeda2ea8b6d1620a1a5023f1e848fd.jpg,clean
valid,No_overtaking_126_jpg.rf.df88165d3429fb663f7a76dbd7d7a7db.jpg,clean
valid,No_overtaking_134_jpg.rf.7e9bdba479bfef0e44d26bad9b370a58.jpg,clean
valid,No_overtaking_149_jpg.rf.34694c280ff7fd8284a85e9f7c8321ed.jpg,clean
valid,No_overtaking_151_jpg.rf.308e5d81ef0468dfc881dae0d7d1af89.jpg,clean
valid,No_overtaking_152_jpg.rf.756abf5f45e073e1572a46e55a819c6d.jpg,clean
valid,No_overtaking_153_jpg.rf.9943e01de6d3be38ea25f9fe2b0523ed.jpg,clean
valid,No_overtaking_15_jpg.rf.8a17c6490eab7952326973d61319385f.jpg,clean
valid,No_overtaking_163_jpg.rf.4951170f3c8c64bc67ae0d3e0c0e1e32.jpg,clean
valid,No_overtaking_166_jpg.rf.b5f399c8f06865a4fe9908fad8e8cbda.jpg,clean
valid,No_overtaking_167_jpg.rf.15762c288256d96b8bfa6b5e40287f5f.jpg,clean
valid,No_overtaking_169_jpg.rf.f9f1f4b3a7e659df19646cf18507337c.jpg,clean
valid,No_overtaking_16_jpg.rf.6333c77be69c0a6bc250b3e2e23c9f43.jpg,clean
valid,No_overtaking_170_jpg.rf.0659f176afaffd92496d94d50b74ceac.jpg,clean
valid,No_overtaking_171_jpg.rf.f2669f534060992d270a55944366a7ba.jpg,clean
valid,No_overtaking_177_jpg.rf.d9bd1f1a16ef79080f70f1f6f6c8955a.jpg,clean
valid,No_overtaking_179_jpg.rf.b144d591dfa6d7b07bc528b0906304b7.jpg,clean
valid,No_overtaking_17_jpg.rf.786de11284c32a4f913e290300b2a85d.jpg,clean
valid,No_overtaking_181_jpg.rf.aaaa4eb70de1405266b0d716a4739c5d.jpg,clean
valid,No_overtaking_183_jpg.rf.f17e2115ac92b88c2c931d4ca44928de.jpg,clean
valid,No_overtaking_201_jpg.rf.2bc025dd039b554e2a11a8288910640c.jpg,clean
valid,No_overtaking_202_jpg.rf.69ac5a098048cdf62e98b0e9124db9cc.jpg,clean
valid,No_overtaking_222_jpg.rf.c836dfc75cbdc35477613c5492c5bc31.jpg,clean
valid,No_overtaking_229_jpg.rf.f94a1836f0b748dd142fb888676738f3.jpg,clean
valid,No_overtaking_230_jpg.rf.6fbf920fb85cfb116cbd9eec00239290.jpg,clean
valid,No_overtaking_235_jpg.rf.3b148c3eb8da863f18ad6ccff8acff92.jpg,clean
valid,No_overtaking_246_jpg.rf.5f9c5c6b4a5d598ec8cdaf31f6c430fc.jpg,clean
valid,No_overtaking_257_jpg.rf.5e95b715aae1b6338f8228a43269fd8e.jpg,clean
valid,No_overtaking_264_jpg.rf.af6602f9de0dcaea7ccd888b7febeea7.jpg,clean
valid,No_overtaking_265_jpg.rf.b2fc9b4c907b2b485b5d951ae880c36b.jpg,clean
valid,No_overtaking_271_jpg.rf.cfbe59bd0fba089af55f935639c99371.jpg,clean
valid,No_overtaking_274_jpg.rf.ea2492340f6b4557636a46565d0640a4.jpg,clean
valid,No_overtaking_280_jpg.rf.fa9461f7adde5f691bb7bfe37a68f61a.jpg,clean
valid,No_overtaking_286_jpg.rf.759d80ef0305b3f7dd2afe922b72b5c4.jpg,clean
valid,No_overtaking_289_jpg.rf.9db9e6fd7d5a70e9fdcbf181be0249d5.jpg,clean
valid,No_overtaking_291_jpg.rf.3fefe29b1e3d31e06d085c578215838a.jpg,clean
valid,No_overtaking_297_jpg.rf.b79c51d3a9431b4b329f952fbd6e244d.jpg,clean
valid,No_overtaking_299_jpg.rf.37f1b2aeeef9015b396556423cee600d.jpg,clean
valid,No_overtaking_29_jpg.rf.34eee181834e706d25248c232b08ecf6.jpg,clean
valid,No_overtaking_304_jpg.rf.04571e67b4e45ad0f1f8748e12c598c6.jpg,clean
valid,No_overtaking_30_jpg.rf.367aab8567b59c78a6510ee9faa3edf9.jpg,clean
valid,No_overtaking_315_jpg.rf.f75542092e3d8b4660692a51271d1b9c.jpg,clean
valid,No_overtaking_318_jpg.rf.b2c0ceec7f38dcf386e0957d470523d6.jpg,clean
valid,No_overtaking_31_jpg.rf.2d9ba09be8882f71edaa09630c11c8f6.jpg,clean
valid,No_overtaking_320_jpg.rf.b73bc5433df132bd141eb856af03ab39.jpg,clean
valid,No_overtaking_322_jpg.rf.81118365c2975c2390171b434b408311.jpg,clean
valid,No_overtaking_328_jpg.rf.184f44986a25938ee886104545bdcde4.jpg,clean
valid,No_overtaking_329_jpg.rf.c93f3595c631e3b3fff0de42cb4f4a83.jpg,clean
valid,No_overtaking_333_jpg.rf.7c92bb81d6db3f3f71cad30f27825021.jpg,clean
valid,No_overtaking_340_jpg.rf.ff11da8c3e2c55cac8ed8e8150bf2d37.jpg,clean
valid,No_overtaking_344_jpg.rf.f58f8e002db2d736a30bd5cfd010ede6.jpg,clean
valid,No_overtaking_346_jpg.rf.2bf643f462e95c1cb66bed8e3921063d.jpg,clean
valid,No_overtaking_353_jpg.rf.8bafe386127d65ce99a6ceef2f6d61a1.jpg,clean
valid,No_overtaking_354_jpg.rf.7802cb29fefbfee397833db38673973a.jpg,clean
valid,No_overtaking_355_jpg.rf.6275ca3e3b965aa5875955f14fb04c45.jpg,clean
valid,No_overtaking_357_jpg.rf.74526b0ba90c0f8509c2da6bd0a71f38.jpg,clean
valid,No_overtaking_359_jpg.rf.a2166a70e0e32de259f23730e9840d27.jpg,clean
valid,No_overtaking_364_jpg.rf.520bb42a427cc73ebaaaaa1e407a2ebe.jpg,clean
valid,No_overtaking_365_jpg.rf.38474005be1cc3795a1a00b6f3decb24.jpg,clean
valid,No_overtaking_366_jpg.rf.5de4fcec4cb8ead7ee74f25225b2b8ca.jpg,clean
valid,No_overtaking_372_jpg.rf.dd216258169f938cb186d71245da7604.jpg,clean
valid,No_overtaking_373_jpg.rf.2d085cc50731ba06fc463d45538755c0.jpg,clean
valid,No_overtaking_374_jpg.rf.264d7d7a2638f5071312cad5a8cd4ab3.jpg,clean
valid,No_overtaking_381_jpg.rf.9c33db76f082261f663fd3c1b0778017.jpg,clean
valid,No_overtaking_382_jpg.rf.2f40f86408749c1ef0f4063baefc24c5.jpg,clean
valid,No_overtaking_384_jpg.rf.97cc06dc0c56cf54d377e381562cd392.jpg,clean
valid,No_overtaking_386_jpg.rf.236502447a589132ede152bc7cade120.jpg,clean
valid,No_overtaking_393_jpg.rf.c45c0ab6a9ac1faf345c9ac4a3289daf.jpg,clean
valid,No_overtaking_394_jpg.rf.5aeb85299ebc6284e5c569621ada45c7.jpg,clean
valid,No_overtaking_399_jpg.rf.f941fc3700db5e30d7fc720743516dc2.jpg,clean
valid,No_overtaking_402_jpg.rf.e22a3035349c07dbb5d25193cf232f53.jpg,clean
valid,No_overtaking_410_jpg.rf.ddd0700d5c31744a5ad3a00737e8c8a5.jpg,clean
valid,No_overtaking_411_jpg.rf.910fc6af5b7c19a51879a6b621bee9a2.jpg,clean
valid,No_overtaking_412_jpg.rf.bdf3db3ee8336f94a3037c353ee20bf4.jpg,clean
valid,No_overtaking_415_jpg.rf.fb09dd2f198f0bf4ef1d139b17d417f2.jpg,clean
valid,No_overtaking_418_jpg.rf.9293190c0ce7d56508b62c5b22c454c3.jpg,clean
valid,No_overtaking_420_jpg.rf.3974366d0f8d3166c5cd08c96d762156.jpg,clean
valid,No_overtaking_429_jpg.rf.5d6a9a837610f0a7618588ae5f24807e.jpg,clean
valid,No_overtaking_42_jpg.rf.2df93077b616edf490fe6580c3d2ef7e.jpg,clean
valid,No_overtaking_437_jpg.rf.3151203afdcef18e93532c6034e013bc.jpg,clean
valid,No_overtaking_441_jpg.rf.04829750d8ee9e56d5deb3debf670df7.jpg,clean
valid,No_overtaking_444_jpg.rf.e023eb6f0cae3d460be3258bcb127bf8.jpg,clean
valid,No_overtaking_445_jpg.rf.bd55f07eecf6fc04c2e8518a46ef463b.jpg,clean
valid,No_overtaking_448_jpg.rf.2143c5690234c2e3c65500943dd18512.jpg,clean
valid,No_overtaking_44_jpg.rf.951a421059f9d1bdf5430f86ffb590fb.jpg,clean
valid,No_overtaking_450_jpg.rf.6d7eacff19fb9545736699e773ebe645.jpg,clean
valid,No_overtaking_460_jpg.rf.eb66ed0128180c1b57dac6fb97b601e9.jpg,clean
valid,No_overtaking_466_jpg.rf.311e91e46c97d1f6972882068850d375.jpg,clean
valid,No_overtaking_467_jpg.rf.412d93b1863a82e0c04ea1758f628143.jpg,clean
valid,No_overtaking_474_jpg.rf.bfac31dc52f39ab0cc38a6e476573709.jpg,clean
valid,No_overtaking_476_jpg.rf.0f60c7353ed9cbf474d52c0c98a739d5.jpg,clean
valid,No_overtaking_478_jpg.rf.678554c3c45103957d214451402fd3d3.jpg,clean
valid,No_overtaking_47_jpg.rf.bb2dc531f6f3f5928de212df53159977.jpg,clean
valid,No_overtaking_488_jpg.rf.e4ca3e02a4479f55d19d0f5e9cc82585.jpg,clean
valid,No_overtaking_510_jpg.rf.4eba85c53e2eeea7662cc0b3945187b5.jpg,clean
valid,No_overtaking_512_jpg.rf.70df85ad6a9516ec1c58f0563a9afe6e.jpg,clean
valid,No_overtaking_523_jpg.rf.9bff16da8672ebdfc8f4d07b0a01b551.jpg,clean
valid,No_overtaking_56_jpg.rf.7e82f9b0792fd426e58c13e37377160c.jpg,clean
valid,No_overtaking_65_jpg.rf.447dd9628244f26653fbf6b72aa7d0ff.jpg,clean
valid,No_overtaking_71_jpg.rf.f2c0e8627221ae1fdd0f2e1d8f430558.jpg,clean
valid,No_overtaking_80_jpg.rf.69b7421b0791a33269f3a0a328532b63.jpg,clean
valid,No_overtaking_90_jpg.rf.0c09888f7c2895e08056f4bf5a3b0c70.jpg,clean
valid,No_overtaking_98_jpg.rf.81cb93e4ec150a9d927a8d7701c219b4.jpg,clean
valid,Pedestrian_crossing_100_jpg.rf.a0ab6b07650eb0a9300c1ddd0c85a8a0.jpg,clean
valid,Pedestrian_crossing_104_jpg.rf.f020416e2e0274408741eb104c3a9753.jpg,clean
valid,Pedestrian_crossing_110_jpg.rf.84372081328ce11df56c7912072c9019.jpg,clean
valid,Pedestrian_crossing_113_jpg.rf.0e399a679bb633ca44330d4626747180.jpg,clean
valid,Pedestrian_crossing_116_jpg.rf.105ebc0280a77b6a8b2446d8abc39923.jpg,clean
valid,Pedestrian_crossing_119_jpg.rf.74ca20ee25bce1fe1248cc6db04afdeb.jpg,clean
valid,Pedestrian_crossing_11_jpg.rf.50e9d307b72976fce63b76c555ee41a7.jpg,clean
valid,Pedestrian_crossing_126_jpg.rf.a1a45ad1c6506ea35f17a25e6bb371e6.jpg,clean
valid,Pedestrian_crossing_128_jpg.rf.0a2ee359210b7a11a9fa75f58abf0439.jpg,clean
valid,Pedestrian_crossing_133_jpg.rf.267ef8cc107cad0ad4bc4dc641a493cb.jpg,clean
valid,Pedestrian_crossing_136_jpg.rf.ee00dfad2ed24b53b519c2e5eb5b403a.jpg,clean
valid,Pedestrian_crossing_137_jpg.rf.3f44dddbe8bd358475a56c3c0de16a06.jpg,clean
valid,Pedestrian_crossing_139_jpg.rf.74349ffe13bb9109f04abe69b13f575c.jpg,clean
valid,Pedestrian_crossing_140_jpg.rf.7b063ab9aae5334b8b64a18ad763d772.jpg,clean
valid,Pedestrian_crossing_142_jpg.rf.611349c55b315d80abc8aba5abfbd07a.jpg,clean
valid,Pedestrian_crossing_144_jpg.rf.4047f592c1bae6cda6fa7b12f4bdcf12.jpg,clean
valid,Pedestrian_crossing_146_jpg.rf.92c534237e8bd8cf0829190278370004.jpg,clean
valid,Pedestrian_crossing_151_jpg.rf.9c4733fb456807bfb4bcac5558cc3ef7.jpg,clean
valid,Pedestrian_crossing_152_jpg.rf.43321eb3af1d90da7588498b682895df.jpg,clean
valid,Pedestrian_crossing_157_jpg.rf.7c623b2ac73acc5ed22130722e4fa024.jpg,clean
valid,Pedestrian_crossing_169_jpg.rf.7e7581b1d70ed8dfe121e1124e3f731e.jpg,clean
valid,Pedestrian_crossing_18_jpg.rf.988c0b8f0e24b1aa866a788ee2e7e909.jpg,clean
valid,Pedestrian_crossing_190_jpg.rf.e534c9853af9dfe19cf5745ca266474d.jpg,clean
valid,Pedestrian_crossing_193_jpg.rf.5a923c690e2c5d0ec7bbbcd3919d2864.jpg,clean
valid,Pedestrian_crossing_198_jpg.rf.302131403d3d8a46384c07309c5160c2.jpg,clean
valid,Pedestrian_crossing_199_jpg.rf.9be07e7e94ddc8264dd31848270c0191.jpg,clean
valid,Pedestrian_crossing_1_jpg.rf.adc37428b2aad112d65ad6eb5e96029f.jpg,clean
valid,Pedestrian_crossing_208_jpg.rf.3d3ea1e00393c439776b925c5b42d8d9.jpg,clean
valid,Pedestrian_crossing_219_jpg.rf.af886d24244fc7c631001a1bbe18a6bc.jpg,clean
valid,Pedestrian_crossing_223_jpg.rf.e322636babfbbe028bf5d5f122ca553b.jpg,clean
valid,Pedestrian_crossing_228_jpg.rf.676590af8ddc3be81e0bdd44fc23f3ff.jpg,clean
valid,Pedestrian_crossing_234_jpg.rf.d930205314ff5edbb783b13e2e515ee1.jpg,clean
valid,Pedestrian_crossing_23_jpg.rf.e2ec3477d9ca10d3f1f09939afeff6e7.jpg,clean
valid,Pedestrian_crossing_250_jpg.rf.8917f55afd53f97d928a64223d6e1387.jpg,clean
valid,Pedestrian_crossing_252_jpg.rf.2ef9acb0f2ee8844c4f05d06d5c407b0.jpg,clean
valid,Pedestrian_crossing_254_jpg.rf.2d0f54b9a086f4827b3350aa41498012.jpg,clean
valid,Pedestrian_crossing_255_jpg.rf.7b784d4012932c5cab2be47fae4dd84d.jpg,clean
valid,Pedestrian_crossing_258_jpg.rf.a0679a628ad4ff3cda64280827d43622.jpg,clean
valid,Pedestrian_crossing_265_jpg.rf.7280cdbc7a1c92ee7cdd36f74776ac94.jpg,clean
valid,Pedestrian_crossing_266_jpg.rf.8ba7d623dc98fa74eb9b20d2a6b2e641.jpg,clean
valid,Pedestrian_crossing_267_jpg.rf.2f18ea7ea679dc3c0708fab6b01f44ff.jpg,clean
valid,Pedestrian_crossing_269_jpg.rf.b51c50ab7ff1b63420bdf12639b6e80b.jpg,clean
valid,Pedestrian_crossing_274_jpg.rf.fa7eaf46144efe6496a731dba9d70fcc.jpg,clean
valid,Pedestrian_crossing_275_jpg.rf.fb2fd89b55cc4fdbdc2ae6430db89f18.jpg,clean
valid,Pedestrian_crossing_277_jpg.rf.747ea5fa8622f8be107576eb2f34767c.jpg,clean
valid,Pedestrian_crossing_283_jpg.rf.4dd7743b4a1096c2d1856b8acc8399e5.jpg,clean
valid,Pedestrian_crossing_28_jpg.rf.3219c85b6047ddab83ee186df6691bf8.jpg,clean
valid,Pedestrian_crossing_294_jpg.rf.74129d1c9b7cf9c522f7b1337290fbce.jpg,clean
valid,Pedestrian_crossing_306_jpg.rf.8d9d7a7f1e4f95134e3da8c4595156b8.jpg,clean
valid,Pedestrian_crossing_309_jpg.rf.a0cf2ab98ac5bee7271a446d2590fed9.jpg,clean
valid,Pedestrian_crossing_311_jpg.rf.9d907693c0ca0832d86d7b7a262b228d.jpg,clean
valid,Pedestrian_crossing_313_jpg.rf.36717ce615edcca5b2d4d9b84e03a126.jpg,clean
valid,Pedestrian_crossing_316_jpg.rf.69591b99f13c1dc460b07cac98441880.jpg,clean
valid,Pedestrian_crossing_319_jpg.rf.e21038492d23637a891fd8fa2927988e.jpg,clean
valid,Pedestrian_crossing_31_jpg.rf.472d06a747ca65d612af8ce5f77c5c08.jpg,clean
valid,Pedestrian_crossing_324_jpg.rf.cd4dd3770b3cd686bbd04a3c89c526cc.jpg,clean
valid,Pedestrian_crossing_325_jpg.rf.53aaea379605e411ef0abeb79052a95a.jpg,clean
valid,Pedestrian_crossing_327_jpg.rf.aea13579b627a502acbf1ef3d7c04bc5.jpg,clean
valid,Pedestrian_crossing_331_jpg.rf.f6ecc0e6a63bd50e16a34f9438b08a64.jpg,clean
valid,Pedestrian_crossing_336_jpg.rf.1377711fa64e60f7e9ef3f834c0e8cd5.jpg,clean
valid,Pedestrian_crossing_338_jpg.rf.90797c939d8d257bc43ed1b7c5a5ffaa.jpg,clean
valid,Pedestrian_crossing_340_jpg.rf.84b5be1bfbb573fa9ecebec87b0febeb.jpg,clean
valid,Pedestrian_crossing_343_jpg.rf.04c6c91732b5af00d4a943923cce74af.jpg,clean
valid,Pedestrian_crossing_349_jpg.rf.328f5c6999b01e167e7dfc182d5cd5fe.jpg,clean
valid,Pedestrian_crossing_34_jpg.rf.79f2b3c2a9fb1122a30fcc2c2b6b2c6e.jpg,clean
valid,Pedestrian_crossing_350_jpg.rf.8b1fb3bcd5ed75655652e8cd75ef0dda.jpg,clean
valid,Pedestrian_crossing_352_jpg.rf.96e2196e27f1d8d18ecef3629038e298.jpg,clean
valid,Pedestrian_crossing_35_jpg.rf.4b310a7b9390ce0702e102c46dd2f20c.jpg,clean
valid,Pedestrian_crossing_360_jpg.rf.f4aa3aab7119fec301b70e593b2794a7.jpg,clean
valid,Pedestrian_crossing_361_jpg.rf.ddc5d1ffbc3db3c2e966a21657399932.jpg,clean
valid,Pedestrian_crossing_366_jpg.rf.c432fbe60f1ccbfd77eaac19f028e561.jpg,clean
valid,Pedestrian_crossing_367_jpg.rf.e0e54e1712e940b4ba44cca0a28b7cf9.jpg,clean
valid,Pedestrian_crossing_372_jpg.rf.bfcdbb1f26199b6a089b981bd2cadcbf.jpg,clean
valid,Pedestrian_crossing_374_jpg.rf.73b49ae459059d63f4b32466879cfebe.jpg,clean
valid,Pedestrian_crossing_385_jpg.rf.eca0ddacf1f79e6be38d6352a7504e4d.jpg,clean
valid,Pedestrian_crossing_393_jpg.rf.7d4056aa3f4894d53654ddaeef2d7d8a.jpg,clean
valid,Pedestrian_crossing_3_jpg.rf.4d4720a9bffa5bdaa30f9b53aede0a76.jpg,clean
valid,Pedestrian_crossing_40_jpg.rf.d4bb5619f7562bc279e78013f0504f9e.jpg,clean
valid,Pedestrian_crossing_414_jpg.rf.87641a21a7738ce918c94343bddb1758.jpg,clean
valid,Pedestrian_crossing_415_jpg.rf.fe9340a8c91772b48774c04cf3f8cc98.jpg,clean
valid,Pedestrian_crossing_416_jpg.rf.84c90cb3140ccd6a2df0050052bfb46c.jpg,clean
valid,Pedestrian_crossing_421_jpg.rf.446080d8fb75836543a1017e2c9c3d83.jpg,clean
valid,Pedestrian_crossing_422_jpg.rf.c6429224beb588b880dd8b7184916f81.jpg,clean
valid,Pedestrian_crossing_437_jpg.rf.ae472bcb7a28306ace47c3b73cc1d968.jpg,clean
valid,Pedestrian_crossing_440_jpg.rf.aa679abfbacf0dfdb4988589f6b0967e.jpg,clean
valid,Pedestrian_crossing_441_jpg.rf.f723b5df64c10e1de25d8c6c191b4672.jpg,clean
valid,Pedestrian_crossing_446_jpg.rf.e6be1612342f1a9a333cfc64196cc821.jpg,clean
valid,Pedestrian_crossing_457_jpg.rf.33018c6e1ea251e32386e0f0dfd133ad.jpg,clean
valid,Pedestrian_crossing_459_jpg.rf.6c44291e00e53edc38fa1172bc40f97f.jpg,clean
valid,Pedestrian_crossing_466_jpg.rf.13f4b96162df66378e9baf66d18e769a.jpg,clean
valid,Pedestrian_crossing_468_jpg.rf.ee6ce5566fda946130884d0242f7b7dc.jpg,clean
valid,Pedestrian_crossing_46_jpg.rf.d9f1b8f04d90eae92376271b3f2449d2.jpg,clean
valid,Pedestrian_crossing_472_jpg.rf.8e89fd9647d03679df1fe046339a68d0.jpg,clean
valid,Pedestrian_crossing_473_jpg.rf.e7716d8515578f0973bc1536342bbc31.jpg,clean
valid,Pedestrian_crossing_474_jpg.rf.577ed3e7cc032b00a026b33907b74a4e.jpg,clean
valid,Pedestrian_crossing_478_jpg.rf.53a10707e72d7253909a1319d89655e3.jpg,clean
valid,Pedestrian_crossing_480_jpg.rf.ca3effaf6f5ed5fba554c5e3609a2296.jpg,clean
valid,Pedestrian_crossing_483_jpg.rf.ecee2ec08694441aff41b708f7e65e93.jpg,clean
valid,Pedestrian_crossing_486_jpg.rf.7cb4d0ae8ddb1a25346d2f134e979359.jpg,clean
valid,Pedestrian_crossing_489_jpg.rf.826b2dbc48037107e398441b053a29a1.jpg,clean
valid,Pedestrian_crossing_499_jpg.rf.9ca24b6b5e993edb6fc75ea0ea80efee.jpg,clean
valid,Pedestrian_crossing_505_jpg.rf.c731cc1bae965a8f7345f64bdb81e57b.jpg,clean
valid,Pedestrian_crossing_509_jpg.rf.83ce4e9a8c0329f5dd6883eb0150d70e.jpg,clean
valid,Pedestrian_crossing_511_jpg.rf.d037ab9c74f399f6c416325cd3af77ba.jpg,clean
valid,Pedestrian_crossing_513_jpg.rf.56e3d5a54216b33c8611e8ceedb46548.jpg,clean
valid,Pedestrian_crossing_515_jpg.rf.f91b817a8be4c91cf5084fa9fd62318e.jpg,clean
valid,Pedestrian_crossing_51_jpg.rf.4c74c19744166ff5e623ee2507ce8d0d.jpg,clean
valid,Pedestrian_crossing_520_jpg.rf.9cf397c301578480e330770b059f6b9c.jpg,clean
valid,Pedestrian_crossing_524_jpg.rf.b5590324e36e28795d4b6430e8838f0d.jpg,clean
valid,Pedestrian_crossing_526_jpg.rf.b72093f1babe0e25fae6a24cbaef5de6.jpg,clean
valid,Pedestrian_crossing_52_jpg.rf.6acbe147ed9eed9c51961db62a4898df.jpg,clean
valid,Pedestrian_crossing_531_jpg.rf.89feacaa3d6e090caf066a3d674528e7.jpg,clean
valid,Pedestrian_crossing_537_jpg.rf.e16bf0b39acfe8987a890ff9e07d1df2.jpg,clean
valid,Pedestrian_crossing_539_jpg.rf.595febb065d8ee44c3cae932947bae06.jpg,clean
valid,Pedestrian_crossing_55_jpg.rf.ba6263442c83be0fe5da3008e6a61b4d.jpg,clean
valid,Pedestrian_crossing_561_jpg.rf.ccf1c293c48e021e319d931b15e097aa.jpg,clean
valid,Pedestrian_crossing_56_jpg.rf.b44e1cea27316ba0b7bed24d31a5a8e3.jpg,clean
valid,Pedestrian_crossing_5_jpg.rf.12e095a7baf233c1031c6ebc28deba7b.jpg,clean
valid,Pedestrian_crossing_62_jpg.rf.13f6a9c15d6d272693f262ff6cc07e8a.jpg,clean
valid,Pedestrian_crossing_6_jpg.rf.1d217814b44d48414fa89d909cf3e64a.jpg,clean
valid,Pedestrian_crossing_73_jpg.rf.fc5d47a9e188080d2fafa59d9e2468c1.jpg,clean
valid,Pedestrian_crossing_74_jpg.rf.995b314ae013cc34ec26e829bfed7bd9.jpg,clean
valid,Pedestrian_crossing_75_jpg.rf.0616326e87ba2894d8b3d92cbd79118e.jpg,clean
valid,Pedestrian_crossing_77_jpg.rf.83708b587c3786569643202630dd40e6.jpg,clean
valid,Pedestrian_crossing_7_jpg.rf.6b2af9e6d08af5be7b95d1684c908961.jpg,clean
valid,Pedestrian_crossing_80_jpg.rf.be97953579a8b2ae075ee286a3612254.jpg,clean
valid,Pedestrian_crossing_85_jpg.rf.785b90066e9eea580c9b835c494a2030.jpg,clean
valid,Pedestrian_crossing_8_jpg.rf.03a4b2dea017008612d9767b3dfd83a1.jpg,clean
valid,Pedestrian_crossing_90_jpg.rf.43c9dae975cf02444e2091a736df6aaf.jpg,clean
valid,Pedestrian_crossing_95_jpg.rf.484ff08da5d837813f590fbded78aa08.jpg,clean
valid,Pedestrian_crossing_98_jpg.rf.530c9a1499b29251b2cb2e5d19849573.jpg,clean
valid,Pedestrian_crossing_99_jpg.rf.fa3e066901b9c821934877ccd6ce1924.jpg,clean
valid,Pedestrian_crossing_9_jpg.rf.49389d13fa9761b4e50e5753ddce7024.jpg,clean
valid,Pedestrian_entry_to_rail_station_10_jpg.rf.751917996c5f8cc5fa7291c0539459ea.jpg,clean
valid,Pedestrian_entry_to_rail_station_11_jpg.rf.158d7bcfc03179f5bc43f9385070aa69.jpg,clean
valid,Pedestrian_entry_to_rail_station_19_jpg.rf.3f7502636536fa227df4cfd5b3bb9a86.jpg,clean
valid,Pedestrian_entry_to_rail_station_2_jpg.rf.c0f12a03473a8d88eedba9f52f02ede3.jpg,clean
valid,Pedestrian_entry_to_rail_station_34_jpg.rf.3658d1e04d1f1bdd39147767bea4a8ad.jpg,clean
valid,Pedestrian_entry_to_rail_station_38_jpg.rf.1f867aa5e41a94d995fa55641cd729aa.jpg,clean
valid,Pedestrian_forbidden_17_jpg.rf.076c9e071cd1ee3c4eb76f056f214acd.jpg,clean
valid,Pedestrian_forbidden_24_jpg.rf.2911a8099b0e0534af6dbb7d884c038d.jpg,clean
valid,Pedestrian_forbidden_51_jpg.rf.5f803a33cfe9788026135e7814aec18a.jpg,clean
valid,Pedestrian_forbidden_53_jpg.rf.ffff91ea752bc71e1b596b0f776a8a82.jpg,clean
valid,Pedestrian_forbidden_61_jpg.rf.0f93363b6522dbc4a6bea8ead17b49ef.jpg,clean
valid,Pedestrian_forbidden_67_jpg.rf.715f470b4004498efa8ef423af2df766.jpg,clean
valid,Pedestrian_forbidden_69_jpg.rf.1e291f4d021a0735ed3a8bb60860ff8e.jpg,clean
valid,Pedestrian_forbidden_6_jpg.rf.b51d112ae138e372f0dbdb7ba896994b.jpg,clean
valid,Pedestrian_forbidden_71_jpg.rf.69d2e65df809612ea505a16eb321e60e.jpg,clean
valid,Pedestrian_forbidden_76_jpg.rf.91733850e7c894885ee7e87f9cb14018.jpg,clean
valid,Pedestrian_forbidden_78_jpg.rf.ab443f3df473fe1f3303e005be904dd4.jpg,clean
valid,Petrol_pump_1km_ahead_106_jpg.rf.266071545e9c049dcfcd4a045e6c4050.jpg,clean
valid,Petrol_pump_1km_ahead_107_jpg.rf.b82cc4aad700679df3114838d824bc15.jpg,clean
valid,Petrol_pump_1km_ahead_108_jpg.rf.99c60e3f1a01cd965cd011fc7c8ae823.jpg,clean
valid,Petrol_pump_1km_ahead_113_jpg.rf.dc0ca0aa1478000bf1db4ffdf4c053b9.jpg,clean
valid,Petrol_pump_1km_ahead_119_jpg.rf.8259eaf7eb0c3edeb1c941c5fa1df662.jpg,clean
valid,Petrol_pump_1km_ahead_11_jpg.rf.96c954bc041a8405f333494b80eced50.jpg,clean
valid,Petrol_pump_1km_ahead_123_jpg.rf.e44e1b7ddf2282f0115235cb4063b799.jpg,clean
valid,Petrol_pump_1km_ahead_126_jpg.rf.f023e6b07216334de375bc0d91ce4118.jpg,clean
valid,Petrol_pump_1km_ahead_129_jpg.rf.0a9124f25de4784a61ce1160065a992d.jpg,clean
valid,Petrol_pump_1km_ahead_130_jpg.rf.45fd9493a55465e0d25265e64aebe947.jpg,clean
valid,Petrol_pump_1km_ahead_30_jpg.rf.860aa83354d61670f9a661d4f98567b5.jpg,clean
valid,Petrol_pump_1km_ahead_35_jpg.rf.a90faad999ce94ab290a072dd31c4e5f.jpg,clean
valid,Petrol_pump_1km_ahead_46_jpg.rf.6bb769d838a20072c5d3fb1451f1fc0d.jpg,clean
valid,Petrol_pump_1km_ahead_47_jpg.rf.8e727fc56754eeddad6e4f694868a37e.jpg,clean
valid,Petrol_pump_1km_ahead_48_jpg.rf.2dd78c4fb63a9597f9b3e3024e4a0196.jpg,clean
valid,Petrol_pump_1km_ahead_53_jpg.rf.97ebdc581d072f0c80ea89df294db8f1.jpg,clean
valid,Petrol_pump_1km_ahead_56_jpg.rf.d315d194fdc20d1121233b4ee216d930.jpg,clean
valid,Petrol_pump_1km_ahead_57_jpg.rf.a386bfd1210e8da7edaf4db90d155550.jpg,clean
valid,Petrol_pump_1km_ahead_64_jpg.rf.8bf3f1d0c7fb0dbac1490acab867d390.jpg,clean
valid,Petrol_pump_1km_ahead_68_jpg.rf.ff6bbded1f6177d1110e61a36308a057.jpg,clean
valid,Petrol_pump_1km_ahead_6_jpg.rf.fb659aad7e072ee0359c83f9d84dc4d1.jpg,clean
valid,Petrol_pump_1km_ahead_71_jpg.rf.b57fee4cd52f8dbad78185831d4461de.jpg,clean
valid,Petrol_pump_1km_ahead_76_jpg.rf.102223bb40fed14008ac52dce10b1054.jpg,clean
valid,Petrol_pump_1km_ahead_82_jpg.rf.565888a31024b62a8d19db896ad50197.jpg,clean
valid,Petrol_pump_1km_ahead_87_jpg.rf.5054e8829d528335c48282af527292c8.jpg,clean
valid,Petrol_pump_1km_ahead_90_jpg.rf.5641655b4fa82c4ada58bcf9e91abfc0.jpg,clean
valid,Petrol_pump_1km_ahead_91_jpg.rf.0acd9333185115af2931000378ca596a.jpg,clean
valid,Petrol_pump_1km_ahead_94_jpg.rf.d3e985a6aba8e2371d3be4344f136b97.jpg,clean
valid,Petrol_pump_1km_ahead_96_jpg.rf.5f1f87d94c47afdc08929f2f91da495e.jpg,clean
valid,Petrol_pump_1km_ahead_97_jpg.rf.92f717a2994bfbb9e5f751aa4b2cf3b9.jpg,clean
valid,Petrol_pump_2-2km_ahead_11_jpg.rf.ebfd8215a9d4d1376d71b79164316678.jpg,clean
valid,Petrol_pump_2-2km_ahead_15_jpg.rf.b683f902a85977746928b2125c275377.jpg,clean
valid,Petrol_pump_2-2km_ahead_18_jpg.rf.715a305cdde283666a8202f28669d768.jpg,clean
valid,Petrol_pump_2-2km_ahead_26_jpg.rf.9c0562e072db329aee7a376b5abb9220.jpg,clean
valid,Petrol_pump_2-2km_ahead_39_jpg.rf.a2eb799229ced9debdec78cc95412565.jpg,clean
valid,Petrol_pump_2-2km_ahead_44_jpg.rf.82bd431877537d1b5e380e32e6a23fd4.jpg,clean
valid,Petrol_pump_2-2km_ahead_46_jpg.rf.2f04e0c05cd1eb49099c136a9b47319e.jpg,clean
valid,Petrol_pump_2-2km_ahead_47_jpg.rf.8782e156422d716a0c8ffd2a795ff56f.jpg,clean
valid,Petrol_pump_2-2km_ahead_48_jpg.rf.fddbe8dc30bfba8151a5e3dbfbdfd3bd.jpg,clean
valid,Petrol_pump_2-2km_ahead_4_jpg.rf.d02b356c8e7f78097ac548c10c3bb12a.jpg,clean
valid,Petrol_pump_2-2km_ahead_72_jpg.rf.fb7d822a0699dfdc8d2cb0ccbe1cd43e.jpg,clean
valid,Petrol_pump_2-2km_ahead_73_jpg.rf.81bee9368783ef27b54c714e11e80816.jpg,clean
valid,Petrol_pump_2km_ahead_15_jpg.rf.9d12dc28abcb5e95da864f12d5c85189.jpg,clean
valid,Petrol_pump_2km_ahead_17_jpg.rf.ead6385fc13a8a4764d4173dbf307eec.jpg,clean
valid,Petrol_pump_2km_ahead_21_jpg.rf.a783776ce937830e7380acf182055c0e.jpg,clean
valid,Petrol_pump_2km_ahead_24_jpg.rf.c9cfa0c58f4bf71eb7736cae47fe4873.jpg,clean
valid,Petrol_pump_2km_ahead_27_jpg.rf.316a8e9f6ffba87e48c7d366033a20b2.jpg,clean
valid,Petrol_pump_2km_ahead_33_jpg.rf.49a5524846f98ebd6a9f2d01a05ba727.jpg,clean
valid,Petrol_pump_2km_ahead_38_jpg.rf.7e568dd464c7ce6cf2761158d2bef928.jpg,clean
valid,Petrol_pump_2km_ahead_43_jpg.rf.17962c5a0b3d3a5a37268a8140b9523f.jpg,clean
valid,Petrol_pump_2km_ahead_49_jpg.rf.e5ee3b9917af3da74c03b51e6c03cd41.jpg,clean
valid,Petrol_pump_2km_ahead_4_jpg.rf.cc894d9b4cfd76da83cb8b9eefa6c602.jpg,clean
valid,Petrol_pump_2km_ahead_54_jpg.rf.1c61a42bafdfa962bd25386e9a84cf15.jpg,clean
valid,Petrol_pump_2km_ahead_55_jpg.rf.cad19e29f9ba4f9744a2e66c5b6e3c49.jpg,clean
valid,Petrol_pump_2km_ahead_58_jpg.rf.fb9bc2c42d8b20d5076f9ebaba424e2d.jpg,clean
valid,Petrol_pump_2km_ahead_60_jpg.rf.413e18289257fdc0f3d7aa55f7c31706.jpg,clean
valid,Petrol_pump_2km_ahead_62_jpg.rf.155d08ded83bca2056d9410454b76a95.jpg,clean
valid,Petrol_pump_2km_ahead_6_jpg.rf.bcea61c59d74681b7cc2f6a636bc86be.jpg,clean
valid,Petrol_pump_2km_ahead_71_jpg.rf.af29a9fbbfb7dd69e69a80b24e4a5368.jpg,clean
valid,Petrol_pump_2km_ahead_7_jpg.rf.10d78503988b25ed9d7c2e2e3580afa5.jpg,clean
valid,Petrol_pump_ahead_left_100_jpg.rf.1012677b9754bf13cd4ed465e9758018.jpg,clean
valid,Petrol_pump_ahead_left_102_jpg.rf.0c6542cab975a921e47922dd9a2b8d1b.jpg,clean
valid,Petrol_pump_ahead_left_107_jpg.rf.4dea33f1030096d33048ebb13b63e229.jpg,clean
valid,Petrol_pump_ahead_left_110_jpg.rf.8c40ae874be781646cfc41fc2072446c.jpg,clean
valid,Petrol_pump_ahead_left_120_jpg.rf.77d6e445802d621b9ed610163447f3f4.jpg,clean
valid,Petrol_pump_ahead_left_128_jpg.rf.fa986d0f4fb1d1b00fa4e5a2ed98c181.jpg,clean
valid,Petrol_pump_ahead_left_132_jpg.rf.ef72d1db090641d76aa44238a641367c.jpg,clean
valid,Petrol_pump_ahead_left_134_jpg.rf.82d52659fbb3c56ebb9ae1082849960a.jpg,clean
valid,Petrol_pump_ahead_left_147_jpg.rf.d4f5c7abe2702df34e82d0ebc00025e0.jpg,clean
valid,Petrol_pump_ahead_left_150_jpg.rf.16938a937128fa44a9fc7562acbb1e51.jpg,clean
valid,Petrol_pump_ahead_left_152_jpg.rf.71907a15bd15330b5c8d22987f7d123a.jpg,clean
valid,Petrol_pump_ahead_left_15_jpg.rf.0305e619f195b35821ed88b0cab39aae.jpg,clean
valid,Petrol_pump_ahead_left_164_jpg.rf.6fdf8d4617b5d44eb664d7f121005fbd.jpg,clean
valid,Petrol_pump_ahead_left_166_jpg.rf.8ebae61874b5ae91773bff007eee079e.jpg,clean
valid,Petrol_pump_ahead_left_167_jpg.rf.76bc0d9a5a7f3901481baf92806d18ba.jpg,clean
valid,Petrol_pump_ahead_left_171_jpg.rf.19981296ffc48425ec8175249ce4b211.jpg,clean
valid,Petrol_pump_ahead_left_175_jpg.rf.c206ff20052759bd2a87266c8a533626.jpg,clean
valid,Petrol_pump_ahead_left_177_jpg.rf.50756f33f4d8b51647280a16e3719a46.jpg,clean
valid,Petrol_pump_ahead_left_18_jpg.rf.0ce0983c8e7423f078d1e7e19cee3c72.jpg,clean
valid,Petrol_pump_ahead_left_29_jpg.rf.75241b88a5c5382c865c9564a09e4659.jpg,clean
valid,Petrol_pump_ahead_left_2_jpg.rf.87aaa2162ed394ea3d13e1c40d0d2b04.jpg,clean
valid,Petrol_pump_ahead_left_34_jpg.rf.83a1e25870b90a1169cc17d30278e23f.jpg,clean
valid,Petrol_pump_ahead_left_43_jpg.rf.c5ae7f2b8ee015e6b25f8f0c927039cc.jpg,clean
valid,Petrol_pump_ahead_left_45_jpg.rf.3a995ac5885b6decadbb73b87cf8579d.jpg,clean
valid,Petrol_pump_ahead_left_46_jpg.rf.6d3a151181f170a2da16bb4dc3267a98.jpg,clean
valid,Petrol_pump_ahead_left_54_jpg.rf.bc7a1a103b6855d7ddc06a2b7128ee90.jpg,clean
valid,Petrol_pump_ahead_left_61_jpg.rf.54bfb60d9cdfde80a20341adf242e92d.jpg,clean
valid,Petrol_pump_ahead_left_65_jpg.rf.780c8735c5703ab82498f11b0334a536.jpg,clean
valid,Petrol_pump_ahead_left_66_jpg.rf.708e99ff423fdc34fbf817010fb8aabf.jpg,clean
valid,Petrol_pump_ahead_left_6_jpg.rf.2ab490e86f31ae750212e8f0781f8bf3.jpg,clean
valid,Petrol_pump_ahead_left_78_jpg.rf.68658d89ba7a3e26dc93b9be922bb287.jpg,clean
valid,Petrol_pump_ahead_left_92_jpg.rf.9e9b020cbc67092e5d0af823761aa491.jpg,clean
valid,Petrol_pump_ahead_right_0_jpg.rf.7fb713aefaf587e4240f722799c1099a.jpg,clean
valid,Petrol_pump_ahead_right_102_jpg.rf.754a5b47c3be8fd97a8723848e1d7c92.jpg,clean
valid,Petrol_pump_ahead_right_108_jpg.rf.4f7e8c9e87c9f47dfa46248799b4add6.jpg,clean
valid,Petrol_pump_ahead_right_110_jpg.rf.fc7e611c72577013ad24accdeac85567.jpg,clean
valid,Petrol_pump_ahead_right_112_jpg.rf.41c0909157c6398faa771d2fe7b64710.jpg,clean
valid,Petrol_pump_ahead_right_133_jpg.rf.275a016c746d4325709c4201ff92d4ee.jpg,clean
valid,Petrol_pump_ahead_right_134_jpg.rf.f760e6d72c3232dfb0b6ed5c4cf8181d.jpg,clean
valid,Petrol_pump_ahead_right_139_jpg.rf.94dc2e85223053d5e46fde80befeae72.jpg,clean
valid,Petrol_pump_ahead_right_141_jpg.rf.c7b53b41687f423ff8e025121d34f437.jpg,clean
valid,Petrol_pump_ahead_right_143_jpg.rf.3672c4d7bda2f3504ba9a334888b11d9.jpg,clean
valid,Petrol_pump_ahead_right_146_jpg.rf.bdc642f0d6ecac439ebc4d0672a6ab78.jpg,clean
valid,Petrol_pump_ahead_right_14_jpg.rf.ea4f79fdc26c3fec80ee8b7935c94ac7.jpg,clean
valid,Petrol_pump_ahead_right_150_jpg.rf.7f65b24e600a885606bb5979509feacc.jpg,clean
valid,Petrol_pump_ahead_right_152_jpg.rf.67967650bd0cca4797793969f7e1f5aa.jpg,clean
valid,Petrol_pump_ahead_right_156_jpg.rf.ce1429ca6a47244c14bcd7680d1a2db6.jpg,clean
valid,Petrol_pump_ahead_right_158_jpg.rf.a09c84cc81befeb520f4fde2627ac77a.jpg,clean
valid,Petrol_pump_ahead_right_166_jpg.rf.b74de4140b2f9173236283babadc54a0.jpg,clean
valid,Petrol_pump_ahead_right_172_jpg.rf.1710e3a6cb971ab85f470e66101c70c2.jpg,clean
valid,Petrol_pump_ahead_right_19_jpg.rf.a7d1e39484a8d231ad236001ba2a9a99.jpg,clean
valid,Petrol_pump_ahead_right_27_jpg.rf.00af01f10f0edcc3fcf9f9e1ccd21ba8.jpg,clean
valid,Petrol_pump_ahead_right_30_jpg.rf.7c2a6cbcf3861729522849a119822fb5.jpg,clean
valid,Petrol_pump_ahead_right_34_jpg.rf.34e4aed60fca281fce60c1b6128225f0.jpg,clean
valid,Petrol_pump_ahead_right_35_jpg.rf.660ce5a865c0cc0d3a117ae865cfdc7e.jpg,clean
valid,Petrol_pump_ahead_right_40_jpg.rf.3ad7499f836e2f764be9cd2225b1cb88.jpg,clean
valid,Petrol_pump_ahead_right_43_jpg.rf.0864ac4a334e4a03fb30bc8f89eb5d37.jpg,clean
valid,Petrol_pump_ahead_right_4_jpg.rf.ad08772ec36a67ba376ce92d7b97d93e.jpg,clean
valid,Petrol_pump_ahead_right_56_jpg.rf.d2e9962c0397e575aca4c8eb60f1141f.jpg,clean
valid,Petrol_pump_ahead_right_62_jpg.rf.8243809bdc1e77e62707a71ad35dc721.jpg,clean
valid,Petrol_pump_ahead_right_6_jpg.rf.ae21b0ff549c30c5fe6b32ec504c997c.jpg,clean
valid,Petrol_pump_ahead_right_75_jpg.rf.11458935b4a7615843ca938239711669.jpg,clean
valid,Petrol_pump_ahead_right_82_jpg.rf.92fa056b7a5851b66c13d16f8fe1dde8.jpg,clean
valid,Petrol_pump_ahead_right_83_jpg.rf.5b0f1983030a378b5452cb63002b2bfa.jpg,clean
valid,Petrol_pump_ahead_right_90_jpg.rf.32b2afb2c52e742155fb4e0c0dd8a7bb.jpg,clean
valid,Petrol_pump_ahead_right_92_jpg.rf.611b38ca269105da2601185d09556f88.jpg,clean
valid,Petrol_pump_ahead_right_95_jpg.rf.803d106884af44393bbb1d22ebfd69d3.jpg,clean
valid,Right_turn_ahead_101_jpg.rf.03fa2786a5fc42e5b3e30ad73b0bb592.jpg,clean
valid,Right_turn_ahead_103_jpg.rf.25b52fc3f5bfb5f6707a332ebb1355fc.jpg,clean
valid,Right_turn_ahead_110_jpg.rf.2174210f9c4f2b2ed1aa47e7891ce290.jpg,clean
valid,Right_turn_ahead_113_jpg.rf.2dcdaf3952f1e4cf18fd8ddfbb132388.jpg,clean
valid,Right_turn_ahead_114_jpg.rf.d7070568d8e3493abf100914523a56a7.jpg,clean
valid,Right_turn_ahead_12_jpg.rf.03dae9fef6540b51855d10ccbde90ea6.jpg,clean
valid,Right_turn_ahead_134_jpg.rf.ce3dc11c90a5947a2532cbb1ea847837.jpg,clean
valid,Right_turn_ahead_135_jpg.rf.852a6b66b48511732150cafbb64aa3ff.jpg,clean
valid,Right_turn_ahead_137_jpg.rf.df629701c196c9ad8b53c0b402f7d140.jpg,clean
valid,Right_turn_ahead_139_jpg.rf.a4c838e5f39b614160e7c4bb6770ef2b.jpg,clean
valid,Right_turn_ahead_140_jpg.rf.215e61f6cfada28c83c59a5af9f79621.jpg,clean
valid,Right_turn_ahead_147_jpg.rf.31eb5f6e3c00b0f8980b3fb7f0f1a3f0.jpg,clean
valid,Right_turn_ahead_149_jpg.rf.f2fbaf1540d16bbd2634f45bf4aa65f4.jpg,clean
valid,Right_turn_ahead_153_jpg.rf.652cf71bcba83533d0426a595ab1d4e6.jpg,clean
valid,Right_turn_ahead_157_jpg.rf.124d6b64346a534b7e89e0cb2b963605.jpg,clean
valid,Right_turn_ahead_167_jpg.rf.b7b9fcd791d2d0504cf9f8f02f633d43.jpg,clean
valid,Right_turn_ahead_168_jpg.rf.34d0916761938eb2144ca66b00fa37f7.jpg,clean
valid,Right_turn_ahead_173_jpg.rf.4d06731fc6ed40e4235e51026d79f873.jpg,clean
valid,Right_turn_ahead_181_jpg.rf.ceea706f31e709dbb388c679d250b0a5.jpg,clean
valid,Right_turn_ahead_192_jpg.rf.c058dfcab5b2b6c4aa68e05aa1bcd760.jpg,clean
valid,Right_turn_ahead_200_jpg.rf.218a2a949038cf7b2ae25b9a775bcb63.jpg,clean
valid,Right_turn_ahead_202_jpg.rf.d3582637a0c0e9388512a8678a68d62e.jpg,clean
valid,Right_turn_ahead_205_jpg.rf.88d2937e40546955d78c0bc9eaa5c1ce.jpg,clean
valid,Right_turn_ahead_209_jpg.rf.05177b1e6b6a9053c6b36b74a0d248c2.jpg,clean
valid,Right_turn_ahead_211_jpg.rf.4c38be6f4554d02a854c214e370671c2.jpg,clean
valid,Right_turn_ahead_212_jpg.rf.a9d37c04fa59d2b6179df97724567b12.jpg,clean
valid,Right_turn_ahead_215_jpg.rf.6e4fac9d03224624c6beb9e94f30d245.jpg,clean
valid,Right_turn_ahead_219_jpg.rf.7b5fed8817e1f8079e61d1fe404dff78.jpg,clean
valid,Right_turn_ahead_21_jpg.rf.fc644f3a8a5e789f47b757d8891468b5.jpg,clean
valid,Right_turn_ahead_220_jpg.rf.161a3c3721a76007720b1a9f9cc3fdf5.jpg,clean
valid,Right_turn_ahead_228_jpg.rf.e042d41903c7e47dddf7cc4ff4b5e5fc.jpg,clean
valid,Right_turn_ahead_231_jpg.rf.7d9028bbc8320799c27a7c155dce722d.jpg,clean
valid,Right_turn_ahead_235_jpg.rf.13ff2374079e7c555e70b07fc386c796.jpg,clean
valid,Right_turn_ahead_253_jpg.rf.e6803954fc2fe4637355edb90eb02a79.jpg,clean
valid,Right_turn_ahead_266_jpg.rf.caef32e83353258b2c3436d441ee62ce.jpg,clean
valid,Right_turn_ahead_276_jpg.rf.d46f97e6df1d559ce7a3a75ea124edbe.jpg,clean
valid,Right_turn_ahead_278_jpg.rf.feae20116bf0038d1b7ec1ca7d1abed5.jpg,clean
valid,Right_turn_ahead_288_jpg.rf.2615babd03bee6db5b8c08f26c1b6b7f.jpg,clean
valid,Right_turn_ahead_28_jpg.rf.2bba690bb092fd400aa62c916d49d5fe.jpg,clean
valid,Right_turn_ahead_292_jpg.rf.ab7253c014f7ad52bad5f0664cfc65f7.jpg,clean
valid,Right_turn_ahead_295_jpg.rf.0398d838ecae4d4f4e234a8e83ae8c31.jpg,clean
valid,Right_turn_ahead_300_jpg.rf.cc1384d41718b08f02f64f40dc712f48.jpg,clean
valid,Right_turn_ahead_306_jpg.rf.104de840e4a4d85e974be472038d8bb8.jpg,clean
valid,Right_turn_ahead_310_jpg.rf.e4c69a4d693e4e2ad231ccac8e16cd4c.jpg,clean
valid,Right_turn_ahead_318_jpg.rf.e2baa42c07903aa3d3392e1ef589443a.jpg,clean
valid,Right_turn_ahead_31_jpg.rf.6730fc68dd9244ee63679904d8cb95ce.jpg,clean
valid,Right_turn_ahead_325_jpg.rf.6e35941f8d0bb525ac21297fa27230b9.jpg,clean
valid,Right_turn_ahead_326_jpg.rf.6fd739371b3225071c3ee0e8f18b9429.jpg,clean
valid,Right_turn_ahead_327_jpg.rf.a20bab01b83147c6b8e14ce379a7b8fe.jpg,clean
valid,Right_turn_ahead_329_jpg.rf.2c53f8faf2a1e6b8ed491d990e79feaf.jpg,clean
valid,Right_turn_ahead_330_jpg.rf.a7a70f4bbd852f8d7ead43ff5285c3f6.jpg,clean
valid,Right_turn_ahead_333_jpg.rf.fefec5ead5ee15522ffe0b97e6adfe1f.jpg,clean
valid,Right_turn_ahead_335_jpg.rf.3c463ca9581366fba24ae6a9eac6b6c7.jpg,clean
valid,Right_turn_ahead_339_jpg.rf.e100fe46e7645ad66a4c98b31d6cc44e.jpg,clean
valid,Right_turn_ahead_340_jpg.rf.6f6d00db0d027ae970b4851cfee384f7.jpg,clean
valid,Right_turn_ahead_357_jpg.rf.3a7937e52b397b42ee42d5304da1c177.jpg,clean
valid,Right_turn_ahead_368_jpg.rf.56a9c4b586621ca0c3cc4cde651d4be0.jpg,clean
valid,Right_turn_ahead_40_jpg.rf.2b58021df158cdd49cf0758b179caf12.jpg,clean
valid,Right_turn_ahead_41_jpg.rf.4dbcf696beef0ec9cff359e976642ece.jpg,clean
valid,Right_turn_ahead_42_jpg.rf.9c01ab249665b9aae19f722a9eaa8366.jpg,clean
valid,Right_turn_ahead_47_jpg.rf.310ab887f2ee8f15415cf51bf366e897.jpg,clean
valid,Right_turn_ahead_49_jpg.rf.a08e77c3c242f1a432b2ef92afb021af.jpg,clean
valid,Right_turn_ahead_50_jpg.rf.137e9c7d2900b2d264d62f041c2775cb.jpg,clean
valid,Right_turn_ahead_68_jpg.rf.555522c8b826f136182a405a94d2c711.jpg,clean
valid,Right_turn_ahead_72_jpg.rf.5a07d306d2b8bd13caa2bbfa984cfb56.jpg,clean
valid,Right_turn_ahead_74_jpg.rf.38dd1dece9c2ccc67a5c2625cc6fce80.jpg,clean
valid,Right_turn_ahead_80_jpg.rf.38bbcee355d50b02acdb038d42ce51c9.jpg,clean
valid,Right_turn_ahead_83_jpg.rf.bf03fc13e825a1ce715ffd2193caf217.jpg,clean
valid,Right_turn_ahead_89_jpg.rf.576e6323731a53e18baa7fdf99c56081.jpg,clean
valid,Right_turn_ahead_94_jpg.rf.1e08922395b020261c7960a7e86ec781.jpg,clean
valid,School_ahead_105_jpg.rf.c67be86e984007b4649dc52ea9132cf0.jpg,clean
valid,School_ahead_108_jpg.rf.623efbfdb77024c440c2ccfd38b57a61.jpg,clean
valid,School_ahead_114_jpg.rf.6846db0ce486aa1fe53b2f28d11c44f4.jpg,clean
valid,School_ahead_119_jpg.rf.9a483ebdcb5b64060cd4220a5db068ba.jpg,clean
valid,School_ahead_120_jpg.rf.e7b206a4b7d23b848f16bd336c4f4611.jpg,clean
valid,School_ahead_122_jpg.rf.d28f94df4fc56ffd02de470337de4e84.jpg,clean
valid,School_ahead_12_jpg.rf.78732859f4ff98f9fc3eb798df523f1b.jpg,clean
valid,School_ahead_133_jpg.rf.292ce96b8971707136b9c8612d464c2d.jpg,clean
valid,School_ahead_148_jpg.rf.65ddb5aeaf46877c8ab0d907e537052c.jpg,clean
valid,School_ahead_149_jpg.rf.5e0ff2b03396c37dc40991bb0efcba2d.jpg,clean
valid,School_ahead_150_jpg.rf.4072ce8ad8a7c74be5cfd9ae4f2a54d5.jpg,clean
valid,School_ahead_154_jpg.rf.6e77337389272a5466e5d984c5da217b.jpg,clean
valid,School_ahead_156_jpg.rf.4798f7118f3c4cda6ee456360732e728.jpg,clean
valid,School_ahead_159_jpg.rf.51ff7f349f6608051f6834de328fccce.jpg,clean
valid,School_ahead_168_jpg.rf.7d0ccad81dd58dd5dd35f788d33e1e85.jpg,clean
valid,School_ahead_171_jpg.rf.1bc92ca279c0eb05c5730f379083609f.jpg,clean
valid,School_ahead_172_jpg.rf.3795bc7fbf8cebdbda43275db1302df0.jpg,clean
valid,School_ahead_175_jpg.rf.2aca882a158d9e43ea1ce0bfc2bc63eb.jpg,clean
valid,School_ahead_180_jpg.rf.6821e50150cff2daca35ea9d849316bc.jpg,clean
valid,School_ahead_188_jpg.rf.0509ec0a47e988c8be19584f1dce581b.jpg,clean
valid,School_ahead_192_jpg.rf.6e6d94426569db7af48ac8953a65a428.jpg,clean
valid,School_ahead_194_jpg.rf.451c55b2ffb043a754abf5a358cb49c4.jpg,clean
valid,School_ahead_196_jpg.rf.26128afe21005512b76630af690d348b.jpg,clean
valid,School_ahead_199_jpg.rf.0d680c37a07dfb96abdc8caf99c9458e.jpg,clean
valid,School_ahead_19_jpg.rf.7fdeea3dd1c75c9891cbd1c44cfabbdc.jpg,clean
valid,School_ahead_200_jpg.rf.c28c6c1bf5ae32faa6876d175b69dc2b.jpg,clean
valid,School_ahead_201_jpg.rf.b5c0c4fe5ffc68294f90c74e78eb660b.jpg,clean
valid,School_ahead_211_jpg.rf.5438639e8724fd95461a503af2161191.jpg,clean
valid,School_ahead_217_jpg.rf.ba0a04902e0a9d21bd3b1c3a1c2d77c1.jpg,clean
valid,School_ahead_218_jpg.rf.e797be51d897abc988d909d4cff00ac7.jpg,clean
valid,School_ahead_219_jpg.rf.c04ed076b99d1dda07c2fa91f160d258.jpg,clean
valid,School_ahead_21_jpg.rf.98da5c45ee7a4d95c9a35bce0aae7dc6.jpg,clean
valid,School_ahead_222_jpg.rf.57985296e57d7f6398b00e75d676337a.jpg,clean
valid,School_ahead_225_jpg.rf.d177d46f31011233d4c9f0f71d1c816a.jpg,clean
valid,School_ahead_230_jpg.rf.73ae3b5a5601e6112e5ea0300b7491ba.jpg,clean
valid,School_ahead_247_jpg.rf.a76800a00715756bfdd512907f856b3d.jpg,clean
valid,School_ahead_248_jpg.rf.e4b539564b420bd85617692c0f0c04ba.jpg,clean
valid,School_ahead_24_jpg.rf.dc26b96acba23f697590211735c19197.jpg,clean
valid,School_ahead_251_jpg.rf.9417fbe11b7ab705aa639be4b28ace88.jpg,clean
valid,School_ahead_256_jpg.rf.e65b21fe595b848a489973367b0dd6e9.jpg,clean
valid,School_ahead_261_jpg.rf.3adb362d25f51521698c56a0b2fe72d2.jpg,clean
valid,School_ahead_27_jpg.rf.e80b975f07a93eb037bc0c4a66255d10.jpg,clean
valid,School_ahead_30_jpg.rf.83f489f4712c909bd2b74f74e8eed470.jpg,clean
valid,School_ahead_40_jpg.rf.ca474bfe62bde6897f2b3f6d36d6f591.jpg,clean
valid,School_ahead_41_jpg.rf.d1f2de02d11389d13dbe29182fcd229e.jpg,clean
valid,School_ahead_43_jpg.rf.f1fa9968a322a8046d9013b427b41103.jpg,clean
valid,School_ahead_45_jpg.rf.554fed30d8530adf96ff20b11ae1c710.jpg,clean
valid,School_ahead_58_jpg.rf.9f9258543adb19c9c9661991c45c7ea9.jpg,clean
valid,School_ahead_60_jpg.rf.2238301181a4621fc2b6aa67b6a8e2e3.jpg,clean
valid,School_ahead_61_jpg.rf.a7aa8d71c93d7c2e7aee5d9fdce9d435.jpg,clean
valid,School_ahead_63_jpg.rf.1b8cf52a2ec441c7022ef89a551a70e8.jpg,clean
valid,School_ahead_65_jpg.rf.342ca33b9692ae1b6104c2185db2e9e1.jpg,clean
valid,School_ahead_70_jpg.rf.f960fe48477fa47dc48fdea88bf72314.jpg,clean
valid,School_ahead_75_jpg.rf.33df7d79b3838321f49194f7fd2083e2.jpg,clean
valid,School_ahead_81_jpg.rf.4a6381d19ec270608913ec7daa5cce91.jpg,clean
valid,School_ahead_88_jpg.rf.d0286bf61b7fb6b5037ef1dbcb8f4844.jpg,clean
valid,School_ahead_90_jpg.rf.99de298a0de53e0d10db35f1542dc049.jpg,clean
valid,School_ahead_91_jpg.rf.909442b7e9c7e5bba4f5eafe57641249.jpg,clean
valid,School_ahead_97_jpg.rf.8bde26a46c7a39ed7f04bc00daf118b0.jpg,clean
valid,School_ahead_99_jpg.rf.7aeb8d51c29df9333ff1285978d5dde6.jpg,clean
valid,Side_road_on_left_0_jpg.rf.f3e8d2becb7503f0a7791c89c84e8c6d.jpg,clean
valid,Side_road_on_left_101_jpg.rf.9e945afcc08f7d34b8070e8156a3d008.jpg,clean
valid,Side_road_on_left_107_jpg.rf.8c6e085d03d34bdbdb3754d3eb1ff31c.jpg,clean
valid,Side_road_on_left_110_jpg.rf.1304d3106796d7d2476f93df9416657b.jpg,clean
valid,Side_road_on_left_112_jpg.rf.e9b1850b51db83d8c9167f603dfb1ddb.jpg,clean
valid,Side_road_on_left_120_jpg.rf.f542ea9de6c12b7f0c691971cc253dcd.jpg,clean
valid,Side_road_on_left_122_jpg.rf.319480ef7e58d18aa2e38acc8e92c26e.jpg,clean
valid,Side_road_on_left_129_jpg.rf.012237da7ed2adf50b075d139d68aac3.jpg,clean
valid,Side_road_on_left_134_jpg.rf.1d1ceaec0c4ba7a7611e2e394f939fbc.jpg,clean
valid,Side_road_on_left_138_jpg.rf.1cef7a1dcce54ab7933cfe093b31f39c.jpg,clean
valid,Side_road_on_left_146_jpg.rf.6f23f78a7c62a82193b32865d1ebde0b.jpg,clean
valid,Side_road_on_left_155_jpg.rf.9797895f6ff3822a165e663b76723252.jpg,clean
valid,Side_road_on_left_15_jpg.rf.9eda293a870bd6f934b577f916b311da.jpg,clean
valid,Side_road_on_left_167_jpg.rf.b215e0149df1f2efe2ed56ab266330e3.jpg,clean
valid,Side_road_on_left_169_jpg.rf.b81163394de2a9d8d4eca8c8fb073ee2.jpg,clean
valid,Side_road_on_left_180_jpg.rf.6c25491699e9560c12f6da1541aeffa1.jpg,clean
valid,Side_road_on_left_182_jpg.rf.67f0b0bf3b9c8eeba5687b90e86f81fe.jpg,clean
valid,Side_road_on_left_186_jpg.rf.09bf344eaa1cb7f559ebe61b3dbdff2d.jpg,clean
valid,Side_road_on_left_190_jpg.rf.d4c7626db8e4da3c4e03ea3a52c42f9a.jpg,clean
valid,Side_road_on_left_192_jpg.rf.102fe858a6b385e3a346e8e8d3ea9430.jpg,clean
valid,Side_road_on_left_198_jpg.rf.4d2fce12a6e2a3d580fd4469a3d4a909.jpg,clean
valid,Side_road_on_left_202_jpg.rf.bc27cfa35565cc0172799ae4ef6caf78.jpg,clean
valid,Side_road_on_left_212_jpg.rf.49d3b9939f450b0bcb81d3e1ef3bf5be.jpg,clean
valid,Side_road_on_left_222_jpg.rf.2c1d5b9b355dbd6055777f9d272fbae5.jpg,clean
valid,Side_road_on_left_237_jpg.rf.502e78e039a21512977867b06cef7545.jpg,clean
valid,Side_road_on_left_242_jpg.rf.129c615b9bf939fce9756086c13846d4.jpg,clean
valid,Side_road_on_left_245_jpg.rf.d20714420ae39e8cdd6d033211d73663.jpg,clean
valid,Side_road_on_left_24_jpg.rf.4e3979a4f04c5b5383ea51cc4e0af82e.jpg,clean
valid,Side_road_on_left_250_jpg.rf.2b0925f32261afc2e0741d51a7e25dad.jpg,clean
valid,Side_road_on_left_259_jpg.rf.35066082662604667a9b8060ed1c07ed.jpg,clean
valid,Side_road_on_left_25_jpg.rf.6d09288323631f8b6df32206f7848c94.jpg,clean
valid,Side_road_on_left_262_jpg.rf.2a90c7cebcb0e1d17dc713a57b6374c0.jpg,clean
valid,Side_road_on_left_264_jpg.rf.42e742772a7808e5059fb30c4113653f.jpg,clean
valid,Side_road_on_left_271_jpg.rf.dce10fd74d378ed91e4e74478af06408.jpg,clean
valid,Side_road_on_left_274_jpg.rf.4603ca0515d7f9e27d51bdac3f553c17.jpg,clean
valid,Side_road_on_left_279_jpg.rf.7dbfbd43de37952a0be461195dcae542.jpg,clean
valid,Side_road_on_left_281_jpg.rf.31661f52558a2655ab186c86d82313db.jpg,clean
valid,Side_road_on_left_291_jpg.rf.6da651c4890940235911bc8141d82472.jpg,clean
valid,Side_road_on_left_293_jpg.rf.76a57fc8c66e59c3785a8a61ca936fbf.jpg,clean
valid,Side_road_on_left_297_jpg.rf.bcbb03f19d5745e27b4776aef1c53af6.jpg,clean
valid,Side_road_on_left_299_jpg.rf.7a44bb8c60281fcd5bd3e8b17b1b5b16.jpg,clean
valid,Side_road_on_left_301_jpg.rf.329802a92057e1c7016652d36449f0dd.jpg,clean
valid,Side_road_on_left_305_jpg.rf.fefc6d61367c43f416df289f79ca58bc.jpg,clean
valid,Side_road_on_left_311_jpg.rf.243def1bdc480be961f291343af0c440.jpg,clean
valid,Side_road_on_left_317_jpg.rf.6e0db49865479f34bf14b99d8bca8c05.jpg,clean
valid,Side_road_on_left_31_jpg.rf.8b0f8d60a096ac5d87e18a4062dab647.jpg,clean
valid,Side_road_on_left_321_jpg.rf.5e5d0524aff99f08b05b0eda710629e4.jpg,clean
valid,Side_road_on_left_32_jpg.rf.ffe09e65bf503d97c23d956cf7601407.jpg,clean
valid,Side_road_on_left_339_jpg.rf.91a7ae726e4f93c49254f5adcf9f864a.jpg,clean
valid,Side_road_on_left_341_jpg.rf.dd451a77a5f0af90dbb34c50d1870047.jpg,clean
valid,Side_road_on_left_353_jpg.rf.16a34288443b63e144194754997faebb.jpg,clean
valid,Side_road_on_left_354_jpg.rf.4408f5f18dbe10c337bbf37454653f8a.jpg,clean
valid,Side_road_on_left_355_jpg.rf.83290c8c20789a2140b6b8e58918f4c4.jpg,clean
valid,Side_road_on_left_357_jpg.rf.12dde685225d92567579393bd4761267.jpg,clean
valid,Side_road_on_left_358_jpg.rf.a5f28a3c1d325c32aa8a1347eabdb196.jpg,clean
valid,Side_road_on_left_359_jpg.rf.39b42835c285262ba89af417c5c07a69.jpg,clean
valid,Side_road_on_left_35_jpg.rf.37df717acbb480f1c65a3bcfec46a18c.jpg,clean
valid,Side_road_on_left_369_jpg.rf.8ddde535099c9cd01799880f69fa4382.jpg,clean
valid,Side_road_on_left_36_jpg.rf.e0b56934410bf5adc80e8b08bcd63052.jpg,clean
valid,Side_road_on_left_372_jpg.rf.b856a1f89eb3094142dbf1bf48aee382.jpg,clean
valid,Side_road_on_left_373_jpg.rf.5a4ec917848d452b19367c7be5d7bbe3.jpg,clean
valid,Side_road_on_left_389_jpg.rf.d50e6f0f1aa9a06ea0d10db9974db778.jpg,clean
valid,Side_road_on_left_38_jpg.rf.2479e407e5ec50d9e09b4b79d12e05a7.jpg,clean
valid,Side_road_on_left_393_jpg.rf.8b41590cf4b7a4ea8866616a8510cae1.jpg,clean
valid,Side_road_on_left_396_jpg.rf.18e4d2db44b5fc42fb093027616d522e.jpg,clean
valid,Side_road_on_left_39_jpg.rf.d089d47806dff05a44978cf7459261e7.jpg,clean
valid,Side_road_on_left_3_jpg.rf.da124c393e263b43ee33dc517f461962.jpg,clean
valid,Side_road_on_left_401_jpg.rf.d58d5ef5abb80d833ad2443e8efe18c3.jpg,clean
valid,Side_road_on_left_404_jpg.rf.20cc1d779dee6d72e1e67112ae73fae9.jpg,clean
valid,Side_road_on_left_406_jpg.rf.58e1121f197562524b251456b3c15159.jpg,clean
valid,Side_road_on_left_409_jpg.rf.e92853a8cb36147d07581536a5235c02.jpg,clean
valid,Side_road_on_left_411_jpg.rf.280c4b75cdf12d72a4f06298a0ea86ec.jpg,clean
valid,Side_road_on_left_415_jpg.rf.0050ac47ec139d9a18164931017736af.jpg,clean
valid,Side_road_on_left_419_jpg.rf.a9ae8c610401728b2d6846240c77924b.jpg,clean
valid,Side_road_on_left_41_jpg.rf.03ce7cf2e2e49c0f6e94e0652372af57.jpg,clean
valid,Side_road_on_left_426_jpg.rf.2d54c9fe2ec8ee67b255ebe0f2663a7b.jpg,clean
valid,Side_road_on_left_428_jpg.rf.061262d0f42a277cb0f9fb7a20feaa19.jpg,clean
valid,Side_road_on_left_432_jpg.rf.cbe10f3424aad40c91cdf1f92146151d.jpg,clean
valid,Side_road_on_left_435_jpg.rf.c91d12c971de7e66f9a3b8255748c3ab.jpg,clean
valid,Side_road_on_left_444_jpg.rf.8ce46023498b27339311d497ef32f875.jpg,clean
valid,Side_road_on_left_448_jpg.rf.74e9cff1daa67a662191756f2357c08e.jpg,clean
valid,Side_road_on_left_449_jpg.rf.9360c8708cbddab4161a242c20f304a1.jpg,clean
valid,Side_road_on_left_457_jpg.rf.d359bf23d490ede2e30a059f33fe5683.jpg,clean
valid,Side_road_on_left_458_jpg.rf.d30ec87a774ca3b22f2f61b28737f8bd.jpg,clean
valid,Side_road_on_left_487_jpg.rf.1112552455ca9aaefb9c40012dab5092.jpg,clean
valid,Side_road_on_left_48_jpg.rf.fc605771150ffacf690c8c951359dc73.jpg,clean
valid,Side_road_on_left_490_jpg.rf.62bf64288b2230fa72743ec26b532bcd.jpg,clean
valid,Side_road_on_left_506_jpg.rf.2f2e746e5b22519300ecc0850c39b77e.jpg,clean
valid,Side_road_on_left_50_jpg.rf.ba25903ed48507ed384bf93c9002bf45.jpg,clean
valid,Side_road_on_left_510_jpg.rf.682441b892d5dcec9652e18222cfd1da.jpg,clean
valid,Side_road_on_left_512_jpg.rf.0fdc311c6e6e201900d86627b266f2f0.jpg,clean
valid,Side_road_on_left_514_jpg.rf.616e1429a954e97d3eea7a21b2639393.jpg,clean
valid,Side_road_on_left_517_jpg.rf.9a40a7d335c558e1212a667de6fed1cc.jpg,clean
valid,Side_road_on_left_518_jpg.rf.a565c8c5ef43b90f64b034119ff094e4.jpg,clean
valid,Side_road_on_left_51_jpg.rf.4d78f4c5f730fabda364f55a191d4148.jpg,clean
valid,Side_road_on_left_525_jpg.rf.f5fadc87e1925ad5497bcb6bb0bb7245.jpg,clean
valid,Side_road_on_left_52_jpg.rf.533bb431f8710cce588d6485725ca8a5.jpg,clean
valid,Side_road_on_left_530_jpg.rf.440016d00c79aacbd75e0d521fda61d0.jpg,clean
valid,Side_road_on_left_535_jpg.rf.b134db3be1f03c8cd7dd872fed314e53.jpg,clean
valid,Side_road_on_left_547_jpg.rf.d80320cddf83646808ab14274d23f409.jpg,clean
valid,Side_road_on_left_54_jpg.rf.0004d22bd7330eea0ad54eb043352d8f.jpg,clean
valid,Side_road_on_left_559_jpg.rf.639a10845704f70a2e456753bf4ebe2b.jpg,clean
valid,Side_road_on_left_562_jpg.rf.8df2239d83c8b2e46d2fe383e6524c95.jpg,clean
valid,Side_road_on_left_563_jpg.rf.3081f20d86ee3ab7004e7df44bdabb84.jpg,clean
valid,Side_road_on_left_567_jpg.rf.5c0931ef3c880870ff96965d0049ed2a.jpg,clean
valid,Side_road_on_left_578_jpg.rf.4b2cec6e2f30017a5809aba467c239df.jpg,clean
valid,Side_road_on_left_579_jpg.rf.a91efa991f4c4a6bf5ae8a09cacca7bf.jpg,clean
valid,Side_road_on_left_581_jpg.rf.24d62f54420306ced899dad724f586d6.jpg,clean
valid,Side_road_on_left_582_jpg.rf.8d4d6e6e94ff3fdb99296c77a4271d21.jpg,clean
valid,Side_road_on_left_588_jpg.rf.2ea207f4d33977ceaea394a4c943143a.jpg,clean
valid,Side_road_on_left_589_jpg.rf.7916a4cbc4b1da89ea79bdc7b790e5dd.jpg,clean
valid,Side_road_on_left_594_jpg.rf.851fe890d8ca8f6651b7cb8fb42e9127.jpg,clean
valid,Side_road_on_left_606_jpg.rf.58f25da903fa9240c82cf511e3984110.jpg,clean
valid,Side_road_on_left_616_jpg.rf.3ac6e2cb6a51448ed1542c47f421d433.jpg,clean
valid,Side_road_on_left_621_jpg.rf.4086ad11872c91656af3ff54742c07a8.jpg,clean
valid,Side_road_on_left_622_jpg.rf.ec4f3b163d709246b4cc6925340d9516.jpg,clean
valid,Side_road_on_left_629_jpg.rf.40b8422bb3f7971d21a26cc64a3a0de2.jpg,clean
valid,Side_road_on_left_631_jpg.rf.98d98181bd5b88d328109e1822afa2ad.jpg,clean
valid,Side_road_on_left_637_jpg.rf.3bebd60de6f507957a89699dafc40601.jpg,clean
valid,Side_road_on_left_640_jpg.rf.0f4d0ba9deb1bd4a1a59ea0b3ea04842.jpg,clean
valid,Side_road_on_left_650_jpg.rf.6e964b533119bcc570a8e21ccf2a3138.jpg,clean
valid,Side_road_on_left_652_jpg.rf.63df9ac6ce391e9c150b869f8bdba347.jpg,clean
valid,Side_road_on_left_656_jpg.rf.f06ba8824c1bd489c92ffacc3899367d.jpg,clean
valid,Side_road_on_left_657_jpg.rf.469f5bf8989cbd151dbd8f4a44900030.jpg,clean
valid,Side_road_on_left_658_jpg.rf.f299548710834021f3a570415bd70af0.jpg,clean
valid,Side_road_on_left_65_jpg.rf.28935f1683dcb8867e7d09a713f3c989.jpg,clean
valid,Side_road_on_left_664_jpg.rf.daa46a9088c2d8aeb5605d7f56b0f713.jpg,clean
valid,Side_road_on_left_670_jpg.rf.5f6f475be413d8c26fb076cdf17d218c.jpg,clean
valid,Side_road_on_left_671_jpg.rf.55bbd95ca2574fa2d68f0ed14465fb50.jpg,clean
valid,Side_road_on_left_672_jpg.rf.710b8b3b315653278ef839bc4b316079.jpg,clean
valid,Side_road_on_left_673_jpg.rf.692abd5fcc5e61bcb634633261d54f26.jpg,clean
valid,Side_road_on_left_678_jpg.rf.c785a1129444a6c19109c4b6a4339d82.jpg,clean
valid,Side_road_on_left_67_jpg.rf.3674717fb11c8779570d419f2ec51206.jpg,clean
valid,Side_road_on_left_680_jpg.rf.8db3d16ad49e881a43fc05ce645b8753.jpg,clean
valid,Side_road_on_left_685_jpg.rf.02ae7249b65ce3eeaa95350d7a42f5c6.jpg,clean
valid,Side_road_on_left_687_jpg.rf.a2a9dfb81b85cfb90b5963347c8b3c11.jpg,clean
valid,Side_road_on_left_689_jpg.rf.db0f4bde01d41844d8e97c21df0751ec.jpg,clean
valid,Side_road_on_left_694_jpg.rf.43a2679414d8929491a8c6742e11f2e6.jpg,clean
valid,Side_road_on_left_695_jpg.rf.3f8f0ef3e9ca23a037d7bcbc361d4573.jpg,clean
valid,Side_road_on_left_697_jpg.rf.b57b97155da96abed16fe6eeb403636c.jpg,clean
valid,Side_road_on_left_698_jpg.rf.8e0420dae099323329035e68a2f87829.jpg,clean
valid,Side_road_on_left_699_jpg.rf.73d8ace558260730a6fe55682bd1db94.jpg,clean
valid,Side_road_on_left_705_jpg.rf.8cc1926b8828537f68fdb3485ff4e590.jpg,clean
valid,Side_road_on_left_707_jpg.rf.f08d311f0f37ade092a660659739b753.jpg,clean
valid,Side_road_on_left_708_jpg.rf.df869493fb4dd1e4450372141fd833ab.jpg,clean
valid,Side_road_on_left_71_jpg.rf.d721ae7a199f8de6c81ee363b618ff9b.jpg,clean
valid,Side_road_on_left_741_jpg.rf.6ad9471d05c9b8cd74996a6c86e1f89c.jpg,clean
valid,Side_road_on_left_742_jpg.rf.1882ca9a2231093eee326894f6a63bfd.jpg,clean
valid,Side_road_on_left_744_jpg.rf.0d3ba5bafa93856b6e6b6f993f9a3e8e.jpg,clean
valid,Side_road_on_left_750_jpg.rf.aaafe3e05c8a15789785e205df3452a1.jpg,clean
valid,Side_road_on_left_756_jpg.rf.56317d8c330abc8fb016de28fa841631.jpg,clean
valid,Side_road_on_left_75_jpg.rf.7f9cda01451cbc289cdff386c5a31029.jpg,clean
valid,Side_road_on_left_760_jpg.rf.e7ad0c204165bc7b767735e3fc05cc71.jpg,clean
valid,Side_road_on_left_764_jpg.rf.1abd6e180e3591bcc5b888dd7a8c9342.jpg,clean
valid,Side_road_on_left_765_jpg.rf.72a87fb668d37197c8ebc5b6db09567f.jpg,clean
valid,Side_road_on_left_766_jpg.rf.c41916cfa2251ad7db0a6458713f3696.jpg,clean
valid,Side_road_on_left_780_jpg.rf.80ba8effb0f877ee968d9304520c0c0a.jpg,clean
valid,Side_road_on_left_782_jpg.rf.266e63cbeb579d5ddfe49096d030f45b.jpg,clean
valid,Side_road_on_left_791_jpg.rf.368b3a46fca8d210090eec81a523af4f.jpg,clean
valid,Side_road_on_left_793_jpg.rf.797b886074978f3fd28a5618732b5d2b.jpg,clean
valid,Side_road_on_left_794_jpg.rf.dea85bfcb6df41dc48d2a7a57cc0e304.jpg,clean
valid,Side_road_on_left_79_jpg.rf.a31546afdfa865c2baff19dca6265daa.jpg,clean
valid,Side_road_on_left_801_jpg.rf.46b60bf705f78f006cbc775764d72553.jpg,clean
valid,Side_road_on_left_803_jpg.rf.f143463cb2c6bf3724fbeaea569f93c1.jpg,clean
valid,Side_road_on_left_838_jpg.rf.2fe638f29ef7440b1190c6980d7d3af4.jpg,clean
valid,Side_road_on_left_839_jpg.rf.5f1b49b254fd160d698706e8b5ea0fea.jpg,clean
valid,Side_road_on_left_845_jpg.rf.061a71b8ebfeb43c4814e368c91d1ccf.jpg,clean
valid,Side_road_on_left_847_jpg.rf.2f357b794b554f19dcd409174471fc4b.jpg,clean
valid,Side_road_on_left_848_jpg.rf.23638e515c97365bb1061a5cc579f37c.jpg,clean
valid,Side_road_on_left_84_jpg.rf.3cacefca0375384d43df26a3c4cf37a0.jpg,clean
valid,Side_road_on_left_851_jpg.rf.c82ce65524bcaf05a1da392f7c9a1a2f.jpg,clean
valid,Side_road_on_left_85_jpg.rf.e0b1a30a8a58ccc9b291cf3347ca3d5d.jpg,clean
valid,Side_road_on_left_86_jpg.rf.deace9c9f0c93940ef02b61ca90b213e.jpg,clean
valid,Side_road_on_left_87_jpg.rf.3502a29c72e905fe6033b35835ad2c50.jpg,clean
valid,Side_road_on_left_89_jpg.rf.5dc1fddbdcdad0a70303341b597cc2fa.jpg,clean
valid,Side_road_on_left_90_jpg.rf.5df1450e2be8f59713c542e276377a86.jpg,clean
valid,Side_road_on_left_92_jpg.rf.9b6f76128a52e205e27fce0196019d35.jpg,clean
valid,Side_road_on_left_96_jpg.rf.bc8c558483ccf8233af5d7dae84f49df.jpg,clean
valid,Side_road_on_right_0_jpg.rf.76a74df49d4ce2df0eae4dd5d669ad7f.jpg,clean
valid,Side_road_on_right_1007_jpg.rf.717da6f731157398cf46aff6a0bf293b.jpg,clean
valid,Side_road_on_right_1010_jpg.rf.483cf60b215f6cc0b1d04c4489b1b962.jpg,clean
valid,Side_road_on_right_1011_jpg.rf.e57262e21157c2ed6af532a34342c2e3.jpg,clean
valid,Side_road_on_right_1013_jpg.rf.de097d48fafbbb0a0749594c4551ca4f.jpg,clean
valid,Side_road_on_right_1014_jpg.rf.52ccd12487bee6a9e96b3d95d25c6e00.jpg,clean
valid,Side_road_on_right_1024_jpg.rf.5ca2ea30b075fe9b1a901ed11a3dbaa6.jpg,clean
valid,Side_road_on_right_1026_jpg.rf.e5a2943567e491f92fbb6627b2e91595.jpg,clean
valid,Side_road_on_right_1032_jpg.rf.e688d56d74dcf331e116940d8c63f2f1.jpg,clean
valid,Side_road_on_right_1037_jpg.rf.e806f471b947d564bd1283c106dcf08e.jpg,clean
valid,Side_road_on_right_1039_jpg.rf.e49a956109213a121d8d6951c740445d.jpg,clean
valid,Side_road_on_right_1045_jpg.rf.396cff03bfafc90d4ce863f9104085bd.jpg,clean
valid,Side_road_on_right_1048_jpg.rf.2c8cbcf7cee984bc2233ca475e42ca90.jpg,clean
valid,Side_road_on_right_1058_jpg.rf.d54911d0019290fe35c1deb0ab49a7be.jpg,clean
valid,Side_road_on_right_1059_jpg.rf.da1688f4dc33e0f924976c997f643a82.jpg,clean
valid,Side_road_on_right_105_jpg.rf.fe2f7e8c8807ed01ba865443696288cd.jpg,clean
valid,Side_road_on_right_1065_jpg.rf.d949383525a8f95a22d71f6e7f4bc875.jpg,clean
valid,Side_road_on_right_1066_jpg.rf.0e96ace410d7989ae26963b9def4cf35.jpg,clean
valid,Side_road_on_right_1068_jpg.rf.c11189ad16b90e036da16d9bacdab856.jpg,clean
valid,Side_road_on_right_106_jpg.rf.1be159366056806e7bd1c1cb728bd6b2.jpg,clean
valid,Side_road_on_right_1082_jpg.rf.159b25bd90e454a52b752637c032f7b3.jpg,clean
valid,Side_road_on_right_1083_jpg.rf.7d2d515d3e728510215cd39edfcb8c1a.jpg,clean
valid,Side_road_on_right_1086_jpg.rf.bf9adee25b206dc8d810741d8a8f614b.jpg,clean
valid,Side_road_on_right_1088_jpg.rf.e6734dde6559bd7b57039d7225a7b9fe.jpg,clean
valid,Side_road_on_right_1089_jpg.rf.1f7a53cdb68b7d5651c4d3c84bfbbd3d.jpg,clean
valid,Side_road_on_right_1096_jpg.rf.5c3c4fcd9116d31167864a2248952848.jpg,clean
valid,Side_road_on_right_1098_jpg.rf.79df7c39731fd4369668e43b74552114.jpg,clean
valid,Side_road_on_right_1100_jpg.rf.68eb914207f842afb97c03bac58a7733.jpg,clean
valid,Side_road_on_right_1105_jpg.rf.d3a9f24163e39f71e93b6af0caa69df9.jpg,clean
valid,Side_road_on_right_1108_jpg.rf.32d319402d12529a64c4b2d75bc7828a.jpg,clean
valid,Side_road_on_right_110_jpg.rf.a3badd671aa1ef56ae70bc27f2081098.jpg,clean
valid,Side_road_on_right_1110_jpg.rf.e07add65fc7187cb9036e1e2ce46352b.jpg,clean
valid,Side_road_on_right_1117_jpg.rf.57c3617e0a678d8cfa7b8e4204fb8463.jpg,clean
valid,Side_road_on_right_1124_jpg.rf.b35714bdcfbd1257258e3ee1b23fbebf.jpg,clean
valid,Side_road_on_right_1125_jpg.rf.2579fd201c18662fe7d3b54828c6a1cc.jpg,clean
valid,Side_road_on_right_1126_jpg.rf.bc9f15c513ad2880952164d1ceb4412b.jpg,clean
valid,Side_road_on_right_1128_jpg.rf.0cff492ebd775c6275355a28386ea9e0.jpg,clean
valid,Side_road_on_right_1129_jpg.rf.f79057d5471b8eae33511c3cd11acc0e.jpg,clean
valid,Side_road_on_right_1135_jpg.rf.59a1cebb370f79d23ea2c24f01eba253.jpg,clean
valid,Side_road_on_right_1140_jpg.rf.52c8931d0ce496da44e6ef1a96d7857b.jpg,clean
valid,Side_road_on_right_1144_jpg.rf.aabd98df70933335a33a87c09bb980c7.jpg,clean
valid,Side_road_on_right_1146_jpg.rf.8097cb633ae239549fc43f54af917daa.jpg,clean
valid,Side_road_on_right_115_jpg.rf.51e92587f4fee6b5eac05411aa21b728.jpg,clean
valid,Side_road_on_right_1160_jpg.rf.969ccdd42f451afdeb85000b541fc72b.jpg,clean
valid,Side_road_on_right_1165_jpg.rf.6d96737a45a5a9f6901cc6a0bbf7ccb4.jpg,clean
valid,Side_road_on_right_1169_jpg.rf.6be553b03d31226a16a4fab6f4893155.jpg,clean
valid,Side_road_on_right_1170_jpg.rf.13a57cecca5965efa96b39b9690a8dd4.jpg,clean
valid,Side_road_on_right_1172_jpg.rf.f66dcaf6890d816a140522173e99459b.jpg,clean
valid,Side_road_on_right_117_jpg.rf.20f63e8c5ea8356ed0d8cfa2088eeb4f.jpg,clean
valid,Side_road_on_right_118_jpg.rf.17d0239faea0190ace34c668a88d5dce.jpg,clean
valid,Side_road_on_right_121_jpg.rf.da9b9555f15bb01aed53596d8eedca36.jpg,clean
valid,Side_road_on_right_127_jpg.rf.75260ca72af7fe16ce0f59030e9c2f63.jpg,clean
valid,Side_road_on_right_136_jpg.rf.55072aad4f0c9f54c60aca5f28b5cd69.jpg,clean
valid,Side_road_on_right_13_jpg.rf.876f9bd96362fc466555ced4c236912c.jpg,clean
valid,Side_road_on_right_146_jpg.rf.db3381875ecf67b7ebee1524e9c84e88.jpg,clean
valid,Side_road_on_right_149_jpg.rf.12a1aebd6e977070e504b42a94ec6304.jpg,clean
valid,Side_road_on_right_14_jpg.rf.92856183ed7d714e505a677360e726a0.jpg,clean
valid,Side_road_on_right_151_jpg.rf.8eeb608bc71cde44124dd7c59a95f639.jpg,clean
valid,Side_road_on_right_159_jpg.rf.578c763fbcc4653e09bd5cda1218ff81.jpg,clean
valid,Side_road_on_right_169_jpg.rf.d479171c382322a7ed94e63adc8a7177.jpg,clean
valid,Side_road_on_right_170_jpg.rf.19c289dd35c693e6541a0456646ad224.jpg,clean
valid,Side_road_on_right_171_jpg.rf.85efd2af408c77aaf975cd5909ede033.jpg,clean
valid,Side_road_on_right_177_jpg.rf.31cd96fffee22a48a58515117ca7630e.jpg,clean
valid,Side_road_on_right_178_jpg.rf.4fc862929d925b3dabbb08c2b6a56d08.jpg,clean
valid,Side_road_on_right_17_jpg.rf.30f8280ca55b852733baa3e9e9a8a7d8.jpg,clean
valid,Side_road_on_right_195_jpg.rf.9d12b1a90701233538ba1666b12807bc.jpg,clean
valid,Side_road_on_right_199_jpg.rf.d2ea473c6a791857ebd2c00efce99b0d.jpg,clean
valid,Side_road_on_right_1_jpg.rf.92e03f22558ebb53e0391d74e8855fab.jpg,clean
valid,Side_road_on_right_228_jpg.rf.a24704e96cade40f5a3dc07f6f5a7e39.jpg,clean
valid,Side_road_on_right_232_jpg.rf.2c73922e7f078642efaebc6451c47b4a.jpg,clean
valid,Side_road_on_right_23_jpg.rf.d995f10caee474fb3bd4a02bd7a5d5fd.jpg,clean
valid,Side_road_on_right_240_jpg.rf.5fc58bfe6666eb480588309a74e1e8a0.jpg,clean
valid,Side_road_on_right_243_jpg.rf.89740b62bfa615b4b424f48faf5a6f2e.jpg,clean
valid,Side_road_on_right_244_jpg.rf.e6cd83e3f8e1c2cedaa5d6aea317e976.jpg,clean
valid,Side_road_on_right_24_jpg.rf.f59e481016fac15a13dc7788d9568ca8.jpg,clean
valid,Side_road_on_right_256_jpg.rf.a0601744a9eae07fa57ec1610798e7c2.jpg,clean
valid,Side_road_on_right_259_jpg.rf.e85b98a7d91d0e781fde2230cd8893d3.jpg,clean
valid,Side_road_on_right_261_jpg.rf.28f3f924b097d8b5e9bf6d9c32ce3469.jpg,clean
valid,Side_road_on_right_262_jpg.rf.989536eb6866849d50e3fad4e9b216d7.jpg,clean
valid,Side_road_on_right_266_jpg.rf.0092f9455ef14c721e672a18ece28e6e.jpg,clean
valid,Side_road_on_right_275_jpg.rf.2c95a4d815edb9b934680b34b9cfa210.jpg,clean
valid,Side_road_on_right_282_jpg.rf.f933d76256d5d0a0b4c6f26978a6f323.jpg,clean
valid,Side_road_on_right_286_jpg.rf.9146584850267a813e4d79767989b524.jpg,clean
valid,Side_road_on_right_289_jpg.rf.14baf2e43ccff671f42aef1587e60638.jpg,clean
valid,Side_road_on_right_292_jpg.rf.84a5950ff044d36e03b532601a5965af.jpg,clean
valid,Side_road_on_right_294_jpg.rf.d226ef4ec2c1901805c89824656752bb.jpg,clean
valid,Side_road_on_right_297_jpg.rf.b1748843ccaf7a8e360ab3e0d7f7633c.jpg,clean
valid,Side_road_on_right_305_jpg.rf.c4b9c07c33eaea249886f880b167208a.jpg,clean
valid,Side_road_on_right_308_jpg.rf.ee518b584761d4059e67fbf947b0f3f8.jpg,clean
valid,Side_road_on_right_311_jpg.rf.c7b9f7db66c9ee8124cffbaa95e7dbc4.jpg,clean
valid,Side_road_on_right_313_jpg.rf.b80aa8bc75ceaa3b3c6290c04302976f.jpg,clean
valid,Side_road_on_right_315_jpg.rf.101b0798893775b892044d6f666ddb17.jpg,clean
valid,Side_road_on_right_318_jpg.rf.f6c1a93746708437b3d13bc16daa7378.jpg,clean
valid,Side_road_on_right_328_jpg.rf.a2074e595bc7f5b922040ef53dad1ed1.jpg,clean
valid,Side_road_on_right_340_jpg.rf.fbf21581106c969b3883c27a14247014.jpg,clean
valid,Side_road_on_right_341_jpg.rf.d642dd6351071ba98babe44999452cc6.jpg,clean
valid,Side_road_on_right_344_jpg.rf.0d590af2fb01a5e6fc95bf7227a890d1.jpg,clean
valid,Side_road_on_right_345_jpg.rf.193bcd8b9352dbadf08ad0ab06e00006.jpg,clean
valid,Side_road_on_right_347_jpg.rf.77ceda1afcabcd4fcd82b1fe9a34b0aa.jpg,clean
valid,Side_road_on_right_355_jpg.rf.2446b63f7d088214351e44c8dcaace77.jpg,clean
valid,Side_road_on_right_356_jpg.rf.276daf1a0ebf3a67bf629f9705017d76.jpg,clean
valid,Side_road_on_right_360_jpg.rf.f931c3748c78eaf584252db052910c46.jpg,clean
valid,Side_road_on_right_366_jpg.rf.92517b2418334e63902517fb27d09518.jpg,clean
valid,Side_road_on_right_36_jpg.rf.7a1d1c71150a7c38ab2e9900b1cd303e.jpg,clean
valid,Side_road_on_right_372_jpg.rf.8a53efac8205d4da53089acc8e96f52c.jpg,clean
valid,Side_road_on_right_379_jpg.rf.2a2cf848a8f95ee32cdb10fb249a876a.jpg,clean
valid,Side_road_on_right_37_jpg.rf.91e535b477725cd3ac361ae131aa7b76.jpg,clean
valid,Side_road_on_right_383_jpg.rf.5d439f9241e954d6c8ee0ca6fe5e300c.jpg,clean
valid,Side_road_on_right_387_jpg.rf.1d6ec11ab1139f7e066f6c6c961b973e.jpg,clean
valid,Side_road_on_right_392_jpg.rf.f933b682bd9c8f8c2d7943f14d8416e2.jpg,clean
valid,Side_road_on_right_394_jpg.rf.6183319c9a94f2c40a9299e3a458be52.jpg,clean
valid,Side_road_on_right_398_jpg.rf.ffaf96d417c7a031c78277036b696670.jpg,clean
valid,Side_road_on_right_3_jpg.rf.913609995d26f54eacabd22ebd5f573f.jpg,clean
valid,Side_road_on_right_405_jpg.rf.c5fd2346007a481e2a90bba49c7fe4c3.jpg,clean
valid,Side_road_on_right_407_jpg.rf.cc70752232fa568d97d733ab671f7614.jpg,clean
valid,Side_road_on_right_408_jpg.rf.6ad9f82029a45591286f391039c55a8a.jpg,clean
valid,Side_road_on_right_409_jpg.rf.8df4c171149b506d854998738ae6215e.jpg,clean
valid,Side_road_on_right_412_jpg.rf.b8b5dc044b8a391fc50850027c4a1e9e.jpg,clean
valid,Side_road_on_right_418_jpg.rf.1994962b89768b04e4d750a92556ef71.jpg,clean
valid,Side_road_on_right_423_jpg.rf.17ea11168a51932ea6126ee498794fcf.jpg,clean
valid,Side_road_on_right_428_jpg.rf.d4ad4d04f0cb4ecd7e9c4988bfafe3a0.jpg,clean
valid,Side_road_on_right_432_jpg.rf.6cb75ebde8bdd01e5582858bab9cc6d7.jpg,clean
valid,Side_road_on_right_437_jpg.rf.1497514b099b50fc17fa193f7427e6ff.jpg,clean
valid,Side_road_on_right_438_jpg.rf.2378f7540f1f2577ee4ec994d715ab9f.jpg,clean
valid,Side_road_on_right_43_jpg.rf.a38b3af5c1f3e5dd39def519bc9f2758.jpg,clean
valid,Side_road_on_right_442_jpg.rf.c6b51fe77880456470a501528c911273.jpg,clean
valid,Side_road_on_right_447_jpg.rf.878d0422da1a55f30f7622aca44de908.jpg,clean
valid,Side_road_on_right_451_jpg.rf.fbcf49731e61ba26870192637d716fd8.jpg,clean
valid,Side_road_on_right_455_jpg.rf.67e9f76252b61a0e164157bfdf12ae1e.jpg,clean
valid,Side_road_on_right_458_jpg.rf.8adfafbe08d19276e8531f3d56efee22.jpg,clean
valid,Side_road_on_right_462_jpg.rf.35e6466f6def90fc004981bfa0645032.jpg,clean
valid,Side_road_on_right_465_jpg.rf.3fe47013e436c2455c7a3e8e735fd5d0.jpg,clean
valid,Side_road_on_right_469_jpg.rf.c934c59d92f18bebc4b46116b5afb965.jpg,clean
valid,Side_road_on_right_472_jpg.rf.6524d744681c43769375b5e980bd4431.jpg,clean
valid,Side_road_on_right_477_jpg.rf.a720b7aa636da749da2280a2ddf7f70e.jpg,clean
valid,Side_road_on_right_478_jpg.rf.b0eb52405844ed3e2503ba7e6101a333.jpg,clean
valid,Side_road_on_right_485_jpg.rf.bc0ca25ce83b943a1e01dd51ddbea71e.jpg,clean
valid,Side_road_on_right_48_jpg.rf.44bbd3fd80a62cdb4065de7e395750ed.jpg,clean
valid,Side_road_on_right_491_jpg.rf.4a677a71cc2f2d37e13da5f5f128bb82.jpg,clean
valid,Side_road_on_right_49_jpg.rf.8d5a9320ef77a49b87bbb84271f662d6.jpg,clean
valid,Side_road_on_right_502_jpg.rf.879a9b50580f0c98daf329c39eae0fc9.jpg,clean
valid,Side_road_on_right_50_jpg.rf.7d8e013937c736014abcc2fa96ce13e3.jpg,clean
valid,Side_road_on_right_516_jpg.rf.d23a807782540a35a7c7eaace063b573.jpg,clean
valid,Side_road_on_right_525_jpg.rf.f0d891ae1c75c5ba9751daf07ecfc970.jpg,clean
valid,Side_road_on_right_533_jpg.rf.3aa13fe07756c5b3284aefac58d2340e.jpg,clean
valid,Side_road_on_right_536_jpg.rf.3ec4d68d9bd54d0ffae46ecc1a7fba2c.jpg,clean
valid,Side_road_on_right_544_jpg.rf.7cee11672e004e3f9151ed55d2ad523f.jpg,clean
valid,Side_road_on_right_547_jpg.rf.379ad49cfe72eac0cf288c73986f1bc6.jpg,clean
valid,Side_road_on_right_54_jpg.rf.042f7b640af6815aafc70ebe7235b30b.jpg,clean
valid,Side_road_on_right_555_jpg.rf.e435130216948924dabc34d3b763c77c.jpg,clean
valid,Side_road_on_right_564_jpg.rf.9a4b7fd6993e1a15fe09561549c084df.jpg,clean
valid,Side_road_on_right_567_jpg.rf.8938132fab221c81ad08fa0a0c970216.jpg,clean
valid,Side_road_on_right_573_jpg.rf.88bbfb3dd94879909f00116af80a2a94.jpg,clean
valid,Side_road_on_right_582_jpg.rf.eb0a9ee6e1564843ded41e6ac0a30305.jpg,clean
valid,Side_road_on_right_585_jpg.rf.a2c504432ee193d3ffcd4e0b69b7fa4b.jpg,clean
valid,Side_road_on_right_589_jpg.rf.bd0f7ef7f24a956d52fc1c2357ac97a8.jpg,clean
valid,Side_road_on_right_590_jpg.rf.83e8979d6c76b73fc284c8feb8f38a42.jpg,clean
valid,Side_road_on_right_593_jpg.rf.09f0c3e2147f16d51f3fd5523676f759.jpg,clean
valid,Side_road_on_right_600_jpg.rf.f7a3e36465b6afcc90406c8095908e35.jpg,clean
valid,Side_road_on_right_612_jpg.rf.afd80d206a5de1a016091755351f5156.jpg,clean
valid,Side_road_on_right_613_jpg.rf.dbd544da7580e4096d9a71a7b504b237.jpg,clean
valid,Side_road_on_right_615_jpg.rf.b50b9ed81d80bd222a3fe707917486f9.jpg,clean
valid,Side_road_on_right_619_jpg.rf.e1fe3bcbe2d283be765c605f88ffc628.jpg,clean
valid,Side_road_on_right_620_jpg.rf.70a95bdbfe6475fc66a9565721bc09b3.jpg,clean
valid,Side_road_on_right_626_jpg.rf.de7d4c5dceb150bbb4c024a47f25387f.jpg,clean
valid,Side_road_on_right_635_jpg.rf.a3962606dbbfd4c6d12988a66d419501.jpg,clean
valid,Side_road_on_right_636_jpg.rf.b94a59158dc9768bc5002b2cedabb403.jpg,clean
valid,Side_road_on_right_63_jpg.rf.c6ab7a62e4bda9353fcd38058e32e4e2.jpg,clean
valid,Side_road_on_right_644_jpg.rf.aa34b3f3afb40eab23af8f36b3b5bcbf.jpg,clean
valid,Side_road_on_right_646_jpg.rf.f9355fa500b82c5f9ec0832aab56b5b9.jpg,clean
valid,Side_road_on_right_647_jpg.rf.e85d72fd27843791bbec92d2ada80da9.jpg,clean
valid,Side_road_on_right_650_jpg.rf.a7cc9a6a4af09de868489bcae24a1f2e.jpg,clean
valid,Side_road_on_right_656_jpg.rf.a68b289f6ee2b03a77476c4f23742f0a.jpg,clean
valid,Side_road_on_right_660_jpg.rf.74a77b1c3e4cde8356ebf00eafd2e4bf.jpg,clean
valid,Side_road_on_right_664_jpg.rf.4bf47e6eef71cdffc69321c0d91e919c.jpg,clean
valid,Side_road_on_right_665_jpg.rf.19ef398826cc88cdcdc723a6ee128bd1.jpg,clean
valid,Side_road_on_right_667_jpg.rf.3cf970deab9f3823e86038da1df274f5.jpg,clean
valid,Side_road_on_right_669_jpg.rf.de2805a028b4e481801faa8fb05344da.jpg,clean
valid,Side_road_on_right_670_jpg.rf.1afcbbc80293541e7eeaa1557c688cad.jpg,clean
valid,Side_road_on_right_675_jpg.rf.ff54e3c688d6c1dcc51df54cb1acb5f5.jpg,clean
valid,Side_road_on_right_685_jpg.rf.721f92e9982d8d181808e8208dd9f5c5.jpg,clean
valid,Side_road_on_right_790_jpg.rf.2bc64f9e837407963ace35cd7e0305ab.jpg,clean
valid,Side_road_on_right_791_jpg.rf.24fe9b4acfb82dd493394c6675048159.jpg,clean
valid,Side_road_on_right_792_jpg.rf.16f373a4df1f7b863c44b67a4ef9176a.jpg,clean
valid,Side_road_on_right_794_jpg.rf.70f35e82770445f046d6c5d84b59ed1a.jpg,clean
valid,Side_road_on_right_795_jpg.rf.641abded250f8ca8cdf7b91ff9e22782.jpg,clean
valid,Side_road_on_right_798_jpg.rf.a0738e60f03ae37a6c88d3a0bedec072.jpg,clean
valid,Side_road_on_right_800_jpg.rf.6e021be327bc5c876e7ac80dddf96de9.jpg,clean
valid,Side_road_on_right_803_jpg.rf.d8a95538ad11f6849f3f19116784cd18.jpg,clean
valid,Side_road_on_right_80_jpg.rf.facbe191a28034d158254dcbdabe01e1.jpg,clean
valid,Side_road_on_right_811_jpg.rf.6c13b7bdfbab35a307752c83ee23e089.jpg,clean
valid,Side_road_on_right_812_jpg.rf.33ec1beee36308a645859e44efc1f448.jpg,clean
valid,Side_road_on_right_819_jpg.rf.7ee1eb4cbbc7f731ee0a8f0dd308407f.jpg,clean
valid,Side_road_on_right_821_jpg.rf.e4bf6dddbaf69552a40676b9f3c8469e.jpg,clean
valid,Side_road_on_right_823_jpg.rf.c1a88f48e7a6c23b6002a99bfefb3ede.jpg,clean
valid,Side_road_on_right_824_jpg.rf.058e198bef25cc072f1df504d0fa3881.jpg,clean
valid,Side_road_on_right_831_jpg.rf.cc075413c37ca76963c08beddcf8f616.jpg,clean
valid,Side_road_on_right_840_jpg.rf.4bb573a729a27c656218507ae3d61289.jpg,clean
valid,Side_road_on_right_842_jpg.rf.1218f294fd0d4ea00b9ce4b353186f51.jpg,clean
valid,Side_road_on_right_846_jpg.rf.d74f1b20ddb372fe14a3d0e7cf460915.jpg,clean
valid,Side_road_on_right_853_jpg.rf.13fa1685553d4140594ae80050ec5d4b.jpg,clean
valid,Side_road_on_right_855_jpg.rf.f55a55461f22b8de163ed94d71dbf271.jpg,clean
valid,Side_road_on_right_857_jpg.rf.823b2c07cea15fbeece95288c5b59f08.jpg,clean
valid,Side_road_on_right_867_jpg.rf.456304d4a11cb9afdba637ffad7909e4.jpg,clean
valid,Side_road_on_right_883_jpg.rf.7191252ec242ed105a645ea20f45993b.jpg,clean
valid,Side_road_on_right_885_jpg.rf.06f86dad40b52d739458d7390fca6395.jpg,clean
valid,Side_road_on_right_886_jpg.rf.d9034dcdd3b52bae75e43b4d1cd2c0c5.jpg,clean
valid,Side_road_on_right_887_jpg.rf.5a61e8783ca96964ec787b26c4e322dd.jpg,clean
valid,Side_road_on_right_889_jpg.rf.256407df70add8f62dbdabe782652e51.jpg,clean
valid,Side_road_on_right_892_jpg.rf.b79ea445e10e18217a10afb44dd9fc2c.jpg,clean
valid,Side_road_on_right_896_jpg.rf.805fd86ee1ab49945e967a5d1586f665.jpg,clean
valid,Side_road_on_right_89_jpg.rf.b144c04d46f61a31fdb54f99c9b20b3d.jpg,clean
valid,Side_road_on_right_913_jpg.rf.fe10fa7422738799eb8a167b437059d1.jpg,clean
valid,Side_road_on_right_914_jpg.rf.7d6c0109e8b965a55c382adc137cb961.jpg,clean
valid,Side_road_on_right_918_jpg.rf.bcc2cf01399dbd00f334a1068ea2b600.jpg,clean
valid,Side_road_on_right_919_jpg.rf.4c37da5e826c5e8dd655e9db393b64f5.jpg,clean
valid,Side_road_on_right_91_jpg.rf.cbda25d8879f33c6be426335075b3773.jpg,clean
valid,Side_road_on_right_930_jpg.rf.e89479e3fef37b291f3c660e7a842492.jpg,clean
valid,Side_road_on_right_931_jpg.rf.13c24dbac9885100d26c731497a0458c.jpg,clean
valid,Side_road_on_right_933_jpg.rf.db75a0e80d74b9debfe2f153285702d9.jpg,clean
valid,Side_road_on_right_937_jpg.rf.d013ce4d7a5736db698a2eeb7255f0cb.jpg,clean
valid,Side_road_on_right_939_jpg.rf.fd87cfc445bdcafdb0a9b57cc7367283.jpg,clean
valid,Side_road_on_right_942_jpg.rf.2834e8f6a0ed8ff718b8eeb84b5fffae.jpg,clean
valid,Side_road_on_right_949_jpg.rf.bb006b0e89a013bbd6ba577259a1f6d7.jpg,clean
valid,Side_road_on_right_960_jpg.rf.fb0564f7a0bd2cb5eff0bd076a8b01df.jpg,clean
valid,Side_road_on_right_961_jpg.rf.f45b73a10296bb8e99acf73d4eb9db3f.jpg,clean
valid,Side_road_on_right_96_jpg.rf.cf8e24bab2491a4a1a3237b77fda8641.jpg,clean
valid,Side_road_on_right_977_jpg.rf.285c5b7a7eb78b2aaa5a064dbb5a2880.jpg,clean
valid,Side_road_on_right_97_jpg.rf.df6220dcfebc80da3d3cd46241e03ff9.jpg,clean
valid,Side_road_on_right_98_jpg.rf.9e3e180d8a2dc2796af7e2916bceadda.jpg,clean
valid,Side_road_on_right_990_jpg.rf.f9f69bd7bcbc6f60a724aa24640fab37.jpg,clean
valid,Side_road_on_right_996_jpg.rf.3b7f26d6e2dfa9c5e39aaaa8c3771639.jpg,clean
valid,Speed_breaker_100_jpg.rf.21ce89e5cb3e393a8e43723ddbdc3e63.jpg,clean
valid,Speed_breaker_112_jpg.rf.9ebf21897f2e3f19ee71e470fc0759fc.jpg,clean
valid,Speed_breaker_114_jpg.rf.85b2f5886348794836bfa2359a1c620c.jpg,clean
valid,Speed_breaker_131_jpg.rf.33d19a5a33b4c34b80c534e4b4adeb55.jpg,clean
valid,Speed_breaker_133_jpg.rf.c83687dcb631c5e39d47c2d7d41a36a3.jpg,clean
valid,Speed_breaker_134_jpg.rf.8e35b5fe888c2caefcd80772049e7ea5.jpg,clean
valid,Speed_breaker_136_jpg.rf.20d26d46db77ba9c5105203ebbfd6bc3.jpg,clean
valid,Speed_breaker_137_jpg.rf.20c990be4a4e576db2bc8c989148bfd7.jpg,clean
valid,Speed_breaker_13_jpg.rf.d87c880844f5d50f0a98bd2f884bd85b.jpg,clean
valid,Speed_breaker_141_jpg.rf.72c4cc6f626e6293e8680b26d02d4c43.jpg,clean
valid,Speed_breaker_149_jpg.rf.dac8640faff020a6251adc410a780737.jpg,clean
valid,Speed_breaker_155_jpg.rf.4ff42bde752633eb497889138da65faa.jpg,clean
valid,Speed_breaker_156_jpg.rf.b490b5b67d4e4196482b7d0abeb140c4.jpg,clean
valid,Speed_breaker_157_jpg.rf.be8b32b9354cc4ea5fc9ca8e572bc29f.jpg,clean
valid,Speed_breaker_158_jpg.rf.8c06ba0bbbe96d31041d28a5765ca274.jpg,clean
valid,Speed_breaker_15_jpg.rf.987ee856fe6411e73869bc54edd35580.jpg,clean
valid,Speed_breaker_163_jpg.rf.8bd9b4983d75a19f081f84feeb10898d.jpg,clean
valid,Speed_breaker_166_jpg.rf.02a1053e10ae9ad5c55270448201e60c.jpg,clean
valid,Speed_breaker_16_jpg.rf.5ffdf7e56eb4590f9a0e9643d77d9fcb.jpg,clean
valid,Speed_breaker_181_jpg.rf.b714a30917ff31efd45cbefea1675f27.jpg,clean
valid,Speed_breaker_184_jpg.rf.d342cc286c4964829dae07539d37406e.jpg,clean
valid,Speed_breaker_185_jpg.rf.0bf2e44e256e22e2b1e575584331dc30.jpg,clean
valid,Speed_breaker_192_jpg.rf.5aa88479478d0be08f3f88033895c838.jpg,clean
valid,Speed_breaker_204_jpg.rf.8621ad9bf559ef6656fd116525a353df.jpg,clean
valid,Speed_breaker_206_jpg.rf.b4eb5d95537e6b23d45ec4a0688665d7.jpg,clean
valid,Speed_breaker_209_jpg.rf.39015887a59805af4f3854c3ea52ff5e.jpg,clean
valid,Speed_breaker_211_jpg.rf.f8904c90ea0a95f127068a6f010e6c2e.jpg,clean
valid,Speed_breaker_217_jpg.rf.cc2c4a614562fd02a12e43e743db0ea1.jpg,clean
valid,Speed_breaker_221_jpg.rf.afdd289597b9426d2f00aa0ff08e799b.jpg,clean
valid,Speed_breaker_222_jpg.rf.891cd5dde7778b168d88ba3a65258848.jpg,clean
valid,Speed_breaker_235_jpg.rf.de681b0097cf977d20335601b45a9d78.jpg,clean
valid,Speed_breaker_241_jpg.rf.4c57ee51113372e71696e6edb44e8e64.jpg,clean
valid,Speed_breaker_244_jpg.rf.cb7a4613fcab1b519aa12b1b9278296d.jpg,clean
valid,Speed_breaker_249_jpg.rf.83ed143020585051208a88c9d6bde1ae.jpg,clean
valid,Speed_breaker_254_jpg.rf.d1255a945f79ba142dbe81b9293b2fae.jpg,clean
valid,Speed_breaker_258_jpg.rf.dfa4e18b053e875f722409ed1c8149f6.jpg,clean
valid,Speed_breaker_270_jpg.rf.975a69e2459ec18d47a2d403e3de8dd7.jpg,clean
valid,Speed_breaker_274_jpg.rf.11e2d292472e058af4fc7c3d5ff62807.jpg,clean
valid,Speed_breaker_283_jpg.rf.13b36d8165c31b2fa6095809c17096af.jpg,clean
valid,Speed_breaker_291_jpg.rf.c41f774e9a6e0e66358c381f4b0c247e.jpg,clean
valid,Speed_breaker_29_jpg.rf.32b1d9673ac5c4f81d50696b73ffd51b.jpg,clean
valid,Speed_breaker_2_jpg.rf.8f7549644af013b62b1fc2f57da19bce.jpg,clean
valid,Speed_breaker_307_jpg.rf.97b219b215e6ecdbae603c35c4c8ac82.jpg,clean
valid,Speed_breaker_310_jpg.rf.8edd72b24c0bf9856fe75eb905401987.jpg,clean
valid,Speed_breaker_317_jpg.rf.ce282b31d9e4268aa0d97802f5174bb1.jpg,clean
valid,Speed_breaker_323_jpg.rf.65fec5cdb857409b5f5621aac48d409d.jpg,clean
valid,Speed_breaker_326_jpg.rf.435d111af74681fb44487c5dd88f58d1.jpg,clean
valid,Speed_breaker_329_jpg.rf.1d80086c31c2a5f6c901031b1c8022bf.jpg,clean
valid,Speed_breaker_32_jpg.rf.af1d00212824b26778777a54d620a153.jpg,clean
valid,Speed_breaker_340_jpg.rf.d643b0c211ae6060867e0fb206fe99e6.jpg,clean
valid,Speed_breaker_341_jpg.rf.f9eb2ed169bc2939c217b772c5d368d0.jpg,clean
valid,Speed_breaker_346_jpg.rf.b8c7f4a43baaff9a8d43b063b1a9d7ee.jpg,clean
valid,Speed_breaker_349_jpg.rf.a8fbbb845157c7fbbd709c12d83a0651.jpg,clean
valid,Speed_breaker_357_jpg.rf.f5ce0cc6c3857881c2cee50c50d68a1f.jpg,clean
valid,Speed_breaker_35_jpg.rf.4b8eca50f5bd5e165ef479b47621b13e.jpg,clean
valid,Speed_breaker_362_jpg.rf.14835f84d586d504a0973631d7c2d882.jpg,clean
valid,Speed_breaker_367_jpg.rf.f8b90ad9e86bb1fc752311e064595752.jpg,clean
valid,Speed_breaker_36_jpg.rf.3db57283f5df0c85b284f2fd920f6198.jpg,clean
valid,Speed_breaker_371_jpg.rf.71b28bc381e108cf32b24ba99e04993f.jpg,clean
valid,Speed_breaker_372_jpg.rf.3f3478d9e92e77a4c29cbbb8e9511339.jpg,clean
valid,Speed_breaker_37_jpg.rf.ce8889b6e9d24f0fafd938396ecbabbd.jpg,clean
valid,Speed_breaker_385_jpg.rf.5aa523331c2834f36d500761c442854c.jpg,clean
valid,Speed_breaker_388_jpg.rf.b2afd8027c2208589134be78489e97ac.jpg,clean
valid,Speed_breaker_391_jpg.rf.a661f94fc26cd3f0df5810af88e97fb7.jpg,clean
valid,Speed_breaker_396_jpg.rf.e3f051dc58ab5639955862113c5148d8.jpg,clean
valid,Speed_breaker_3_jpg.rf.32d866ddb81b7fa9d7004fc1ff28bd23.jpg,clean
valid,Speed_breaker_404_jpg.rf.b220e1a183aefb9cb0376075e04d9fa3.jpg,clean
valid,Speed_breaker_40_jpg.rf.9a2a42b51ad4b7d6fb354746edbde344.jpg,clean
valid,Speed_breaker_49_jpg.rf.ef0cac2dfc0602bf55fe2ca7ef40949b.jpg,clean
valid,Speed_breaker_52_jpg.rf.711c32f836e4a64130a78107c4a60465.jpg,clean
valid,Speed_breaker_54_jpg.rf.d9a4f024bbd7f148433d7db904aae089.jpg,clean
valid,Speed_breaker_55_jpg.rf.6a246f9344d888f4967d67cbce6d29a6.jpg,clean
valid,Speed_breaker_56_jpg.rf.ddfa962312f670c20c85d421a9cf815d.jpg,clean
valid,Speed_breaker_5_jpg.rf.d33a541c22b922be68666d76f34d2491.jpg,clean
valid,Speed_breaker_61_jpg.rf.27c84931e5b233eb2a76f20963a7772e.jpg,clean
valid,Speed_breaker_65_jpg.rf.6b04905c0f884e8175d4245db5f53fa8.jpg,clean
valid,Speed_breaker_6_jpg.rf.e99fedec7bb13f2c0104a70e94f786c7.jpg,clean
valid,Speed_breaker_71_jpg.rf.d5c0b8ed95926ee3015b6255afefbf1c.jpg,clean
valid,Speed_breaker_80_jpg.rf.2811c53138a1bc0923a9a28204e762b4.jpg,clean
valid,Speed_breaker_87_jpg.rf.31c6e056d14e1fc3c0c04ca3ced09074.jpg,clean
valid,Speed_breaker_93_jpg.rf.2d312e8a21becbcc038d04901f1e97d7.jpg,clean
valid,Speed_breaker_94_jpg.rf.438fa0a8b304998aa729d670e0d7d1f0.jpg,clean
valid,Speed_limit_20km_12_jpg.rf.8d78d752da87a7185342756679121bd9.jpg,clean
valid,Speed_limit_20km_15_jpg.rf.d9279399bf48a1c1eb4e549b53ac29e9.jpg,clean
valid,Speed_limit_20km_16_jpg.rf.46589460c02671f249a538af6c405b76.jpg,clean
valid,Speed_limit_20km_20_jpg.rf.b0a265be8bb177808898c90a3ce11e4a.jpg,clean
valid,Speed_limit_20km_23_jpg.rf.e805a0d32825dffc5bc22dd03bfb685e.jpg,clean
valid,Speed_limit_20km_34_jpg.rf.28ad253c26a300811584ebe7c527b729.jpg,clean
valid,Speed_limit_20km_35_jpg.rf.662889faedcd5c98c6701dd41295ec6e.jpg,clean
valid,Speed_limit_20km_38_jpg.rf.a5f6b4d4938b52940e5ee3107e0ba6e1.jpg,clean
valid,Speed_limit_20km_3_jpg.rf.6c5f4f6822bf852c2a8bfa4688b987c1.jpg,clean
valid,Speed_limit_20km_42_jpg.rf.8fcb7a5a6f477cde52bb8bd108f2fd29.jpg,clean
valid,Speed_limit_20km_45_jpg.rf.6f08850293bf76c633e4b4459dc1636e.jpg,clean
valid,Speed_limit_20km_48_jpg.rf.01d9da75985ac34f3e3e35e33bdbc356.jpg,clean
valid,Speed_limit_20km_52_jpg.rf.cf9ff8f6f4117457eeef0eedac59ea1e.jpg,clean
valid,Speed_limit_20km_56_jpg.rf.6f4b0e899d890a5d1c4f722050b337fc.jpg,clean
valid,Speed_limit_20km_59_jpg.rf.baffa0b8c80c8d63449f61194f4205c6.jpg,clean
valid,Speed_limit_20km_65_jpg.rf.dc2aefd499dd5f4c3932b9fd789046e4.jpg,clean
valid,Speed_limit_20km_9_jpg.rf.27a080a736719d0c098fa36f9536cc74.jpg,clean
valid,Speed_limit_40km_104_jpg.rf.2be50431a182a5a8b4406b98145e2b52.jpg,clean
valid,Speed_limit_40km_107_jpg.rf.48000002c147bfcc0c81fcbed3b1874b.jpg,clean
valid,Speed_limit_40km_110_jpg.rf.4ace9681f7204bc67c89543ebbde1d0e.jpg,clean
valid,Speed_limit_40km_115_jpg.rf.7e8e5f1e4dddb98c1d891c7abb581c05.jpg,clean
valid,Speed_limit_40km_121_jpg.rf.63244d77a7532c47667d3095f5e5f408.jpg,clean
valid,Speed_limit_40km_126_jpg.rf.6e630212a619c290cae04e13b88c28f8.jpg,clean
valid,Speed_limit_40km_128_jpg.rf.464a01fd0d396a8ec6fb1b07fc61ca35.jpg,clean
valid,Speed_limit_40km_135_jpg.rf.25a57b4307864a59ad14f4f16d0e4c72.jpg,clean
valid,Speed_limit_40km_13_jpg.rf.7b20907066e0a981583457b2de6c3ad6.jpg,clean
valid,Speed_limit_40km_149_jpg.rf.3b3e09e38668e0189eb166d37db93eab.jpg,clean
valid,Speed_limit_40km_14_jpg.rf.bf4cd52cf92892bb8588e1a504f046e2.jpg,clean
valid,Speed_limit_40km_152_jpg.rf.49c09951af81f2050849efc822e7611c.jpg,clean
valid,Speed_limit_40km_159_jpg.rf.51bc3a12109250fe823bff3d3b1b4e3f.jpg,clean
valid,Speed_limit_40km_166_jpg.rf.1450280aa3df17ac96d4d9faf947ae0a.jpg,clean
valid,Speed_limit_40km_173_jpg.rf.467384849a9d5ea3c1789691d61a4df6.jpg,clean
valid,Speed_limit_40km_175_jpg.rf.4b25020b9b0fd37b4c9f23f1cf416088.jpg,clean
valid,Speed_limit_40km_176_jpg.rf.5c2d163571e0f1198d4d936bc3daaf41.jpg,clean
valid,Speed_limit_40km_178_jpg.rf.3e2f5a2653bb8a1fe170bde4d044aead.jpg,clean
valid,Speed_limit_40km_181_jpg.rf.018cfa7ee6a05b8b06a1ae2a0bba6e1e.jpg,clean
valid,Speed_limit_40km_182_jpg.rf.7b249baa89fc548556fea8c035e44d7e.jpg,clean
valid,Speed_limit_40km_197_jpg.rf.9bd79c65c9a31997c7d5308c045f779c.jpg,clean
valid,Speed_limit_40km_205_jpg.rf.52d83e482a950665139bd2476893a6dd.jpg,clean
valid,Speed_limit_40km_207_jpg.rf.bf6dd0b8567ef8f16be9c2b9edebf47f.jpg,clean
valid,Speed_limit_40km_208_jpg.rf.0160c8c491e10bc51462631a57cf16f7.jpg,clean
valid,Speed_limit_40km_215_jpg.rf.9aeb60f614bebbd1b25bb3b0b651d840.jpg,clean
valid,Speed_limit_40km_218_jpg.rf.646791251c3f71a2dc6924b98cb846b8.jpg,clean
valid,Speed_limit_40km_227_jpg.rf.76aff5872cf68b3e3fb78e34cd69c55f.jpg,clean
valid,Speed_limit_40km_232_jpg.rf.5f6e16ddfe51e282b30d63f3a60befc5.jpg,clean
valid,Speed_limit_40km_235_jpg.rf.a6b41ebdaf8de218d67303148065bbe1.jpg,clean
valid,Speed_limit_40km_240_jpg.rf.9aad2b1518f2ae95b91022f67f08ddea.jpg,clean
valid,Speed_limit_40km_243_jpg.rf.fa153c0e0878f655efd3e9615356349c.jpg,clean
valid,Speed_limit_40km_253_jpg.rf.87282b6a3b0af33e67d1f8198d73faf2.jpg,clean
valid,Speed_limit_40km_263_jpg.rf.e8d8c2e509c00d2d7eda7707d4eeeff9.jpg,clean
valid,Speed_limit_40km_282_jpg.rf.58151e0fcc649f23d46b71c45bb2bd6d.jpg,clean
valid,Speed_limit_40km_285_jpg.rf.54779741686373df4f26343140543db5.jpg,clean
valid,Speed_limit_40km_290_jpg.rf.ebc9055b98e9842692339dec28ffca38.jpg,clean
valid,Speed_limit_40km_294_jpg.rf.a52149a2907db5ba12b8fdd46e5fe5d6.jpg,clean
valid,Speed_limit_40km_296_jpg.rf.372e5ebc34582a114cf619aebe3b4425.jpg,clean
valid,Speed_limit_40km_297_jpg.rf.ba4954f2d3feabdaab0b9e54e463a5e8.jpg,clean
valid,Speed_limit_40km_29_jpg.rf.e6503cd5cf0dfb1315a3a5fa9fd70436.jpg,clean
valid,Speed_limit_40km_317_jpg.rf.58215211823c2ba0e7d5a97f4476ec03.jpg,clean
valid,Speed_limit_40km_324_jpg.rf.96d3a648bd29b8c3a07fc7cedc628a3a.jpg,clean
valid,Speed_limit_40km_329_jpg.rf.56e2266c1c075e572b7dba92d691ea7d.jpg,clean
valid,Speed_limit_40km_332_jpg.rf.ed091c358ba64740463f90dc01e429db.jpg,clean
valid,Speed_limit_40km_343_jpg.rf.b03be2cc8aa9ef0abd585fbf4fc1bea3.jpg,clean
valid,Speed_limit_40km_345_jpg.rf.7d4a3fcb129b93214fc86f0b110e54e6.jpg,clean
valid,Speed_limit_40km_349_jpg.rf.239b8bc86103932a7db1c731f2edbcf2.jpg,clean
valid,Speed_limit_40km_357_jpg.rf.8bdcad0ff1460aaf0a4c84c6c00f0080.jpg,clean
valid,Speed_limit_40km_364_jpg.rf.d48dc2a42627da2e8007d7d5e77faec4.jpg,clean
valid,Speed_limit_40km_368_jpg.rf.cc24c8553e712e3c67a7ee9b963e33a4.jpg,clean
valid,Speed_limit_40km_369_jpg.rf.9b20f6ed3e0d4a9ca8eb90ea031fe126.jpg,clean
valid,Speed_limit_40km_371_jpg.rf.cfde88f42bdf18e354fe331ad9ed16fe.jpg,clean
valid,Speed_limit_40km_376_jpg.rf.4af2aeb367e8fe8bd4a3f864fa68cd01.jpg,clean
valid,Speed_limit_40km_386_jpg.rf.3abf11b5becb23ca58747d11d82cce50.jpg,clean
valid,Speed_limit_40km_38_jpg.rf.bf239f6202ad41f653b3b1b6be503ff5.jpg,clean
valid,Speed_limit_40km_391_jpg.rf.c7f67459811dc431351068dc992a7276.jpg,clean
valid,Speed_limit_40km_399_jpg.rf.0800c2e5bc43a0f50a9a4f24cb74b559.jpg,clean
valid,Speed_limit_40km_3_jpg.rf.728599c46bbbd3ba646f8be4b3154f75.jpg,clean
valid,Speed_limit_40km_401_jpg.rf.c6a3a940fd089ed52a6e2c490d1dad97.jpg,clean
valid,Speed_limit_40km_404_jpg.rf.b3789511fdb4f574be18cc52b0b9dcb1.jpg,clean
valid,Speed_limit_40km_423_jpg.rf.fbe9c6ec3904c6b8137696ee41711bc4.jpg,clean
valid,Speed_limit_40km_427_jpg.rf.fc0de0840edd082f74522e0996303723.jpg,clean
valid,Speed_limit_40km_428_jpg.rf.74ce7f3c8cd19d90ca27f2f6c982fcfa.jpg,clean
valid,Speed_limit_40km_429_jpg.rf.416b2d0442195deee7bc1ff20a77f1b7.jpg,clean
valid,Speed_limit_40km_436_jpg.rf.2c9bd0b94d4e7b620b5299924b63d347.jpg,clean
valid,Speed_limit_40km_438_jpg.rf.d299d5d96581b27af76531b17c3362fd.jpg,clean
valid,Speed_limit_40km_439_jpg.rf.9dc51e0bf8b7c3106169cf1af7dbe788.jpg,clean
valid,Speed_limit_40km_448_jpg.rf.818e2693afee7e2b67a96a7eed405ed9.jpg,clean
valid,Speed_limit_40km_460_jpg.rf.a660d23af2fb82a6fe95aa856eb97b53.jpg,clean
valid,Speed_limit_40km_476_jpg.rf.1507328e3bf0552e4d1f7fad13fa4e2e.jpg,clean
valid,Speed_limit_40km_483_jpg.rf.c24e2b111fd82af70b102098b2f3b322.jpg,clean
valid,Speed_limit_40km_494_jpg.rf.21c476531fbd08798609bac0347e7470.jpg,clean
valid,Speed_limit_40km_500_jpg.rf.971c38a572813f71baf2c562991ed678.jpg,clean
valid,Speed_limit_40km_509_jpg.rf.f5b18ac16e755c8c159c796a4c2f39c2.jpg,clean
valid,Speed_limit_40km_519_jpg.rf.f33d8244c3366a82caafc376d2ba695a.jpg,clean
valid,Speed_limit_40km_524_jpg.rf.0e42bee90b9bb81b0de33acc46a4176c.jpg,clean
valid,Speed_limit_40km_530_jpg.rf.a3561bcc51e6b0b88e18aa6429ceb110.jpg,clean
valid,Speed_limit_40km_53_jpg.rf.41a392197188ad9e3831bb157e57a572.jpg,clean
valid,Speed_limit_40km_541_jpg.rf.27f51a8cb4f1f7d597011cc4d171dbed.jpg,clean
valid,Speed_limit_40km_543_jpg.rf.b9612fe4e8b343cbe0c7bca1a1114f48.jpg,clean
valid,Speed_limit_40km_54_jpg.rf.2a80fb1dc695566918b35020f89400fa.jpg,clean
valid,Speed_limit_40km_550_jpg.rf.e1ed93a082699cd447fe71b3630818cd.jpg,clean
valid,Speed_limit_40km_555_jpg.rf.1bf56a7a5d411462521bd7cc11d129a2.jpg,clean
valid,Speed_limit_40km_558_jpg.rf.707e69c335c26f03ad410e10c16dd45a.jpg,clean
valid,Speed_limit_40km_567_jpg.rf.f4bd24dca6481e038e8e709a1f25deb9.jpg,clean
valid,Speed_limit_40km_568_jpg.rf.d1d1ccd6b55fe300bfe65fa9900bc647.jpg,clean
valid,Speed_limit_40km_569_jpg.rf.9785c18909bbff76e76cfc398fc71321.jpg,clean
valid,Speed_limit_40km_574_jpg.rf.ffc1c708109b0f4cb388ac39d893daad.jpg,clean
valid,Speed_limit_40km_575_jpg.rf.d4b990651cb086d911669a4b7f318f90.jpg,clean
valid,Speed_limit_40km_578_jpg.rf.35f7f4b0ae7b1809d7135a02df47b53c.jpg,clean
valid,Speed_limit_40km_580_jpg.rf.9185ec7ccf46ed38b524c5a1205f83d2.jpg,clean
valid,Speed_limit_40km_585_jpg.rf.4fdb3f5d53cdaf0410cb0345c0accdcd.jpg,clean
valid,Speed_limit_40km_591_jpg.rf.6cf68929d7ff4e8fe6834890f59910a6.jpg,clean
valid,Speed_limit_40km_593_jpg.rf.b4927c27fbe4a87215850b4770652c92.jpg,clean
valid,Speed_limit_40km_75_jpg.rf.d871a7b73876adb93dfdf4ee528b7d77.jpg,clean
valid,Speed_limit_40km_8_jpg.rf.85505df9358a96b735b585e2338f8682.jpg,clean
valid,Speed_limit_40km_90_jpg.rf.435d2199122739dd937c10609f39f750.jpg,clean
valid,Speed_limit_40km_95_jpg.rf.e21a0afed7c253bfe2e976e32932ef06.jpg,clean
valid,Speed_limit_80km_112_jpg.rf.53ff741ed8234018545ee296459aa524.jpg,clean
valid,Speed_limit_80km_114_jpg.rf.d59aebd85d530eae169d381bce9b3c59.jpg,clean
valid,Speed_limit_80km_117_jpg.rf.746a51115b73019d5d26cf5b67ca0878.jpg,clean
valid,Speed_limit_80km_126_jpg.rf.93ec43a61d6a36adc86680d054052c66.jpg,clean
valid,Speed_limit_80km_132_jpg.rf.66662a4fc4f6c0d6dda7d84eb324fccd.jpg,clean
valid,Speed_limit_80km_134_jpg.rf.a70026a1a9ecf4e19fe5522720e8e886.jpg,clean
valid,Speed_limit_80km_139_jpg.rf.42a07ae7e11bb2f77f3e83134bab4e5d.jpg,clean
valid,Speed_limit_80km_140_jpg.rf.a993df319599f79af0721e65bb9c2532.jpg,clean
valid,Speed_limit_80km_148_jpg.rf.5c2dee346c5c394515ddfbb662ba0143.jpg,clean
valid,Speed_limit_80km_160_jpg.rf.924a29c6ea5258c66cdcdd0bdcc58570.jpg,clean
valid,Speed_limit_80km_163_jpg.rf.8027f398756f9eb8b2f31b4f75c4fe81.jpg,clean
valid,Speed_limit_80km_173_jpg.rf.b3b7a1330fad106d30ffb27d8c91831e.jpg,clean
valid,Speed_limit_80km_176_jpg.rf.9470a30fd6822884fea317daa1a9dfee.jpg,clean
valid,Speed_limit_80km_184_jpg.rf.f96bbb7e034b27b586f902c186ad2af5.jpg,clean
valid,Speed_limit_80km_192_jpg.rf.cd44f7618fc18e3e46ef77df05443df3.jpg,clean
valid,Speed_limit_80km_1_jpg.rf.e447798e0e9fba618db2e33585083af9.jpg,clean
valid,Speed_limit_80km_200_jpg.rf.b28453b71114a1d727837fc81de4be59.jpg,clean
valid,Speed_limit_80km_205_jpg.rf.d592de05717738c6288ae49bec832438.jpg,clean
valid,Speed_limit_80km_211_jpg.rf.43fa70f0e35503a0d5945df184aebcc1.jpg,clean
valid,Speed_limit_80km_224_jpg.rf.976094d1aa530bd2fea94726d030fd41.jpg,clean
valid,Speed_limit_80km_225_jpg.rf.d5b9308b7d668ab28eb80343cd79b9fb.jpg,clean
valid,Speed_limit_80km_22_jpg.rf.0e8560aee78726e6289e8d79b4a0f5d0.jpg,clean
valid,Speed_limit_80km_230_jpg.rf.40f362b8d1dc677020ab3accc2e0c5c8.jpg,clean
valid,Speed_limit_80km_238_jpg.rf.41ec067725611ba3663d9f77a8a5340e.jpg,clean
valid,Speed_limit_80km_241_jpg.rf.0e6bd83a7b0226c736cb78cc240dc871.jpg,clean
valid,Speed_limit_80km_246_jpg.rf.003978cc70cd43e27356754299806fbb.jpg,clean
valid,Speed_limit_80km_251_jpg.rf.09931d32c24455df1ba3bdd1a1251639.jpg,clean
valid,Speed_limit_80km_252_jpg.rf.5485a5df622909491499dc3188e05f48.jpg,clean
valid,Speed_limit_80km_253_jpg.rf.9f727a0b68fc3df552afa94a7d077a68.jpg,clean
valid,Speed_limit_80km_254_jpg.rf.d2dfdc2bfe33c8028ac2800856feb811.jpg,clean
valid,Speed_limit_80km_257_jpg.rf.ed83643046ea5deccb5577d30815ee7e.jpg,clean
valid,Speed_limit_80km_262_jpg.rf.1d56532aac0948c0d0e5d04bb494f054.jpg,clean
valid,Speed_limit_80km_268_jpg.rf.4a920a448b9c5f3166ed04ec888f8c65.jpg,clean
valid,Speed_limit_80km_273_jpg.rf.a8b4c113341666fcedf73cb2c8a5966e.jpg,clean
valid,Speed_limit_80km_279_jpg.rf.0476e9db93ab731ba0c9d1a6125345cc.jpg,clean
valid,Speed_limit_80km_292_jpg.rf.40d48eb0ff3db3796e2952af41252002.jpg,clean
valid,Speed_limit_80km_295_jpg.rf.ef6aecda32cc7e2ed52fa8bec2f5ee8b.jpg,clean
valid,Speed_limit_80km_299_jpg.rf.28a7226f07f6834d2a7aeb5e971e900b.jpg,clean
valid,Speed_limit_80km_309_jpg.rf.a4f3e3e4a347af009792122faef8f20b.jpg,clean
valid,Speed_limit_80km_30_jpg.rf.a41964af09f59eab0c76fe3833755b26.jpg,clean
valid,Speed_limit_80km_317_jpg.rf.b2276814aaf3c801731c01f4482eb388.jpg,clean
valid,Speed_limit_80km_31_jpg.rf.67b016b3b755d97053b40031629d7ce8.jpg,clean
valid,Speed_limit_80km_320_jpg.rf.97cef77ae99e7f7a87ed27a3ad2bb2f6.jpg,clean
valid,Speed_limit_80km_321_jpg.rf.8f11b997bb30bdb28a38e81f4dba3135.jpg,clean
valid,Speed_limit_80km_327_jpg.rf.af8fb392427d35c9c2893afd97f3ec5d.jpg,clean
valid,Speed_limit_80km_331_jpg.rf.4254da574a0c787261a640dbcb0adabd.jpg,clean
valid,Speed_limit_80km_335_jpg.rf.280add2e2b70bd9fff3c91abc3b81332.jpg,clean
valid,Speed_limit_80km_341_jpg.rf.be95a89057a3424c5a151b18ba37b205.jpg,clean
valid,Speed_limit_80km_343_jpg.rf.c7fd08e57028653d1e400087e2e2c489.jpg,clean
valid,Speed_limit_80km_345_jpg.rf.bc76c5e2fb4e8c085371acfff2de0a0d.jpg,clean
valid,Speed_limit_80km_346_jpg.rf.5bdf3f69559d52773eef421f4cab29f8.jpg,clean
valid,Speed_limit_80km_350_jpg.rf.818380038ee393c7146f5d811bf7908c.jpg,clean
valid,Speed_limit_80km_355_jpg.rf.a6b4cac305b0a5687dfde3600fc6c64b.jpg,clean
valid,Speed_limit_80km_35_jpg.rf.a1b2f6cd08dbc3841a7ee9e3a4da85b1.jpg,clean
valid,Speed_limit_80km_362_jpg.rf.064e324e036194ff8c972fe9100670fb.jpg,clean
valid,Speed_limit_80km_367_jpg.rf.d22486a7b6d60e69eb0a732b01bd06a9.jpg,clean
valid,Speed_limit_80km_374_jpg.rf.749259cd14aaa8116926aab46593fd6f.jpg,clean
valid,Speed_limit_80km_382_jpg.rf.b9e231e9471c77a55ae3355fb88bdf49.jpg,clean
valid,Speed_limit_80km_387_jpg.rf.7a3227e3a32e1ea508e20b71171ab93f.jpg,clean
valid,Speed_limit_80km_388_jpg.rf.f3e8f24d8157c57c00c8d5eeb5fce907.jpg,clean
valid,Speed_limit_80km_389_jpg.rf.73819561a826590d5fcb1b4a597c8db0.jpg,clean
valid,Speed_limit_80km_399_jpg.rf.b4c8ce1fccfe8961ada092c986329261.jpg,clean
valid,Speed_limit_80km_400_jpg.rf.3e04cfb8f2071821aad51a1aab7c3ffc.jpg,clean
valid,Speed_limit_80km_405_jpg.rf.5c5a5737a676f33976148dd34e778c02.jpg,clean
valid,Speed_limit_80km_409_jpg.rf.97ebce55787db32c6f4ca8aa510555ad.jpg,clean
valid,Speed_limit_80km_414_jpg.rf.3357397fe19f1d64e9cc4c6e36ca448d.jpg,clean
valid,Speed_limit_80km_418_jpg.rf.8722c9c3c61abcdb4694c7b927c59727.jpg,clean
valid,Speed_limit_80km_41_jpg.rf.5f26ee315367beda171584129b05c763.jpg,clean
valid,Speed_limit_80km_44_jpg.rf.694e36a22e7b78a95bc48cd9e50befcd.jpg,clean
valid,Speed_limit_80km_4_jpg.rf.28c7bb1117e7fad6e3d8e837fea5d185.jpg,clean
valid,Speed_limit_80km_56_jpg.rf.532bdd9b5c7e9286dc35b2a802f2122e.jpg,clean
valid,Speed_limit_80km_57_jpg.rf.ea2da1e35f82179074958f7b376355d9.jpg,clean
valid,Speed_limit_80km_7_jpg.rf.607c027c824e4c60351e1266826d109e.jpg,clean
valid,Speed_limit_80km_80_jpg.rf.d5f085bed2e453f781eac4db7792af4b.jpg,clean
valid,Speed_limit_80km_82_jpg.rf.22de2293b482f98a734cfa50afc93db3.jpg,clean
valid,Speed_limit_80km_90_jpg.rf.194169a5102b6f3cd14448559004923b.jpg,clean
valid,Speed_limit_80km_91_jpg.rf.7e8de38ca9d71d18bd21196c42c39ad5.jpg,clean
valid,Speed_limit_80km_96_jpg.rf.85bf5846050f9826370fbd5996aeb8d7.jpg,clean
valid,Toll_plaza_1km_ahead_13_jpg.rf.28c19313582ea860935452703563983a.jpg,clean
valid,Toll_plaza_1km_ahead_21_jpg.rf.de456a7fad3c12c1f92e54de4b1a4a35.jpg,clean
valid,Toll_plaza_1km_ahead_27_jpg.rf.a01d32654e334cf6355f69cd057e0bb5.jpg,clean
valid,Toll_plaza_1km_ahead_28_jpg.rf.553b0319081d65b69da8a9b4c473cd86.jpg,clean
valid,Toll_plaza_1km_ahead_38_jpg.rf.a616cb42acb73e1382d0f006be642742.jpg,clean
valid,Toll_plaza_1km_ahead_41_jpg.rf.a1cbf4d2390c41a37afe1c4d724ee19e.jpg,clean
valid,Toll_plaza_1km_ahead_44_jpg.rf.c4d9f5efbee4659c25a99cb415da800f.jpg,clean
valid,Toll_plaza_1km_ahead_49_jpg.rf.d6e0602a8b5363e73d756c4caab814d5.jpg,clean
valid,Toll_plaza_1km_ahead_4_jpg.rf.8bb9af9b16ca7279d0ee1a49b266852e.jpg,clean
valid,Toll_plaza_1km_ahead_56_jpg.rf.d2dd4273c6ee9702208f29b88b499d04.jpg,clean
valid,Toll_plaza_1km_ahead_57_jpg.rf.ec71e48daf7bdb0db2ac72af0e4b0476.jpg,clean
valid,Toll_plaza_1km_ahead_60_jpg.rf.ce13767def61048454262ec9a530b08b.jpg,clean
valid,Toll_plaza_1km_ahead_63_jpg.rf.dfe18bade4d5c84d9a8001ecbeb26932.jpg,clean
valid,Toll_plaza_1km_ahead_6_jpg.rf.8b0443c6e1ad95216da0e622ce5be831.jpg,clean
valid,Tolls_ahead_13_jpg.rf.e7840a0f364cc978744a66e1f9b8f19a.jpg,clean
valid,Tolls_ahead_16_jpg.rf.21b9b17e40c6e140b6e967ff34e41615.jpg,clean
valid,Tolls_ahead_20_jpg.rf.e28e60e84be085a3864953801de0f4ef.jpg,clean
valid,Tolls_ahead_26_jpg.rf.af60d036e793d88689b4ae58bf2b50dd.jpg,clean
valid,Tolls_ahead_29_jpg.rf.0611a08e528ecaf8575d8b232661e487.jpg,clean
valid,Tolls_ahead_33_jpg.rf.2e839ced4edd93cecba5bd5acb012eae.jpg,clean
valid,Tolls_ahead_34_jpg.rf.c26680c8b20c47735414f3531d17f6c7.jpg,clean
valid,Tolls_ahead_3_jpg.rf.9fef6c482089a2e9914f1026f39d9790.jpg,clean
valid,Tolls_ahead_45_jpg.rf.fb4bf5a3aadc5b0f4e4df7a6b3497a24.jpg,clean
valid,Tolls_ahead_46_jpg.rf.53cc98def0be80245f88833f9667a396.jpg,clean
valid,Tolls_ahead_48_jpg.rf.ae37d8c2b25c34fa45b4aaa142276f65.jpg,clean
valid,Tolls_ahead_50_jpg.rf.6e8b2951ec6381b741adc9f915fa4afb.jpg,clean
valid,Traffic_merge_on_ahead_16_jpg.rf.f2ba33cc0c45a4b72b307fa8e7215093.jpg,clean
valid,Traffic_merge_on_ahead_1_jpg.rf.4db35f64e4accc5264b08a83bae24aff.jpg,clean
valid,Traffic_merge_on_left_100_jpg.rf.b6071727ab487eba073c92ee237e3d4d.jpg,clean
valid,Traffic_merge_on_left_105_jpg.rf.c1c53a0a7d437305f9179991566a2297.jpg,clean
valid,Traffic_merge_on_left_111_jpg.rf.68ee952643d5d8912508536573dc4976.jpg,clean
valid,Traffic_merge_on_left_13_jpg.rf.770cac1951416f63efeeb61462b8dd56.jpg,clean
valid,Traffic_merge_on_left_1_jpg.rf.f86dba666950eab006374fd960474b92.jpg,clean
valid,Traffic_merge_on_left_20_jpg.rf.aaee6317b4d6a46d1730cf443c5d76d7.jpg,clean
valid,Traffic_merge_on_left_21_jpg.rf.d0a8bdd721192621065bada36cc66b7f.jpg,clean
valid,Traffic_merge_on_left_40_jpg.rf.60f9850bd81f565cead9fc494d11f705.jpg,clean
valid,Traffic_merge_on_left_47_jpg.rf.76850c21683e50b25c27ee32e06c9e1e.jpg,clean
valid,Traffic_merge_on_left_49_jpg.rf.7a74cbe275f1118392df0c6404d7316b.jpg,clean
valid,Traffic_merge_on_left_6_jpg.rf.21ce535d0bac5ed63308de10a01ffc67.jpg,clean
valid,Traffic_merge_on_left_71_jpg.rf.dc35848bbb23b9f7c45e2a1d5764f97b.jpg,clean
valid,Traffic_merge_on_left_74_jpg.rf.4b0a0b15bff08f27370179d6c738e349.jpg,clean
valid,Traffic_merge_on_left_84_jpg.rf.16aa01c335c8638373c96e48583e5f98.jpg,clean
valid,Traffic_merge_on_left_85_jpg.rf.1685196607194a77af71fd4212a4726d.jpg,clean
valid,Traffic_merge_on_left_90_jpg.rf.f0cf03d59452d34e463c02d55a420102.jpg,clean
valid,Traffic_merge_on_left_93_jpg.rf.64f1f7625c24f055effe63e72cb500d6.jpg,clean
valid,Traffic_merge_on_left_96_jpg.rf.0edf0905d184266366433dd1acf3790d.jpg,clean
valid,Traffic_merge_on_left_98_jpg.rf.15a1d6f8155c5653a85a35b0a12454ea.jpg,clean
valid,Traffic_merge_on_right_14_jpg.rf.a9a5117164d3adc82a73faeed0863a71.jpg,clean
valid,Traffic_merge_on_right_17_jpg.rf.461aed6ed7852e1ad1f5bf54b8520a9c.jpg,clean
valid,Traffic_merge_on_right_18_jpg.rf.9566d7d79c01875d8c19fca6e63cc6e6.jpg,clean
valid,Traffic_merge_on_right_4_jpg.rf.77af8df7f90bbf93cc917b2c1967b14f.jpg,clean
valid,U_turn_11_jpg.rf.0406878fa187ded8bed6b8bbcf6be919.jpg,clean
valid,U_turn_13_jpg.rf.e77ba784aaab90c6a8de87f2a63ee949.jpg,clean
valid,U_turn_14_jpg.rf.fdb3e6983af200122e8bbc64dc480818.jpg,clean
valid,U_turn_15_jpg.rf.6b4c3d390fee0efc58e5820ec156b405.jpg,clean
valid,U_turn_16_jpg.rf.5ade6247471c17ec9afcf08b5f5ea019.jpg,clean
valid,U_turn_18_jpg.rf.cfab9e9fdc652b859c86d32ab0f8000a.jpg,clean
valid,U_turn_24_jpg.rf.7834b0150e05fbd08f3194ae4a624d61.jpg,clean
valid,U_turn_27_jpg.rf.c89a0923bac8fdf8d5cca84c9d4862fd.jpg,clean
valid,U_turn_2_jpg.rf.b45534a4197f0a44214cf5ee8cc01d2f.jpg,clean
valid,U_turn_4_jpg.rf.e85677e35427c776d95088d9e5a5f07d.jpg,clean
valid,U_turn_6_jpg.rf.56e6b9251322f25a3e60196ccef19a03.jpg,clean
valid,U_turn_70_jpg.rf.8c07d9e6c959dc09ffc036a0d7b90100.jpg,clean
valid,U_turn_7_jpg.rf.a57d1ee24211c015a851065258c3df4f.jpg,clean
valid,Underpass_ahead_103_jpg.rf.0ff7183fdc7ea28f6f133e30e50dee5b.jpg,clean
valid,Underpass_ahead_107_jpg.rf.fe4700e339f6bdfaaa4438a42aba5d7b.jpg,clean
valid,Underpass_ahead_124_jpg.rf.3a2d97a5ee96e75d2155cc305cf88c5c.jpg,clean
valid,Underpass_ahead_130_jpg.rf.07e6cff3496bf4b03f7c5f8aa4e54ded.jpg,clean
valid,Underpass_ahead_132_jpg.rf.6ca68357db9ff316835906b84e34c3dc.jpg,clean
valid,Underpass_ahead_142_jpg.rf.34a9f5f8b9f11d4ef2ff42cdc102e4af.jpg,clean
valid,Underpass_ahead_146_jpg.rf.16dceb67321ad93dec5ada198bbb6b19.jpg,clean
valid,Underpass_ahead_154_jpg.rf.d9af5e1abd390c454cf66958b856c3e9.jpg,clean
valid,Underpass_ahead_159_jpg.rf.eb0331c93c92757da14a4874a9eac533.jpg,clean
valid,Underpass_ahead_161_jpg.rf.f1f91c8f2fec20f4bfa1c1dbb522cbff.jpg,clean
valid,Underpass_ahead_167_jpg.rf.6321920a57b06c1a5fa883b8227fae97.jpg,clean
valid,Underpass_ahead_169_jpg.rf.ad2069d489a19b9c3ac3c903e2c9e320.jpg,clean
valid,Underpass_ahead_172_jpg.rf.8cf5b7610ebb645a047c9105535cc95e.jpg,clean
valid,Underpass_ahead_174_jpg.rf.734c6a902d365694ccc884b22a54175c.jpg,clean
valid,Underpass_ahead_176_jpg.rf.aa0d1b64e8e139caa6c384f165c72bee.jpg,clean
valid,Underpass_ahead_179_jpg.rf.a238874e209becd5e92c664e570dd241.jpg,clean
valid,Underpass_ahead_181_jpg.rf.9a67e9acaddb929e90d80825d105f870.jpg,clean
valid,Underpass_ahead_19_jpg.rf.fd32eda4eec6f6531b0d671f2d833748.jpg,clean
valid,Underpass_ahead_24_jpg.rf.ac7796de830213db410c4722b06ee43f.jpg,clean
valid,Underpass_ahead_26_jpg.rf.6e753007f626f956f2c6508399047293.jpg,clean
valid,Underpass_ahead_29_jpg.rf.355c25eee68e0ab2f04e8fe87f404131.jpg,clean
valid,Underpass_ahead_32_jpg.rf.d15ee4cc18165288d1849280b5a8ea3a.jpg,clean
valid,Underpass_ahead_33_jpg.rf.1557bde2cfd750679060369346b90b51.jpg,clean
valid,Underpass_ahead_38_jpg.rf.c54f92eaad2ff8982e62b4d02493e092.jpg,clean
valid,Underpass_ahead_3_jpg.rf.490879cb15356f2090d4ae7ae4ce4b43.jpg,clean
valid,Underpass_ahead_43_jpg.rf.e47b0614eaf546032078288f2d759e05.jpg,clean
valid,Underpass_ahead_45_jpg.rf.85385b5f99e43425aff0d9f7b58fff75.jpg,clean
valid,Underpass_ahead_52_jpg.rf.fe86cea0af1c824b1c813ceaaafe34b4.jpg,clean
valid,Underpass_ahead_53_jpg.rf.777a01b9492eb17c09292ee73235fce4.jpg,clean
valid,Underpass_ahead_55_jpg.rf.ef59ac06498451e0f30c80b9a64650bd.jpg,clean
valid,Underpass_ahead_5_jpg.rf.33841d2fe6019784c71eda4e81720f7e.jpg,clean
valid,Underpass_ahead_61_jpg.rf.5994fe50107b1bee3539554a1903e4fe.jpg,clean
valid,Underpass_ahead_62_jpg.rf.886184623490f7c941b0892cc6ec4703.jpg,clean
valid,Underpass_ahead_65_jpg.rf.e7c11e2fe9a67beb0a9f780b94baec91.jpg,clean
valid,Underpass_ahead_6_jpg.rf.993c7d511dfc56669ca661bd8be00bc3.jpg,clean
valid,Underpass_ahead_70_jpg.rf.232b902407874e23bd1ef4fc572adb94.jpg,clean
valid,Underpass_ahead_71_jpg.rf.4909123f5fc6fa03c70cccb4c0f18010.jpg,clean
valid,Underpass_ahead_92_jpg.rf.952045158647a28efb07b725cf4217bf.jpg,clean
valid,Underpass_ahead_95_jpg.rf.3f79429e4538f77caaffa3e3653444eb.jpg,clean
valid,Underpass_ahead_97_jpg.rf.c73e337cffb21ef31787b275baf11f0f.jpg,clean
valid,Weight_limit_10t_104_jpg.rf.73525673d45574a66f755ed9a30511a7.jpg,clean
valid,Weight_limit_10t_108_jpg.rf.3f25ec3b1193e81e6409141d9bd0f69e.jpg,clean
valid,Weight_limit_10t_10_jpg.rf.c9fd7bee70e20a0d0e4db3ee943836df.jpg,clean
valid,Weight_limit_10t_113_jpg.rf.2d2dfe26aa9a57a60346d38b969f3fb9.jpg,clean
valid,Weight_limit_10t_118_jpg.rf.c1003f48fd2be8c7844de3ed85e7ee21.jpg,clean
valid,Weight_limit_10t_122_jpg.rf.168ea7f63cabdc37313f1cc66d789321.jpg,clean
valid,Weight_limit_10t_123_jpg.rf.66ab9991a681b8c01e67d4632fec611c.jpg,clean
valid,Weight_limit_10t_124_jpg.rf.76fee5c9270270accfc5dde7e8b5063f.jpg,clean
valid,Weight_limit_10t_133_jpg.rf.571c8a2470fd1b7c82fa5ec1aade1a36.jpg,clean
valid,Weight_limit_10t_142_jpg.rf.5f30a457425960d04f60b52327364920.jpg,clean
valid,Weight_limit_10t_143_jpg.rf.8599a04d79b135ced7ce382565876993.jpg,clean
valid,Weight_limit_10t_145_jpg.rf.29b5fa3cb49b1c9e77966e662f92ea0a.jpg,clean
valid,Weight_limit_10t_148_jpg.rf.af534dbdf876c4b48fd9aac44ad093eb.jpg,clean
valid,Weight_limit_10t_14_jpg.rf.8f75571f906c5dcec7055b382d3302ee.jpg,clean
valid,Weight_limit_10t_157_jpg.rf.f59392b051e992c507cf558ace136aca.jpg,clean
valid,Weight_limit_10t_159_jpg.rf.54ad9416919cbd8b8282663fef404822.jpg,clean
valid,Weight_limit_10t_167_jpg.rf.e538d3c1c9942499cf5da4cf8be1ea86.jpg,clean
valid,Weight_limit_10t_170_jpg.rf.634896a5af43d3eb37485a4e3e6fcb8a.jpg,clean
valid,Weight_limit_10t_171_jpg.rf.7f2652f1d9982a5a7677865733bf07eb.jpg,clean
valid,Weight_limit_10t_177_jpg.rf.3c038506d170a11a8bf8dcacf0b2aade.jpg,clean
valid,Weight_limit_10t_178_jpg.rf.5af4b0be8045a895e9a5bb902164f1c5.jpg,clean
valid,Weight_limit_10t_180_jpg.rf.b3ddafe786178f880c7ccfb80c00b098.jpg,clean
valid,Weight_limit_10t_189_jpg.rf.03fc58bf8307b12bae3ff73d9670a95f.jpg,clean
valid,Weight_limit_10t_194_jpg.rf.8a2796e35092cd13c54d208cc179fb14.jpg,clean
valid,Weight_limit_10t_199_jpg.rf.63f813c4b5deff27e9d5209611157c15.jpg,clean
valid,Weight_limit_10t_200_jpg.rf.87109f29b3376ecc51a926fb85a17eeb.jpg,clean
valid,Weight_limit_10t_201_jpg.rf.5d381381480ba92499de09f8d641b4cf.jpg,clean
valid,Weight_limit_10t_203_jpg.rf.43625cb32e7a901edc3fc23e223faeea.jpg,clean
valid,Weight_limit_10t_204_jpg.rf.ca477c3d34ca622c17a2e0118ffa8e40.jpg,clean
valid,Weight_limit_10t_205_jpg.rf.6b94b3bc89cc15e2ed7faf34f1f6a4f7.jpg,clean
valid,Weight_limit_10t_209_jpg.rf.531352cfb718e3a6d1d65191fb80d06b.jpg,clean
valid,Weight_limit_10t_210_jpg.rf.e94120a34a40283df2f13fbdd268ef7b.jpg,clean
valid,Weight_limit_10t_211_jpg.rf.be324f8e8e07088e7b25ff43f7179099.jpg,clean
valid,Weight_limit_10t_215_jpg.rf.68cd12ad3f33e222480b802a7946253f.jpg,clean
valid,Weight_limit_10t_219_jpg.rf.92e06b1403fea3eac802e96f4bdc0224.jpg,clean
valid,Weight_limit_10t_21_jpg.rf.a826deea3482ec32a0fbdc88516403fc.jpg,clean
valid,Weight_limit_10t_233_jpg.rf.189dc3b94b9c0bec5e9d602df2018179.jpg,clean
valid,Weight_limit_10t_237_jpg.rf.785f1ffddb04f2de2cd696a60847cde4.jpg,clean
valid,Weight_limit_10t_239_jpg.rf.9ed811a5ab85a3440f49cc38014159b3.jpg,clean
valid,Weight_limit_10t_240_jpg.rf.b9dee5f99e91f7efdd5e337446b7277d.jpg,clean
valid,Weight_limit_10t_242_jpg.rf.d74deaa41f9c336c0f9a0866c9bee2a6.jpg,clean
valid,Weight_limit_10t_254_jpg.rf.4d5ca51689d13bfe1f9ebf337453ab94.jpg,clean
valid,Weight_limit_10t_256_jpg.rf.f42b1c6d5711b9d3a2af6359524a7eb8.jpg,clean
valid,Weight_limit_10t_266_jpg.rf.aa67fa7f42a19789772adf33b0977c6d.jpg,clean
valid,Weight_limit_10t_267_jpg.rf.f7e54057e62a56d2942af44ce9fa6aee.jpg,clean
valid,Weight_limit_10t_268_jpg.rf.db8cb73cc12c3cfdfb6c99514cda9d68.jpg,clean
valid,Weight_limit_10t_269_jpg.rf.8857f3ce3266349326c2292b881e0c16.jpg,clean
valid,Weight_limit_10t_26_jpg.rf.62b46e751c6500d60bf844e8c184784e.jpg,clean
valid,Weight_limit_10t_271_jpg.rf.abca6806dc1bd320f6ee4ce7ebb2ecc7.jpg,clean
valid,Weight_limit_10t_273_jpg.rf.e8400782d4b08211d9c7fc983934407d.jpg,clean
valid,Weight_limit_10t_276_jpg.rf.07f772ce960502836ec20a16c07e9231.jpg,clean
valid,Weight_limit_10t_27_jpg.rf.0459e93d54d4a98823b69a822cd476aa.jpg,clean
valid,Weight_limit_10t_282_jpg.rf.f03418664c30c9cdb8b77c7c91496c2a.jpg,clean
valid,Weight_limit_10t_287_jpg.rf.5d0b694e57aa0f0cd5de78df09c8b458.jpg,clean
valid,Weight_limit_10t_292_jpg.rf.4a6569b0237a477acf46c2d88b9f64e5.jpg,clean
valid,Weight_limit_10t_298_jpg.rf.05ac3ac09c8a87745b0394c1eff78efa.jpg,clean
valid,Weight_limit_10t_2_jpg.rf.ebc24b5c2590fed184132b2684706c7f.jpg,clean
valid,Weight_limit_10t_305_jpg.rf.59f90d3640db36e48e459a7294ef02de.jpg,clean
valid,Weight_limit_10t_308_jpg.rf.44f591ab7415b3e64af8b1c2565aa9dd.jpg,clean
valid,Weight_limit_10t_309_jpg.rf.da9d566ecf85e49d078f6bc8e0c1143e.jpg,clean
valid,Weight_limit_10t_310_jpg.rf.5af5a35debf0d0e256c42145c4a22212.jpg,clean
valid,Weight_limit_10t_316_jpg.rf.1c264b92a13549ee9c426902d19c937d.jpg,clean
valid,Weight_limit_10t_317_jpg.rf.1ad189071a3e1e6a839b58522a2c3017.jpg,clean
valid,Weight_limit_10t_322_jpg.rf.9d72e3da95a61b9878e538c434665335.jpg,clean
valid,Weight_limit_10t_326_jpg.rf.891c582b4d99f4d0f65752f5bbbf989e.jpg,clean
valid,Weight_limit_10t_327_jpg.rf.6e5b1aad263b4ae8c6ddfd7c4bbc1972.jpg,clean
valid,Weight_limit_10t_32_jpg.rf.1567687663b9f74539f4f28940bfe3ca.jpg,clean
valid,Weight_limit_10t_335_jpg.rf.4273b5b3c25a56945fa9cddcdef40f76.jpg,clean
valid,Weight_limit_10t_336_jpg.rf.d374ad3be60728e4735d8f1c5137f8d8.jpg,clean
valid,Weight_limit_10t_338_jpg.rf.8dc88a2d97421608945af5cdfa4279c3.jpg,clean
valid,Weight_limit_10t_339_jpg.rf.5301a83bacde15370a7aebe796db2885.jpg,clean
valid,Weight_limit_10t_345_jpg.rf.3162180473c2a7a5020d648ccaf96f6b.jpg,clean
valid,Weight_limit_10t_347_jpg.rf.914b49fc1751a453be433bc6177f2bb1.jpg,clean
valid,Weight_limit_10t_352_jpg.rf.9a99ece0aafd3c71f92c496675b6a0c0.jpg,clean
valid,Weight_limit_10t_356_jpg.rf.28c739eb88648423895cc8dd7e9a50b8.jpg,clean
valid,Weight_limit_10t_357_jpg.rf.d8c734980ceb635a139b1f3dabfea6b1.jpg,clean
valid,Weight_limit_10t_358_jpg.rf.9302df3ed34382660fdbf8295bd3b09e.jpg,clean
valid,Weight_limit_10t_362_jpg.rf.3628bd64660dfc0eb296162ba229d288.jpg,clean
valid,Weight_limit_10t_364_jpg.rf.9762b18c1ed79dda70191985b79b65a0.jpg,clean
valid,Weight_limit_10t_36_jpg.rf.04059df3ac012a6984cfa132de95a688.jpg,clean
valid,Weight_limit_10t_37_jpg.rf.1c293483080259d3cbf574c57b5a69d2.jpg,clean
valid,Weight_limit_10t_387_jpg.rf.826c4fd8ec8f43ea4c46970c3f83f495.jpg,clean
valid,Weight_limit_10t_390_jpg.rf.43ef9d9767105da2ffbdab0ba5e13f5b.jpg,clean
valid,Weight_limit_10t_392_jpg.rf.ee7bdfea0a4681c76bda6ce4f7d00c59.jpg,clean
valid,Weight_limit_10t_404_jpg.rf.c633499d35229f2cebd5634c334b635d.jpg,clean
valid,Weight_limit_10t_405_jpg.rf.c677982d8876da20a0aa6ba2eb0a7963.jpg,clean
valid,Weight_limit_10t_410_jpg.rf.abe1dbff7bf15c80dacd53827bc6f4ed.jpg,clean
valid,Weight_limit_10t_435_jpg.rf.abce8ddee82460f7db45a99a672263ef.jpg,clean
valid,Weight_limit_10t_436_jpg.rf.0310f0862b447d07414944ad090ea189.jpg,clean
valid,Weight_limit_10t_437_jpg.rf.d3aea7d8272cfddd92c4117b9cf577f4.jpg,clean
valid,Weight_limit_10t_440_jpg.rf.2f1af752bd45894cd8d35502a131df67.jpg,clean
valid,Weight_limit_10t_45_jpg.rf.d14fd857107bb560ef561d818c0f245f.jpg,clean
valid,Weight_limit_10t_462_jpg.rf.4bcaf157a3724b49fd4549d01be94947.jpg,clean
valid,Weight_limit_10t_463_jpg.rf.e1855de74cba00f076e8da6ba501bf50.jpg,clean
valid,Weight_limit_10t_466_jpg.rf.81aa64fe7234bceeeac976986c7f2727.jpg,clean
valid,Weight_limit_10t_468_jpg.rf.567080fc40963f939bf821aa16556495.jpg,clean
valid,Weight_limit_10t_47_jpg.rf.7ebc0081c0df3429a15b574cfae3fe46.jpg,clean
valid,Weight_limit_10t_484_jpg.rf.e838d8651e6a31494cac097b5117a83d.jpg,clean
valid,Weight_limit_10t_490_jpg.rf.69b12c6cda21390319f1f4f1f3e9aa67.jpg,clean
valid,Weight_limit_10t_496_jpg.rf.1141e3b0d8da5c397c8ec18d34feba24.jpg,clean
valid,Weight_limit_10t_502_jpg.rf.f22887c9dee4185175efb8d2c3c9b052.jpg,clean
valid,Weight_limit_10t_506_jpg.rf.4a4a2e892755541766d3db536e345b5a.jpg,clean
valid,Weight_limit_10t_512_jpg.rf.0a1852926fd70b5658cd9b41a853659e.jpg,clean
valid,Weight_limit_10t_533_jpg.rf.d257cc288e07bd26b9757affddc57142.jpg,clean
valid,Weight_limit_10t_535_jpg.rf.3a7a24b9231d1f963e29ddc067e55a8f.jpg,clean
valid,Weight_limit_10t_538_jpg.rf.f17ced2e45a3cd2a1a5a2ddd404f48b8.jpg,clean
valid,Weight_limit_10t_539_jpg.rf.9a66c69e751765fe26b0103abd011bf4.jpg,clean
valid,Weight_limit_10t_54_jpg.rf.82d23181dc36aeeee3ffd00c5dfe81b0.jpg,clean
valid,Weight_limit_10t_61_jpg.rf.84d62a6f4da74563897245a51457ad87.jpg,clean
valid,Weight_limit_10t_6_jpg.rf.3d0ccd5b0040f26ec82448b92bb02ebb.jpg,clean
valid,Weight_limit_10t_71_jpg.rf.cb93b7787f441e173774dae92ad8bec1.jpg,clean
valid,Weight_limit_10t_75_jpg.rf.d3d3c5620ab203faf01afd0a2944fc2e.jpg,clean
valid,Weight_limit_10t_76_jpg.rf.ea7ccf27a174ef2bdfbff74e8c23857f.jpg,clean
valid,Weight_limit_10t_91_jpg.rf.384c5ecc78d0f8417f5703b12b279591.jpg,clean
valid,Weight_limit_10t_92_jpg.rf.1a77523f18e6fee6e2575ec7dd6c13fe.jpg,clean
valid,Weight_limit_10t_93_jpg.rf.3e23ffa95e6726c9d8885c7627f68f73.jpg,clean
valid,Weight_limit_27t_107_jpg.rf.70f40ed590597349d8dd40f55c1c5616.jpg,clean
valid,Weight_limit_27t_111_jpg.rf.b08ddc0df92285f61b0920350400b8a1.jpg,clean
valid,Weight_limit_27t_112_jpg.rf.2d0df0f2d40f59cd087440d93d7bd2ac.jpg,clean
valid,Weight_limit_27t_113_jpg.rf.0f21796060de74b214b33dde3a47ad5b.jpg,clean
valid,Weight_limit_27t_122_jpg.rf.a97fa0fdc0a7bca148c4787d6d27e4d4.jpg,clean
valid,Weight_limit_27t_126_jpg.rf.215e62dc28d22f5807805822aa468eb5.jpg,clean
valid,Weight_limit_27t_133_jpg.rf.3cfb058cc77f54d4e2887f60f8194784.jpg,clean
valid,Weight_limit_27t_141_jpg.rf.e11ea804fd948e4ff463b598e41eb61f.jpg,clean
valid,Weight_limit_27t_146_jpg.rf.89efd859c99a90f8cc555da8871ba530.jpg,clean
valid,Weight_limit_27t_152_jpg.rf.cbe0ea6eca30ad6529d7ca456e4d4a57.jpg,clean
valid,Weight_limit_27t_160_jpg.rf.6c1fe384f64db182fc55941baceb8efa.jpg,clean
valid,Weight_limit_27t_170_jpg.rf.04ee4479433757028bb9b389797b7a8d.jpg,clean
valid,Weight_limit_27t_178_jpg.rf.291eea9d4b7912a3a950c1ed3433cbcc.jpg,clean
valid,Weight_limit_27t_180_jpg.rf.b95e73678d69be26c7fe172dd3a32e06.jpg,clean
valid,Weight_limit_27t_183_jpg.rf.234e08cf06a3048022b2e545330b5ab8.jpg,clean
valid,Weight_limit_27t_1_jpg.rf.c9e2fb99afd2c1ee93b9d73ba23391ce.jpg,clean
valid,Weight_limit_27t_202_jpg.rf.996d3acc747f35e13dd762e50433b87b.jpg,clean
valid,Weight_limit_27t_205_jpg.rf.c5cc208c19c88df2e7a3564288629b75.jpg,clean
valid,Weight_limit_27t_210_jpg.rf.32e7f9ddb4a31ba33f6c00598f6236d1.jpg,clean
valid,Weight_limit_27t_213_jpg.rf.c3e20c7f226e2e8b27877c46db04808c.jpg,clean
valid,Weight_limit_27t_216_jpg.rf.e96f1071a5cb21473612c5ea29ceb692.jpg,clean
valid,Weight_limit_27t_217_jpg.rf.168a92cfdc929c2c49a9d4eb010f94ce.jpg,clean
valid,Weight_limit_27t_218_jpg.rf.cba2e2c288c138f8fc99a0c1cb65907f.jpg,clean
valid,Weight_limit_27t_220_jpg.rf.aa619c7c80cdcf3923bd6d4f039b511d.jpg,clean
valid,Weight_limit_27t_221_jpg.rf.997bf0a54499044a152b14c3d9261343.jpg,clean
valid,Weight_limit_27t_224_jpg.rf.6927a4db42ec27262261814fc0fdf1d2.jpg,clean
valid,Weight_limit_27t_231_jpg.rf.5e03e4fdcd8bf879f1a6103574007476.jpg,clean
valid,Weight_limit_27t_232_jpg.rf.04e2445ea064398994c7456fe2160535.jpg,clean
valid,Weight_limit_27t_243_jpg.rf.a159cc2993f6d1c96e3574b4af58b148.jpg,clean
valid,Weight_limit_27t_245_jpg.rf.7d8e00264e683dfdff51b4a605291cb0.jpg,clean
valid,Weight_limit_27t_249_jpg.rf.1187e67c672727fe75dfc8fa4a50c71a.jpg,clean
valid,Weight_limit_27t_250_jpg.rf.e418290095f3edf22bac5490c2a426c4.jpg,clean
valid,Weight_limit_27t_251_jpg.rf.26c92a1b4799ef26397cbf0715d10929.jpg,clean
valid,Weight_limit_27t_257_jpg.rf.3806939bd0554bf5145b6053a48d68c9.jpg,clean
valid,Weight_limit_27t_272_jpg.rf.453cbd5d2b7c74c82d63018e34b111af.jpg,clean
valid,Weight_limit_27t_276_jpg.rf.81d557d5354d5d9738d152c61aeaf930.jpg,clean
valid,Weight_limit_27t_281_jpg.rf.8a135672c120b13a40cd19012af492ee.jpg,clean
valid,Weight_limit_27t_28_jpg.rf.618e4a1644051e0289bffa495d9fc976.jpg,clean
valid,Weight_limit_27t_297_jpg.rf.c598b2237ecd1eb532ef034339e29072.jpg,clean
valid,Weight_limit_27t_301_jpg.rf.be3f293ec09b63d92a6b65ffe1b73fc5.jpg,clean
valid,Weight_limit_27t_303_jpg.rf.f572d1a972e43ed0b8058ca7c50759ce.jpg,clean
valid,Weight_limit_27t_304_jpg.rf.5593136f3645a5e9b57a367d92ab6935.jpg,clean
valid,Weight_limit_27t_306_jpg.rf.bccb8bd39953bdaccfea2f21c90a8871.jpg,clean
valid,Weight_limit_27t_30_jpg.rf.2610322c8d4ca9346ba98858356b53ca.jpg,clean
valid,Weight_limit_27t_313_jpg.rf.4fd0025c2a5cda8883bd6ed0152c9131.jpg,clean
valid,Weight_limit_27t_315_jpg.rf.2630ac21d54e822f672266e55218628b.jpg,clean
valid,Weight_limit_27t_318_jpg.rf.dc07d7e00e736c2725b22ef16737639a.jpg,clean
valid,Weight_limit_27t_324_jpg.rf.fe562527a855ee0069a345ca011d0142.jpg,clean
valid,Weight_limit_27t_327_jpg.rf.a3356b8556e2afc89545c14800cf84aa.jpg,clean
valid,Weight_limit_27t_331_jpg.rf.177fe68d396a8370aef8ecffb3400386.jpg,clean
valid,Weight_limit_27t_332_jpg.rf.f103011f23083b6f5ea67e4e24ca1bb9.jpg,clean
valid,Weight_limit_27t_33_jpg.rf.8c63bb6b2ca8956a244d7b24664e45b3.jpg,clean
valid,Weight_limit_27t_343_jpg.rf.58d8e71fd905c38f49762dfdda7558f8.jpg,clean
valid,Weight_limit_27t_345_jpg.rf.37fb0a079894d995fee0aafe559c62c2.jpg,clean
valid,Weight_limit_27t_354_jpg.rf.48c889e79203c1acd9e271dfc3175b20.jpg,clean
valid,Weight_limit_27t_355_jpg.rf.cbb260e24f03da2d86ea2664909ffdd0.jpg,clean
valid,Weight_limit_27t_35_jpg.rf.f20116d670560305f89d5ac2fa3173c0.jpg,clean
valid,Weight_limit_27t_361_jpg.rf.853863d3086d00ced44b2e6ecfd214b6.jpg,clean
valid,Weight_limit_27t_377_jpg.rf.88f5ea6a866b991055b5bff67e28d6ef.jpg,clean
valid,Weight_limit_27t_381_jpg.rf.a64d6cb75220900e2b5fdca093bf8227.jpg,clean
valid,Weight_limit_27t_404_jpg.rf.43c28b8c593c13942421989449137f00.jpg,clean
valid,Weight_limit_27t_407_jpg.rf.783f8041a69dcd1dbe091c3bc9e126da.jpg,clean
valid,Weight_limit_27t_413_jpg.rf.16a96b16de3f13666e796fea27fc5c61.jpg,clean
valid,Weight_limit_27t_415_jpg.rf.3cde98258d02ccfef3b85803bbf981a2.jpg,clean
valid,Weight_limit_27t_421_jpg.rf.f799b28a73d77366310373a98d036ac1.jpg,clean
valid,Weight_limit_27t_429_jpg.rf.6cbda1af5688295aaf480136791df034.jpg,clean
valid,Weight_limit_27t_438_jpg.rf.cb1183386a2628898c59ccdd19da5fa4.jpg,clean
valid,Weight_limit_27t_439_jpg.rf.6e7e91ffe7d5b70177c2ff8b5ed9982f.jpg,clean
valid,Weight_limit_27t_445_jpg.rf.afbce1bc8f825bb825b081487c6a240a.jpg,clean
valid,Weight_limit_27t_446_jpg.rf.931f1b11b7531143bbc981fbcf48ca11.jpg,clean
valid,Weight_limit_27t_460_jpg.rf.fea5ebf1798974d8bac06f1251a3c386.jpg,clean
valid,Weight_limit_27t_462_jpg.rf.d95ed85755f36b90bf0d5fa3d0bc8468.jpg,clean
valid,Weight_limit_27t_465_jpg.rf.bd27559213c8b5f594e0952ba4f35236.jpg,clean
valid,Weight_limit_27t_471_jpg.rf.0f9225432c2f48c78725ab8216bf0a06.jpg,clean
valid,Weight_limit_27t_474_jpg.rf.7826a818ad50134c7604439cac546d2f.jpg,clean
valid,Weight_limit_27t_475_jpg.rf.843315605aadd01c0fcee62d3b6cb258.jpg,clean
valid,Weight_limit_27t_47_jpg.rf.f8c132b1ace94eb8ccfb50db44510331.jpg,clean
valid,Weight_limit_27t_49_jpg.rf.65a60ad51aabf3adbed6a88dc178858a.jpg,clean
valid,Weight_limit_27t_50_jpg.rf.68ec8ca0e49192861f1e7795339dcf0f.jpg,clean
valid,Weight_limit_27t_55_jpg.rf.ea47852a6f091eec0dc77ac798d4eb4b.jpg,clean
valid,Weight_limit_27t_56_jpg.rf.1dd321b53ca57fec5e782a2d5667bab2.jpg,clean
valid,Weight_limit_27t_59_jpg.rf.b20d4c5f08a9c0524254324997f4af90.jpg,clean
valid,Weight_limit_27t_67_jpg.rf.b0843e8589cbead3640a8741a662fcb6.jpg,clean
valid,Weight_limit_27t_68_jpg.rf.09ec7c034916abb2811dc85283f0a402.jpg,clean
valid,Weight_limit_27t_72_jpg.rf.0611f700db4c8cdc3f2e9e67d3ae6ab5.jpg,clean
valid,Weight_limit_27t_75_jpg.rf.9adb1aa086bd7642aa7cb8257081cc5a.jpg,clean
valid,Weight_limit_27t_78_jpg.rf.be902e1210c6de4bd73d838e3ddf9b58.jpg,clean
valid,no_pedestrians_image_1_JPG.rf.b0b655a021c9888207783c61c20e045c.jpg,clean
valid,pedestrian_crossing_image_2_JPG.rf.da970dbda5c67b2c729a76a0a08642c8.jpg,clean
valid,school_ahead_image_1_JPG.rf.8aafe6a26ed95373ebba91358832bd96.jpg,clean
valid,sharp_right_bend_image_1_JPG.rf.e7c1acb816fa0f3351755d4222e05b07.jpg,clean
valid,sharp_right_bend_image_2_JPG.rf.89aab137f57677c9fe4eae6b28b33fa5.jpg,clean
valid,toll_image_1_JPG.rf.ea483c7d76ccb6c487275d0f90968743.jpg,clean
test,Emergency_break_109_jpg.rf.0bec1450f62c25dabdd3b65a6621dee0.jpg,clean
test,Emergency_break_123_jpg.rf.dc5e6ae201e4306bd4bafed550eb7230.jpg,clean
test,Emergency_break_128_jpg.rf.d31de93b810ddf371c52728a07ea1bc7.jpg,clean
test,Emergency_break_22_jpg.rf.ab5427e5a59e0a0b82ddfdbcc923a29e.jpg,clean
test,Emergency_break_250m_0_jpg.rf.c9c6d6b4be063f136862645445d5d95c.jpg,clean
test,Emergency_break_250m_100_jpg.rf.a81495f0f25007e808a6795092a15796.jpg,clean
test,Emergency_break_250m_108_jpg.rf.d04f644dd2750558a6af374d986439b6.jpg,clean
test,Emergency_break_250m_119_jpg.rf.c5f26b4d19d474286af0e8fb76e545f0.jpg,clean
test,Emergency_break_250m_123_jpg.rf.d57ffda24df5c9e0b545fdcdca14c4dd.jpg,clean
test,Emergency_break_250m_138_jpg.rf.38e578d85a35ceb445a6cc0a84f37626.jpg,clean
test,Emergency_break_250m_144_jpg.rf.441e80f2d8613b0cdf046ae506c444af.jpg,clean
test,Emergency_break_250m_14_jpg.rf.cdaa3c56eeae5640a09a09a9ab14c772.jpg,clean
test,Emergency_break_250m_154_jpg.rf.de48e06ff03953bfc2b4816eb7ea3416.jpg,clean
test,Emergency_break_250m_163_jpg.rf.bb9a6ffe83b3c63253a49491e1618a21.jpg,clean
test,Emergency_break_250m_165_jpg.rf.4ea9f03068acf87d2a409a55c9c570cb.jpg,clean
test,Emergency_break_250m_168_jpg.rf.803b19804ab4309126bd35642df15cd6.jpg,clean
test,Emergency_break_250m_19_jpg.rf.d7aa48eb4be6ae0304073f76cb111ce1.jpg,clean
test,Emergency_break_250m_28_jpg.rf.94d7cfffc6681b60dfc59d843ff2ac19.jpg,clean
test,Emergency_break_250m_35_jpg.rf.5e4ce6e2446eef9971fdb0ea9ab4aa46.jpg,clean
test,Emergency_break_250m_63_jpg.rf.56bd98be245febc575b4417a0f2e4fe3.jpg,clean
test,Emergency_break_250m_89_jpg.rf.e2cba9d1087ce89890523477239d7885.jpg,clean
test,Emergency_break_2_jpg.rf.ee0398a64340b9be2bba60cf4bce870c.jpg,clean
test,Emergency_break_35_jpg.rf.b67d25979ae6e2156651043ee9c7ae71.jpg,clean
test,Emergency_break_43_jpg.rf.adf393f2b9084f16a2952071ac0125a6.jpg,clean
test,Emergency_break_48_jpg.rf.5f44a5a4d8cf97c42cdd23c3b438163a.jpg,clean
test,Emergency_break_57_jpg.rf.4c233b3474c1c1767cf6a1f9c10e99a0.jpg,clean
test,Emergency_break_5_jpg.rf.fe028622fc8fa2ab5bbb0037aeecf3c3.jpg,clean
test,Emergency_break_77_jpg.rf.5099e69427389ecdd9ed55c5f227a3d4.jpg,clean
test,Emergency_break_82_jpg.rf.62d01eefc4cb5c23c98fb16ef8e8b1a0.jpg,clean
test,Emergency_break_92_jpg.rf.568b16c043ec28d0c01ce3ad84fec9f0.jpg,clean
test,Height_limit_5-7m_100_jpg.rf.34da74debfd568d2da3bf32c6ad6810d.jpg,clean
test,Height_limit_5-7m_102_jpg.rf.e817144d091821f83c6c543a387f8e76.jpg,clean
test,Height_limit_5-7m_108_jpg.rf.dc9d71e0ce5a1ae3027072e9ffd26f69.jpg,clean
test,Height_limit_5-7m_109_jpg.rf.42762401b836290700e4b358d66cadee.jpg,clean
test,Height_limit_5-7m_124_jpg.rf.8ef653c47e5fc1cceb02fa0533cfc271.jpg,clean
test,Height_limit_5-7m_12_jpg.rf.ca41ec1b9a569207bb7c799e3496e002.jpg,clean
test,Height_limit_5-7m_149_jpg.rf.8d5bc846ef98543ce9298d3562f5f38d.jpg,clean
test,Height_limit_5-7m_15_jpg.rf.79c16a070d5f62bd2093bc862a4aac77.jpg,clean
test,Height_limit_5-7m_162_jpg.rf.356e760d64218462075979b371e3cc4c.jpg,clean
test,Height_limit_5-7m_166_jpg.rf.5706405e0101975871d287e501c1fbc4.jpg,clean
test,Height_limit_5-7m_171_jpg.rf.53b9783a7e95be5c403af944e5894854.jpg,clean
test,Height_limit_5-7m_184_jpg.rf.dc6ff0fdfd3a8b68ec834ff5516b7ad3.jpg,clean
test,Height_limit_5-7m_195_jpg.rf.23dc35dc17de329e72cabe1a58d9d3a3.jpg,clean
test,Height_limit_5-7m_225_jpg.rf.6518efcc9d9fcaed62e72706642a52fe.jpg,clean
test,Height_limit_5-7m_242_jpg.rf.105bcb37fa9ed371d51f50da48000f18.jpg,clean
test,Height_limit_5-7m_253_jpg.rf.b44df1ff84ca81da3a5980c9c5ab61c8.jpg,clean
test,Height_limit_5-7m_265_jpg.rf.cbc146992ddfb78acb9b8b6d13d00a5b.jpg,clean
test,Height_limit_5-7m_280_jpg.rf.4a09af006f39846445f4a7b4cbb30820.jpg,clean
test,Height_limit_5-7m_281_jpg.rf.ef980a6fcbb9e40086613699765f4332.jpg,clean
test,Height_limit_5-7m_283_jpg.rf.20962a4952fc46c1fbadfba41d9a1132.jpg,clean
test,Height_limit_5-7m_28_jpg.rf.3a350ac73cb2770056e60288ecd1b43f.jpg,clean
test,Height_limit_5-7m_292_jpg.rf.7b98b9b98129469ce830be64b4548144.jpg,clean
test,Height_limit_5-7m_295_jpg.rf.761aba91576a4032b42bc0e55de5303f.jpg,clean
test,Height_limit_5-7m_307_jpg.rf.568a5fc22461a06d683c16f64667716e.jpg,clean
test,Height_limit_5-7m_317_jpg.rf.71f90693121035dd7dd92984b7a1e24c.jpg,clean
test,Height_limit_5-7m_341_jpg.rf.7d872b079bf47696552aea682ff18b6a.jpg,clean
test,Height_limit_5-7m_347_jpg.rf.188b187e81b592f7d535012805aba7be.jpg,clean
test,Height_limit_5-7m_349_jpg.rf.eddab64b414898fd51ef5f6f29dca1b7.jpg,clean
test,Height_limit_5-7m_351_jpg.rf.0eed8f041a04a34c37614f50c1fd4abf.jpg,clean
test,Height_limit_5-7m_353_jpg.rf.4f6f89eec2cb84475c3c116dca87f4e1.jpg,clean
test,Height_limit_5-7m_358_jpg.rf.40ce64c033e3ebb5f195b0c6561cb44b.jpg,clean
test,Height_limit_5-7m_363_jpg.rf.7d0300e0ce414dd30f95094d5195841b.jpg,clean
test,Height_limit_5-7m_364_jpg.rf.e92d968f5f2033afeca4145bf53a0fd6.jpg,clean
test,Height_limit_5-7m_375_jpg.rf.aad694ccee224046ce40c0aa953425f3.jpg,clean
test,Height_limit_5-7m_380_jpg.rf.a04ba257c14687e77c050d9df281f4d7.jpg,clean
test,Height_limit_5-7m_382_jpg.rf.3bda95d925082a27ca3d10a260d789f5.jpg,clean
test,Height_limit_5-7m_383_jpg.rf.ebc1c6179144bf8a477fd87d36004dc5.jpg,clean
test,Height_limit_5-7m_404_jpg.rf.3a427fbd09838fdedd582e934592ca81.jpg,clean
test,Height_limit_5-7m_407_jpg.rf.f34551325e0856d0579ede5a62a7fda0.jpg,clean
test,Height_limit_5-7m_40_jpg.rf.3e13b5a95fd21e85425f51a447de5b7b.jpg,clean
test,Height_limit_5-7m_424_jpg.rf.13280ab4730ed0e63d22ccba15a70885.jpg,clean
test,Height_limit_5-7m_443_jpg.rf.f5ccd16c965415f95860cc76519ded64.jpg,clean
test,Height_limit_5-7m_448_jpg.rf.24355a212bad814380275b46bcfa6624.jpg,clean
test,Height_limit_5-7m_45_jpg.rf.a69d61651b3a1de4166043e6c4195654.jpg,clean
test,Height_limit_5-7m_466_jpg.rf.bb50b31850aba00a6a8720c1ca69a2ed.jpg,clean
test,Height_limit_5-7m_490_jpg.rf.4aae7e4f7bef9524e98fc0e4e93f045e.jpg,clean
test,Height_limit_5-7m_492_jpg.rf.d6499e56c99d5f784f3ac9e19a4b2d25.jpg,clean
test,Height_limit_5-7m_496_jpg.rf.c1d39eec241f5492745154d8f2fecca9.jpg,clean
test,Height_limit_5-7m_508_jpg.rf.c5f7d2dbbb37f8ea9d344557c1a19740.jpg,clean
test,Height_limit_5-7m_517_jpg.rf.b128da173456765747f4286e6be24afd.jpg,clean
test,Height_limit_5-7m_524_jpg.rf.6d907e8f8236e11fe4df79238db10620.jpg,clean
test,Height_limit_5-7m_52_jpg.rf.abaebd792c784c4541d219b3e73deb83.jpg,clean
test,Height_limit_5-7m_532_jpg.rf.6350d84422067e59edbe00cdb36448ba.jpg,clean
test,Height_limit_5-7m_544_jpg.rf.b3ac6335051dc258ac4be7cc1e11379e.jpg,clean
test,Height_limit_5-7m_557_jpg.rf.805a4f89598510c3875a76fdbb7f6357.jpg,clean
test,Height_limit_5-7m_558_jpg.rf.6ef246c9fde426bd13ada9e531016013.jpg,clean
test,Height_limit_5-7m_55_jpg.rf.50e329564cfc8e8cde211d36536f5200.jpg,clean
test,Height_limit_5-7m_568_jpg.rf.e7c1a58d9a2ceb02fdec02945c3d5c41.jpg,clean
test,Height_limit_5-7m_571_jpg.rf.3fc8fd0498d47ac51ccba995391beff1.jpg,clean
test,Height_limit_5-7m_582_jpg.rf.19a3a6e83023fc0b352d3f9f060f94e3.jpg,clean
test,Height_limit_5-7m_597_jpg.rf.a57adf746c4a55a63422d110d5e79044.jpg,clean
test,Height_limit_5-7m_626_jpg.rf.8b7dd35516c5e12e828d1b809f7b7940.jpg,clean
test,Height_limit_5-7m_63_jpg.rf.7ccb30a3ffdb74a5b7b723340a548670.jpg,clean
test,Height_limit_5-7m_643_jpg.rf.d0157ca21cf02485cde11a80ed8036e0.jpg,clean
test,Height_limit_5-7m_656_jpg.rf.9c0da4733f3738966773ec74b7deca09.jpg,clean
test,Height_limit_5-7m_663_jpg.rf.146432a828f80f95de0f2971a5931c75.jpg,clean
test,Height_limit_5-7m_664_jpg.rf.48ad5d2d037cc4ac134096caa8fbf6ff.jpg,clean
test,Height_limit_5-7m_690_jpg.rf.c96a07e04c535846790dd945de639300.jpg,clean
test,Height_limit_5-7m_698_jpg.rf.1b8475f5ebbeb7d3bc6f8754cefc1fe2.jpg,clean
test,Height_limit_5-7m_701_jpg.rf.6d85b717f9845bc2668d50fec5d067cb.jpg,clean
test,Height_limit_5-7m_70_jpg.rf.1227d16a3169e4c78df4d4703b248ded.jpg,clean
test,Height_limit_5-7m_713_jpg.rf.1d655ed603bb8e0a0bada052a60dbf83.jpg,clean
test,Height_limit_5-7m_737_jpg.rf.b5d58cc89f28694abfc467823a6c4f36.jpg,clean
test,Height_limit_5-7m_740_jpg.rf.ea0c1c61e6d55eac01974e3d315284d6.jpg,clean
test,Height_limit_5-7m_746_jpg.rf.726d46a8884300eebd837f46deda8dea.jpg,clean
test,Height_limit_5-7m_751_jpg.rf.ffe7c079c534e2c127e1191a3e3755fa.jpg,clean
test,Height_limit_5-7m_754_jpg.rf.be98bdaa138cec1a39ac3b3704a43541.jpg,clean
test,Height_limit_5-7m_757_jpg.rf.b440dae3cbffdfb7a9bc37477d66a384.jpg,clean
test,Height_limit_5-7m_75_jpg.rf.6daec0dc80557a36f72bf999ffa9f011.jpg,clean
test,Height_limit_5-7m_762_jpg.rf.03823b376f9277a1005b067c5739c8f2.jpg,clean
test,Height_limit_5-7m_769_jpg.rf.de244bc6345cdf3bf6fd9f2d4517f4a2.jpg,clean
test,Height_limit_5-7m_794_jpg.rf.bdc8de1c14a7f9cb3de93adbbf5a0010.jpg,clean
test,Height_limit_5-7m_802_jpg.rf.e8ff872a6ab10d6daa52d44202881058.jpg,clean
test,Height_limit_5-7m_804_jpg.rf.610bf34b6d747d808daa9571260f9514.jpg,clean
test,Height_limit_5-7m_805_jpg.rf.7fcc7bda745693cf46b1cc037e91271d.jpg,clean
test,Height_limit_5-7m_817_jpg.rf.5f63a2aca450309a385b4ea98d3a0ae5.jpg,clean
test,Height_limit_5-7m_819_jpg.rf.540b175f7ddb9cd431cedb441abc24d4.jpg,clean
test,Height_limit_5-7m_825_jpg.rf.d27883b7f6571a3f395e39986a17bcf7.jpg,clean
test,Height_limit_5-7m_855_jpg.rf.de206c5135a7c9d2bacf75fa13557fe2.jpg,clean
test,Height_limit_5-7m_859_jpg.rf.2316e0d356f064d6ed5248787fedeb6a.jpg,clean
test,Height_limit_5-7m_865_jpg.rf.53b326452f48b0ebd20bfbf95f7bb5f4.jpg,clean
test,Height_limit_5-7m_872_jpg.rf.2cdc7cf020c161bff6bdce9102c466a1.jpg,clean
test,Height_limit_5-7m_880_jpg.rf.e376a6d67d16a35853f96e5894dd4548.jpg,clean
test,Height_limit_5-7m_885_jpg.rf.90ff93610db1a3c41fae14ae1dd5cc1a.jpg,clean
test,Height_limit_5-7m_899_jpg.rf.e3c5c00679815b25142e77ef92a68282.jpg,clean
test,Height_limit_5-7m_900_jpg.rf.cf2f4f9ebf53650ba7027d77329bb6c0.jpg,clean
test,Height_limit_5-7m_904_jpg.rf.8bfb7c82466a9dc5bb254685132e4236.jpg,clean
test,Height_limit_5-7m_914_jpg.rf.869fcab8b3d0f52d3db2837a35fd3af6.jpg,clean
test,Height_limit_5-7m_919_jpg.rf.5fac9ec7d1aa51a228b2836a85c1694d.jpg,clean
test,Height_limit_5-7m_930_jpg.rf.6b40cc8c6ce14f7973545f344aaad4bb.jpg,clean
test,Height_limit_5-7m_932_jpg.rf.dca5107cf22f827ac218d4c8d4701328.jpg,clean
test,Height_limit_5-7m_943_jpg.rf.4b42415552533b8e03613306b144cbae.jpg,clean
test,Height_limit_5-7m_948_jpg.rf.7a3f307b872156e6082e8b264d39d973.jpg,clean
test,Height_limit_5-7m_97_jpg.rf.225312bac9c2fa0cfc7973e785a8d74b.jpg,clean
test,Hospital_ahead_10_jpg.rf.2af3b787a0ac1e9a4aeac424699d9454.jpg,clean
test,Hospital_ahead_9_jpg.rf.1fa538b722c1fa00dac9576b6fee1004.jpg,clean
test,Left_lane_for_truck_10_jpg.rf.ccc407a84de71ec2ec24d5c5a6505375.jpg,clean
test,Left_lane_for_truck_1_jpg.rf.ee68356679604b4a06976fe092119122.jpg,clean
test,Left_lane_for_truck_2_jpg.rf.273015f7f6727a2f046906f5ae22a21e.jpg,clean
test,Left_lane_for_truck_40_jpg.rf.e11f067e63d0a36bbb58e17290f86d8c.jpg,clean
test,Left_lane_for_truck_47_jpg.rf.8fb18b95328b09b5b62f301d4c3c05de.jpg,clean
test,Left_lane_for_truck_51_jpg.rf.16600ca30f548eab612cbc721c52e98b.jpg,clean
test,Left_lane_for_truck_73_jpg.rf.3c231a5afb86b66438725865c97eb371.jpg,clean
test,Left_lane_for_truck_83_jpg.rf.465e92679974213fae3776b684bcae3a.jpg,clean
test,Left_lane_for_truck_85_jpg.rf.79c41ab678851ba60bc74e02b84626e5.jpg,clean
test,Left_lane_for_truck_86_jpg.rf.95df7c8b877b67174a161e0685b04ff7.jpg,clean
test,Left_turn_105_jpg.rf.8334c53bcedb2ff7babad25244f91cfe.jpg,clean
test,Left_turn_110_jpg.rf.63ff69a33c0240fc2a35f51f530ca518.jpg,clean
test,Left_turn_111_jpg.rf.86be5224ebcc478349788b32939ccaf5.jpg,clean
test,Left_turn_119_jpg.rf.9121f9886feffaa1c909653530f9f385.jpg,clean
test,Left_turn_120_jpg.rf.b92eb101bd87385ad30b71eb78fafbcb.jpg,clean
test,Left_turn_127_jpg.rf.3d0fa01a7ce42377de995d47cda2e7d3.jpg,clean
test,Left_turn_132_jpg.rf.1324eb306f152d0348ca01268be07984.jpg,clean
test,Left_turn_137_jpg.rf.3fd9d72969370f80d1f96eb6b3781001.jpg,clean
test,Left_turn_140_jpg.rf.3ff252c69d86c507a7817336b45f5159.jpg,clean
test,Left_turn_147_jpg.rf.9be31300e77cb574da791546b1eac268.jpg,clean
test,Left_turn_154_jpg.rf.e2e051d185af7c974abcac4687603829.jpg,clean
test,Left_turn_159_jpg.rf.a79127527280bd0425e283a904f225fb.jpg,clean
test,Left_turn_168_jpg.rf.08ad12cda58814045b51f5fc44c62789.jpg,clean
test,Left_turn_200_jpg.rf.73965ee0504d34984508b2616291708e.jpg,clean
test,Left_turn_204_jpg.rf.cf3c6fc7bc922a9f1457e1c19104688f.jpg,clean
test,Left_turn_205_jpg.rf.c50a4e8f0e1dd3de8f18cd7b30885ef6.jpg,clean
test,Left_turn_224_jpg.rf.4200f5dd0f39678a5c4c9a49c74dcc7b.jpg,clean
test,Left_turn_255_jpg.rf.f07b6a3b0234018b34236a93fa60a357.jpg,clean
test,Left_turn_262_jpg.rf.508dce438ffd1be4a7b21d5a2c7d9650.jpg,clean
test,Left_turn_263_jpg.rf.8b7db74203999270e711f4496d88b40d.jpg,clean
test,Left_turn_276_jpg.rf.26a0ebf0a27b361b8817cee47acda867.jpg,clean
test,Left_turn_27_jpg.rf.3c778353ae0f7cbfc4021a82fda556c9.jpg,clean
test,Left_turn_292_jpg.rf.1707113a24da634524a5c97c7a1191b3.jpg,clean
test,Left_turn_305_jpg.rf.4d158412aee03649bd346698efe33c5f.jpg,clean
test,Left_turn_320_jpg.rf.453c50859375825dbbd3cb24a594b772.jpg,clean
test,Left_turn_34_jpg.rf.c4ff29dbd4df5885b896c1f9f6f99f83.jpg,clean
test,Left_turn_43_jpg.rf.13a883cf9416b576ab9fabbb5b48c0b1.jpg,clean
test,Left_turn_48_jpg.rf.2a569259d83440de074a404b92361dc2.jpg,clean
test,Left_turn_56_jpg.rf.5d0365038fa8d01ee93f8061c3bc9b66.jpg,clean
test,Left_turn_57_jpg.rf.063f4bdaa960b1677889af8f237ce3f9.jpg,clean
test,Left_turn_61_jpg.rf.b86239f8fb333685439b52b1b88030ce.jpg,clean
test,Left_turn_73_jpg.rf.c93b1986d7d2b63167f3476aef38a47b.jpg,clean
test,Left_turn_74_jpg.rf.0a30ea1ee11494d43408c48010aeaf98.jpg,clean
test,Left_turn_7_jpg.rf.6c2434217dad1a79e58d08e219960358.jpg,clean
test,Left_turn_84_jpg.rf.34afb7e8078182e1377c03e2480515bf.jpg,clean
test,Left_turn_85_jpg.rf.5968dc2771b85ef5776b470b1a1b23d6.jpg,clean
test,Let_go_first_118_jpg.rf.3ef88231919fd83ca3f6f21c0d03a18a.jpg,clean
test,Let_go_first_124_jpg.rf.910dca4069c0fd8d312cf48aa55a6682.jpg,clean
test,Let_go_first_133_jpg.rf.63137659eb211a4241e52ae5193ed9f1.jpg,clean
test,Let_go_first_17_jpg.rf.3b2fb6528cc1fa6234bbca45e7a345e8.jpg,clean
test,Let_go_first_19_jpg.rf.3e1620f7ee3e7e227c87792b55a0b314.jpg,clean
test,Let_go_first_25_jpg.rf.3724006e95d8b377beff8704e6dc4624.jpg,clean
test,Let_go_first_36_jpg.rf.42eef9d69bf6a8ea143bf4ff2715d86b.jpg,clean
test,Let_go_first_41_jpg.rf.b64b025549774db5c2e4930f4fc7eb1b.jpg,clean
test,Let_go_first_42_jpg.rf.059a9eb5b8078126f6dd1a4625f73691.jpg,clean
test,Let_go_first_45_jpg.rf.5648da2604285063abe0793de082d091.jpg,clean
test,Let_go_first_49_jpg.rf.7f49784696ccf6f7c6c72d72f7912019.jpg,clean
test,Let_go_first_99_jpg.rf.e6639565ebabc57052a1a571875210b0.jpg,clean
test,Mosque_ahead_103_jpg.rf.7c2dd5ce40e753f2937080354b1acecf.jpg,clean
test,Mosque_ahead_109_jpg.rf.d5bd829c1b67661e20d88e494c1fbb2b.jpg,clean
test,Mosque_ahead_10_jpg.rf.1d29fea7520aeab0d69de03985084d53.jpg,clean
test,Mosque_ahead_117_jpg.rf.f91117727a1447ba27424922a2edbe16.jpg,clean
test,Mosque_ahead_120_jpg.rf.3844f79e4c0f7e51f9249b53c18ffcbd.jpg,clean
test,Mosque_ahead_128_jpg.rf.a2b5a6be427d987ce7127bf8c8138805.jpg,clean
test,Mosque_ahead_141_jpg.rf.919c58462b9f866a20ffefe800b00390.jpg,clean
test,Mosque_ahead_142_jpg.rf.301f12f3ed7838df400acd70b14f8829.jpg,clean
test,Mosque_ahead_151_jpg.rf.dc7f99bce3e2626ea5904c6e17e4a575.jpg,clean
test,Mosque_ahead_163_jpg.rf.102c4ee5ccd7a43869220f0e5e9f13c1.jpg,clean
test,Mosque_ahead_165_jpg.rf.48b53f387478c37b8d45c4cd5c6e0a85.jpg,clean
test,Mosque_ahead_166_jpg.rf.a09f67ce0168650b40bf50433d98e370.jpg,clean
test,Mosque_ahead_176_jpg.rf.8fa7d0fdb4adbc9d10ba7c34f47549ef.jpg,clean
test,Mosque_ahead_179_jpg.rf.8380176208207aa92fdeaa7a9475e983.jpg,clean
test,Mosque_ahead_182_jpg.rf.39db22b9a09b77727a3d744fbf58a491.jpg,clean
test,Mosque_ahead_213_jpg.rf.82a4e82a0a5dba32e44a68b9dd12b52f.jpg,clean
test,Mosque_ahead_222_jpg.rf.5f749a414b02572168832c5c8371db6e.jpg,clean
test,Mosque_ahead_231_jpg.rf.bf26ce0a93a9763fc6d06d5adcbc6a60.jpg,clean
test,Mosque_ahead_246_jpg.rf.5240563f8ef5dcda35923ee46c32b49f.jpg,clean
test,Mosque_ahead_254_jpg.rf.2b39f424b510e2087a0ac3fe5a0e9e2b.jpg,clean
test,Mosque_ahead_259_jpg.rf.8ba85de1d5a4ef2065372e339d57cd17.jpg,clean
test,Mosque_ahead_260_jpg.rf.cafb53ed1d6402b44f6604204322acec.jpg,clean
test,Mosque_ahead_26_jpg.rf.07f0510261d34cead52c177cc9ce6fe5.jpg,clean
test,Mosque_ahead_274_jpg.rf.0e2f00a844bf4fa322e0d4a7ab2ae78d.jpg,clean
test,Mosque_ahead_281_jpg.rf.b834b41b2d2bf1a2f1e87dbbbfa5dc9a.jpg,clean
test,Mosque_ahead_284_jpg.rf.22a091fbc62bf57ba20fc5a06c215a92.jpg,clean
test,Mosque_ahead_297_jpg.rf.caea3f47142bbaf148364a2778744630.jpg,clean
test,Mosque_ahead_304_jpg.rf.9ff12811da2b852aaf384af06ea7af0f.jpg,clean
test,Mosque_ahead_30_jpg.rf.658f7b9e95adb61c6c7db810ff7c7cef.jpg,clean
test,Mosque_ahead_319_jpg.rf.815f873b01d0a96ac491ac6db2001ed5.jpg,clean
test,Mosque_ahead_332_jpg.rf.20f4f3c25f60ce583f3e0daa2d76421d.jpg,clean
test,Mosque_ahead_347_jpg.rf.a67b4980263269e235fd9a41d343b0f7.jpg,clean
test,Mosque_ahead_352_jpg.rf.a8aa780e1d1d3dbe9af662c14ab50f35.jpg,clean
test,Mosque_ahead_355_jpg.rf.224b4136c72ce8c17a0d3e2021122442.jpg,clean
test,Mosque_ahead_356_jpg.rf.1ab628005315f9bdca8164b14873eefa.jpg,clean
test,Mosque_ahead_367_jpg.rf.5de8d2b047a3f852ad2193c3eb548b77.jpg,clean
test,Mosque_ahead_369_jpg.rf.c74fc7d7cca48b5adee3d1b841841045.jpg,clean
test,Mosque_ahead_378_jpg.rf.557f1a6eb510028db3ebda18bedcafa7.jpg,clean
test,Mosque_ahead_393_jpg.rf.357accfd109ed5e5bb19adccf5279b70.jpg,clean
test,Mosque_ahead_394_jpg.rf.2edc9eaf3d534708a8eb1d35140a0876.jpg,clean
test,Mosque_ahead_39_jpg.rf.84ecf96f9431e51073814acfa3d1e535.jpg,clean
test,Mosque_ahead_404_jpg.rf.97d944a3d9fb34c6f94daea004ed8d19.jpg,clean
test,Mosque_ahead_407_jpg.rf.bbb50b495cd017e074d08edc5a787aff.jpg,clean
test,Mosque_ahead_412_jpg.rf.9f87eaba782665f211127fe5fbf3d965.jpg,clean
test,Mosque_ahead_425_jpg.rf.38cc80bc78a0c01c31c615168651eb37.jpg,clean
test,Mosque_ahead_427_jpg.rf.9780c47ad54de6b5a4358b9693ee9456.jpg,clean
test,Mosque_ahead_429_jpg.rf.08caccba29901181b1d5481920aa4922.jpg,clean
test,Mosque_ahead_455_jpg.rf.34b72db1b810ba244fd5703ac2a4d2f5.jpg,clean
test,Mosque_ahead_465_jpg.rf.c809543849dcd40ac746dfa60f243700.jpg,clean
test,Mosque_ahead_466_jpg.rf.2c25f6ad4beeff033a740d654507d4fc.jpg,clean
test,Mosque_ahead_467_jpg.rf.3330899358069b415dbf3c4e8727506b.jpg,clean
test,Mosque_ahead_471_jpg.rf.eda7c51dc440e3969c2df7a3e4af7187.jpg,clean
test,Mosque_ahead_485_jpg.rf.023fce563698c5d8f2a2686d96256fa3.jpg,clean
test,Mosque_ahead_49_jpg.rf.b5a10cab4e0f83dc4ed9b6af105b5508.jpg,clean
test,Mosque_ahead_505_jpg.rf.81d7e44b49c4130d66810709eee55cef.jpg,clean
test,Mosque_ahead_50_jpg.rf.9160ee9f4bd9bed908ddff1e12fc4561.jpg,clean
test,Mosque_ahead_52_jpg.rf.765b87a67e9dfe38c00ff96d77bbe946.jpg,clean
test,Mosque_ahead_552_jpg.rf.a49ae2b7b0ecb1486ca215776bd70022.jpg,clean
test,Mosque_ahead_562_jpg.rf.8241d3cba909bcfbe5716c6d7727bfc5.jpg,clean
test,Mosque_ahead_576_jpg.rf.895226e107c62303af8c7e6b2279ffbb.jpg,clean
test,Mosque_ahead_64_jpg.rf.5027094881f229604b3158cfa5f532c2.jpg,clean
test,Mosque_ahead_70_jpg.rf.22521cd619e607d22a088f62508407f6.jpg,clean
test,Mosque_ahead_85_jpg.rf.16b4902de04997117dfafce08804c3cd.jpg,clean
test,Mosque_ahead_86_jpg.rf.d8d432b78b0b90c059cc208556f67ff4.jpg,clean
test,Mosque_ahead_98_jpg.rf.84af90a9b6fb0b161cca1b15f392bdee.jpg,clean
test,Narrow_crossing_road_ahead_17_jpg.rf.f550a02e3267b0571c038896e65715cb.jpg,clean
test,Narrow_crossing_road_ahead_21_jpg.rf.f05f3e103176705347ccd270a27d0b8b.jpg,clean
test,Narrow_crossing_road_ahead_23_jpg.rf.e29fc548a221515f749344394fbfc517.jpg,clean
test,Narrow_crossing_road_ahead_31_jpg.rf.da8050792499a5e0a845a152aca0e8cb.jpg,clean
test,Narrow_crossing_road_ahead_43_jpg.rf.61062c61e4ba910850e9d5033cb9e28d.jpg,clean
test,Narrow_crossing_road_ahead_80_jpg.rf.69f6efec1625cb796c7bb517a746bd24.jpg,clean
test,Narrow_roads_ahead_both_sides_20_jpg.rf.58cff857a1528b5972ff405c592ba329.jpg,clean
test,Narrow_roads_ahead_both_sides_31_jpg.rf.e97a1191015897921d74960c0d65314b.jpg,clean
test,No_entry_102_jpg.rf.e8c06d8c62d082090c26f0d8eb4f0294.jpg,clean
test,No_entry_115_jpg.rf.0f87c2a2ea14f3d9752ced2d718ee7db.jpg,clean
test,No_entry_120_jpg.rf.0829b1a6dd824dde2330401d807334d9.jpg,clean
test,No_entry_124_jpg.rf.76cdbc3ed24485183c19f64527c656d7.jpg,clean
test,No_entry_137_jpg.rf.37f2693697fb890648df05dc17b599cf.jpg,clean
test,No_entry_138_jpg.rf.12498025edcdd634a35bee2830d26cc4.jpg,clean
test,No_entry_151_jpg.rf.ece28fcc2d23887bb33aef8e217cd01d.jpg,clean
test,No_entry_164_jpg.rf.f90c62604ac2cc58e9ca7f459255ef4b.jpg,clean
test,No_entry_168_jpg.rf.ce1e7eb81e0485993c9f367d9cad603b.jpg,clean
test,No_entry_40_jpg.rf.8d0c48a23dbd3691b5e3d722f779732b.jpg,clean
test,No_entry_44_jpg.rf.ffeece9b50d85b73b2a6cd7d2b82ad7f.jpg,clean
test,No_entry_58_jpg.rf.eedcc4c68cb701d67b26d37164590b1a.jpg,clean
test,No_entry_71_jpg.rf.e365afba14d69e580c5df74adcf04316.jpg,clean
test,No_entry_74_jpg.rf.9a130117072c85b91377487758e7c606.jpg,clean
test,No_overtaking_122_jpg.rf.15891e5324aea72547de071869ca1715.jpg,clean
test,No_overtaking_137_jpg.rf.8f4a3496a8403239bd52e6336ed7bd20.jpg,clean
test,No_overtaking_144_jpg.rf.2da1ce47f41abc6cf52f4e97ae5b5d93.jpg,clean
test,No_overtaking_150_jpg.rf.c348ef0f032477b227d00afa7b3c12d9.jpg,clean
test,No_overtaking_156_jpg.rf.d8853a8854e1289854233a7b5d5dd574.jpg,clean
test,No_overtaking_173_jpg.rf.8f27c953623c3607bdbe8c7ce1b4c3b2.jpg,clean
test,No_overtaking_178_jpg.rf.f6430c2bc04f473527d26141a83cec34.jpg,clean
test,No_overtaking_187_jpg.rf.4a2b6dcc8e2b314f2f5508559d0bea27.jpg,clean
test,No_overtaking_189_jpg.rf.0b3d2ef2f40f8347bab94a24a176772e.jpg,clean
test,No_overtaking_1_jpg.rf.bd383dc84e7eec7cdd645094484a7afa.jpg,clean
test,No_overtaking_220_jpg.rf.b4ec1644c22a4348cad0ac7a6058a690.jpg,clean
test,No_overtaking_226_jpg.rf.1453d71bb8272fe04f5a342ec12c2486.jpg,clean
test,No_overtaking_251_jpg.rf.5ec66914cfcf7e156e67082ee052c845.jpg,clean
test,No_overtaking_252_jpg.rf.878d512057b4ab58ab377b1f99b5ce5c.jpg,clean
test,No_overtaking_259_jpg.rf.d8d801261434309e96527a8afe236970.jpg,clean
test,No_overtaking_25_jpg.rf.0cf6a534a609fbe1b714c5bc23e57b08.jpg,clean
test,No_overtaking_26_jpg.rf.c7eb4542d089f74f510fa869a51f48d9.jpg,clean
test,No_overtaking_273_jpg.rf.4df1ef9f08f569df115167fede2f86a5.jpg,clean
test,No_overtaking_275_jpg.rf.bb8352e0ef3d1e639b640ad46c1f12dc.jpg,clean
test,No_overtaking_276_jpg.rf.560ee8d21a6aa578442707b74d810d51.jpg,clean
test,No_overtaking_277_jpg.rf.6fb5659f97976b1f6ae4edf7ef15b686.jpg,clean
test,No_overtaking_279_jpg.rf.20a8458ef366dd0d928964fb12cc72ef.jpg,clean
test,No_overtaking_287_jpg.rf.4a575ff0fe6ad9206ed38e4e002e6931.jpg,clean
test,No_overtaking_298_jpg.rf.2a959aa7fb8339dfef2c0b6fbbcd8bf5.jpg,clean
test,No_overtaking_305_jpg.rf.fd48ee575a65006a663989a0c41d961e.jpg,clean
test,No_overtaking_306_jpg.rf.ce57ed8b698ae59967b56a90e6a09ea4.jpg,clean
test,No_overtaking_310_jpg.rf.34d6fdb967822fdbcd17ec6a8b846a4f.jpg,clean
test,No_overtaking_311_jpg.rf.bad1594f07022e32685f2ad6b91fb8e3.jpg,clean
test,No_overtaking_342_jpg.rf.f1376276c16e36bf3a67123af858736a.jpg,clean
test,No_overtaking_347_jpg.rf.70316477ef662532e8771ebcf88e7abc.jpg,clean
test,No_overtaking_356_jpg.rf.bc461e019db3efbf62f822d95ebf6525.jpg,clean
test,No_overtaking_361_jpg.rf.18535307cd0da9af650b4b3ac2e71d48.jpg,clean
test,No_overtaking_368_jpg.rf.ef4aa6d840987205515549fe2aa529a0.jpg,clean
test,No_overtaking_392_jpg.rf.6a7c68652d6aeece2827588f325d159e.jpg,clean
test,No_overtaking_401_jpg.rf.6eaa545725b074325c6acdfe07519f7c.jpg,clean
test,No_overtaking_406_jpg.rf.f8ec50e30deaf8525f0d51ba52982121.jpg,clean
test,No_overtaking_40_jpg.rf.dc5bc01dcaedbb6e4c394ce0715c2ae3.jpg,clean
test,No_overtaking_413_jpg.rf.49a9d16daf8f7089e489308f1bbce00e.jpg,clean
test,No_overtaking_41_jpg.rf.ed8ca2c078a95ae6b03183ef15878596.jpg,clean
test,No_overtaking_423_jpg.rf.9dc9d793a0954337953d82cb41d922c6.jpg,clean
test,No_overtaking_430_jpg.rf.93f1a48a6f183eea3714905c068a90dd.jpg,clean
test,No_overtaking_43_jpg.rf.194bb9596b53fb51ba5285fba54afaba.jpg,clean
test,No_overtaking_455_jpg.rf.0c6fbca61baa890ce3db7d4a1c91f4ec.jpg,clean
test,No_overtaking_459_jpg.rf.0547821961b0a79ce004d0177c288d08.jpg,clean
test,No_overtaking_469_jpg.rf.999b0eb46139d050b93958bab201e761.jpg,clean
test,No_overtaking_473_jpg.rf.55aae3fc695062129f927c566d836647.jpg,clean
test,No_overtaking_487_jpg.rf.84572670cb34457319b371903713d374.jpg,clean
test,No_overtaking_489_jpg.rf.1c0915acbe28dbeb7fa98614e9084db8.jpg,clean
test,No_overtaking_494_jpg.rf.6212a06d396d6ee0831c48e1057d507a.jpg,clean
test,No_overtaking_502_jpg.rf.fa8734665caa35f941452010214cdf1c.jpg,clean
test,No_overtaking_504_jpg.rf.d4af82a72f5f631d0ef4d2b570a116c4.jpg,clean
test,No_overtaking_515_jpg.rf.8202bbf4a6f2efbb9cf3982ee41b9dfe.jpg,clean
test,No_overtaking_60_jpg.rf.0adc4efb32eed8dfc287bb14af6a0ab1.jpg,clean
test,No_overtaking_66_jpg.rf.2e50e41ac64220eb87f57e5d1ca6d424.jpg,clean
test,No_overtaking_77_jpg.rf.cd485ddbcfbe8aaa31698edfa3efc70a.jpg,clean
test,No_overtaking_91_jpg.rf.92380c13714d5f2703b8c1b6c879ff53.jpg,clean
test,Pedestrian_crossing_0_jpg.rf.a0cee1ec53c52042154015f6aeb53d56.jpg,clean
test,Pedestrian_crossing_106_jpg.rf.88e7d0b28583f0455029eb4aeb1b28e8.jpg,clean
test,Pedestrian_crossing_12_jpg.rf.61da484b4b4c3f30baf6a861d33f4b57.jpg,clean
test,Pedestrian_crossing_131_jpg.rf.000ae920a8761705e9d41e4103fd0ec4.jpg,clean
test,Pedestrian_crossing_141_jpg.rf.3eb9d33c38cde1087bf996a39726cd30.jpg,clean
test,Pedestrian_crossing_153_jpg.rf.5d4e59a07cf6f53a29fa0931cd384974.jpg,clean
test,Pedestrian_crossing_15_jpg.rf.897ce57031a1b5701da036cd0254c889.jpg,clean
test,Pedestrian_crossing_164_jpg.rf.d0ee17f3b2a3e506cc4218d34b7cbcc2.jpg,clean
test,Pedestrian_crossing_165_jpg.rf.9665654fd1cb3fc756756edf63177fe1.jpg,clean
test,Pedestrian_crossing_166_jpg.rf.bd7c417aeda5961f9bd9716e5daf102c.jpg,clean
test,Pedestrian_crossing_170_jpg.rf.8e95b248c9ae34a2c2621de4b15e00a9.jpg,clean
test,Pedestrian_crossing_179_jpg.rf.fca912ce812f92738e17306b9c827c37.jpg,clean
test,Pedestrian_crossing_182_jpg.rf.846f1ae721b41aa5217e24a13ad3a678.jpg,clean
test,Pedestrian_crossing_186_jpg.rf.cf3bc9a342e668256d3b33738f29892f.jpg,clean
test,Pedestrian_crossing_191_jpg.rf.f79a2f883b097f45f7f3afd75e30bc3b.jpg,clean
test,Pedestrian_crossing_202_jpg.rf.34fe7cf7b65c6c0686d57468a3edead9.jpg,clean
test,Pedestrian_crossing_205_jpg.rf.3674943b4f2b061d9f76deac68ce7e98.jpg,clean
test,Pedestrian_crossing_207_jpg.rf.767b4c2f5e36292161dd71aab26acabb.jpg,clean
test,Pedestrian_crossing_218_jpg.rf.d8c0de5ba7a369991eb932f5aa702b5a.jpg,clean
test,Pedestrian_crossing_224_jpg.rf.6dd5b9647b60ff9f6e70ca727b9ccc15.jpg,clean
test,Pedestrian_crossing_229_jpg.rf.7123372831e802806765cf950c1803a8.jpg,clean
test,Pedestrian_crossing_231_jpg.rf.2ed6dfd863177eff66873b6fab962157.jpg,clean
test,Pedestrian_crossing_247_jpg.rf.74d63282cdfab81c2406b95a42952f97.jpg,clean
test,Pedestrian_crossing_257_jpg.rf.514527c6da46ec119c32295c41198372.jpg,clean
test,Pedestrian_crossing_260_jpg.rf.318b032613e26ab65430893416a78b56.jpg,clean
test,Pedestrian_crossing_281_jpg.rf.b4c03f787491e5430792a466635b7349.jpg,clean
test,Pedestrian_crossing_288_jpg.rf.5f7654284a9bf450b7f4490d31be0d3d.jpg,clean
test,Pedestrian_crossing_29_jpg.rf.d245738e0900ef6b98235d28825c00ff.jpg,clean
test,Pedestrian_crossing_303_jpg.rf.77990516d57b65868db2b14fd32d945f.jpg,clean
test,Pedestrian_crossing_33_jpg.rf.86c458b775a69683994ead7e391b0cca.jpg,clean
test,Pedestrian_crossing_355_jpg.rf.36d0b5b04f747a54896e4d3892c8a291.jpg,clean
test,Pedestrian_crossing_399_jpg.rf.f7d6efd1410b944d32a3320f8272f1fb.jpg,clean
test,Pedestrian_crossing_402_jpg.rf.17067a23415967e070d25be2d5845225.jpg,clean
test,Pedestrian_crossing_408_jpg.rf.f7b72d92947552cfd365539a4eb10cd8.jpg,clean
test,Pedestrian_crossing_428_jpg.rf.8e0c1bd81d6a670cf644b36ea7b08c71.jpg,clean
test,Pedestrian_crossing_433_jpg.rf.82dec447d878bcb1e33a262f16767480.jpg,clean
test,Pedestrian_crossing_434_jpg.rf.41b219e30e15c4d8a5c972bbea0c89f2.jpg,clean
test,Pedestrian_crossing_43_jpg.rf.36599930f72c102321d9993f3c3e3ce2.jpg,clean
test,Pedestrian_crossing_448_jpg.rf.3a24c0770890d99ddba13cc89bae6a99.jpg,clean
test,Pedestrian_crossing_449_jpg.rf.e2614d8658cfbaae510ab1231b70bc27.jpg,clean
test,Pedestrian_crossing_450_jpg.rf.dd8e5d677d189973af8a1670294ece1d.jpg,clean
test,Pedestrian_crossing_452_jpg.rf.8bbba0daacb3f6413bc1b84a7f85f12a.jpg,clean
test,Pedestrian_crossing_455_jpg.rf.3f28caeb7e27617b0773cc831db4cf47.jpg,clean
test,Pedestrian_crossing_469_jpg.rf.a4b615dc166410ab372fbfd49330a2fc.jpg,clean
test,Pedestrian_crossing_470_jpg.rf.d50d463aaedc358612dc2559dc687d20.jpg,clean
test,Pedestrian_crossing_479_jpg.rf.65bbb00ba9803356d938b022a6d20ebc.jpg,clean
test,Pedestrian_crossing_496_jpg.rf.04614339792f565abda8ad27ff8184fd.jpg,clean
test,Pedestrian_crossing_506_jpg.rf.c2a3883195022691435967a1e09d78fb.jpg,clean
test,Pedestrian_crossing_508_jpg.rf.5ef49eb3d1a093071da9333ae92df7d9.jpg,clean
test,Pedestrian_crossing_518_jpg.rf.4d57d6ca9960fdcc70a2cf7d2e579e19.jpg,clean
test,Pedestrian_crossing_529_jpg.rf.0db30728fdf68e3bb2f44e0974a887a6.jpg,clean
test,Pedestrian_crossing_560_jpg.rf.565b1c13db82b940ac03f8ab3c24079e.jpg,clean
test,Pedestrian_crossing_76_jpg.rf.8602481e35d344ea496f2a84b98dfb4a.jpg,clean
test,Pedestrian_crossing_96_jpg.rf.72e89e0e01d980407671a6da6400c170.jpg,clean
test,Pedestrian_entry_to_rail_station_1_jpg.rf.c7a136f13f01a50a6481ca2c9b9fa755.jpg,clean
test,Pedestrian_entry_to_rail_station_23_jpg.rf.a0cc6203b8fc03838fb2c478977a9d9a.jpg,clean
test,Pedestrian_entry_to_rail_station_24_jpg.rf.179e3b46674b74ed89e0bf02a1403adf.jpg,clean
test,Pedestrian_entry_to_rail_station_27_jpg.rf.0d818c60bfaa843a374f09c43cb7dfa9.jpg,clean
test,Pedestrian_entry_to_rail_station_5_jpg.rf.c9c26824c2da4886cc96459a189e132b.jpg,clean
test,Pedestrian_forbidden_19_jpg.rf.1181b393c7df2647fcb5a3f4cd0f3df1.jpg,clean
test,Pedestrian_forbidden_22_jpg.rf.d7754b54666b1e4bd996b789696b0192.jpg,clean
test,Pedestrian_forbidden_26_jpg.rf.415729eae9232e216fc965f2efed0442.jpg,clean
test,Pedestrian_forbidden_34_jpg.rf.6d6f1fdd1481b883e5c0bbfb7f77130c.jpg,clean
test,Pedestrian_forbidden_4_jpg.rf.4f71a123d9ffb4527a1fc31dbf987e6b.jpg,clean
test,Pedestrian_forbidden_58_jpg.rf.4c2822911f8acd157c0deddfd0fe95d8.jpg,clean
test,Pedestrian_forbidden_68_jpg.rf.e5d0ceb9aeec1c20ea87393094bff161.jpg,clean
test,Pedestrian_forbidden_74_jpg.rf.15d6f360f7b31c568560891247af9fd6.jpg,clean
test,Petrol_pump_1km_ahead_10_jpg.rf.fd117145084a63e40f3bda44a0d434b6.jpg,clean
test,Petrol_pump_1km_ahead_121_jpg.rf.000fbaed0d0b77128626233b87546772.jpg,clean
test,Petrol_pump_1km_ahead_125_jpg.rf.c602fa509099bdebb35f41d42be7aa46.jpg,clean
test,Petrol_pump_1km_ahead_127_jpg.rf.2149ec12e87629bb76faec00001a85d3.jpg,clean
test,Petrol_pump_1km_ahead_14_jpg.rf.97da02de85f71db56b99f5df2067cb65.jpg,clean
test,Petrol_pump_1km_ahead_43_jpg.rf.06b6beed29a2f35c8bd150562a1242f5.jpg,clean
test,Petrol_pump_1km_ahead_51_jpg.rf.b31a0e12276c266b004180c87820e33f.jpg,clean
test,Petrol_pump_1km_ahead_62_jpg.rf.7e3ed45d614eb4a7131d973eaf0d157d.jpg,clean
test,Petrol_pump_1km_ahead_73_jpg.rf.06e38d9b18510b808ae60223634d74b2.jpg,clean
test,Petrol_pump_1km_ahead_74_jpg.rf.f3c2177896310ad737dfd4af59ec0446.jpg,clean
test,Petrol_pump_1km_ahead_7_jpg.rf.eb455040844437d56ac8934dd1b07f04.jpg,clean
test,Petrol_pump_1km_ahead_86_jpg.rf.99a2b764edccaca5310cfb9e48507658.jpg,clean
test,Petrol_pump_1km_ahead_8_jpg.rf.fbdeec19d5be106b347094a6c6c71f3d.jpg,clean
test,Petrol_pump_2-2km_ahead_14_jpg.rf.b02fefd2afbc7f77a5a93500afac9436.jpg,clean
test,Petrol_pump_2-2km_ahead_19_jpg.rf.060ee71c76362edec939338b35e9b70a.jpg,clean
test,Petrol_pump_2-2km_ahead_1_jpg.rf.3a2401a9b1c3e0b0307114c544762d3f.jpg,clean
test,Petrol_pump_2-2km_ahead_21_jpg.rf.ec659f530131c020f48d9faf5b859de3.jpg,clean
test,Petrol_pump_2-2km_ahead_74_jpg.rf.390770ac52b9e586f53f8c6c84dddbc0.jpg,clean
test,Petrol_pump_2km_ahead_0_jpg.rf.78ccf9fdcbef909c6ec303904d9c7a7d.jpg,clean
test,Petrol_pump_2km_ahead_10_jpg.rf.8b484304c3a764f3d8149dca0959c6b4.jpg,clean
test,Petrol_pump_2km_ahead_14_jpg.rf.adb9b7abb8e78beda88bff37726c0453.jpg,clean
test,Petrol_pump_2km_ahead_32_jpg.rf.3015d22da0d81ee3f0fce2c5145b1ab7.jpg,clean
test,Petrol_pump_2km_ahead_41_jpg.rf.50418dda00d55d7d57593c2c236f30f6.jpg,clean
test,Petrol_pump_2km_ahead_51_jpg.rf.4d9e2e981d3b943ee4bc8b4b05c35d5a.jpg,clean
test,Petrol_pump_2km_ahead_66_jpg.rf.ff468b6593a474e761caf1e49771ef4c.jpg,clean
test,Petrol_pump_2km_ahead_8_jpg.rf.c7bfb06c95d8934b520faaa867e188dd.jpg,clean
test,Petrol_pump_ahead_left_103_jpg.rf.444a6681fc768b754ad9f498f29a257d.jpg,clean
test,Petrol_pump_ahead_left_114_jpg.rf.e3901d6f8c8609f53cba8aec605fc1f0.jpg,clean
test,Petrol_pump_ahead_left_116_jpg.rf.63e47fc4afd741b060aaccbadcebfff0.jpg,clean
test,Petrol_pump_ahead_left_117_jpg.rf.6f7bdd1f0f75b9de730b1caced96361c.jpg,clean
test,Petrol_pump_ahead_left_124_jpg.rf.40f0cdcbb6c5a19259c97ba03cca3e09.jpg,clean
test,Petrol_pump_ahead_left_136_jpg.rf.defd2df890ebe2cfdcbc11d2b1219f39.jpg,clean
test,Petrol_pump_ahead_left_154_jpg.rf.5b83da7ed566550c27b0a34e2d39f7e7.jpg,clean
test,Petrol_pump_ahead_left_157_jpg.rf.5c73880aa3b9c6a15be65a3647c0c4de.jpg,clean
test,Petrol_pump_ahead_left_158_jpg.rf.9bcf6d1e1af1dc7fd59984ef4b1f7418.jpg,clean
test,Petrol_pump_ahead_left_176_jpg.rf.b2df6fa32b6685398881cfc9d321c767.jpg,clean
test,Petrol_pump_ahead_left_185_jpg.rf.f1b0c2ff5ab4dfa5e8aeaf76674b79a2.jpg,clean
test,Petrol_pump_ahead_left_1_jpg.rf.319ccf248cdd4425fde2e32f90ba2489.jpg,clean
test,Petrol_pump_ahead_left_40_jpg.rf.008e47713851218181d36a5b1c2444b4.jpg,clean
test,Petrol_pump_ahead_left_51_jpg.rf.721df46d6908e43f853ddd2396c04b05.jpg,clean
test,Petrol_pump_ahead_left_63_jpg.rf.abee851b9bcaccd3d211e0b0fd80d77a.jpg,clean
test,Petrol_pump_ahead_left_67_jpg.rf.0d7649c0c86dbbf75be10e89fde611a3.jpg,clean
test,Petrol_pump_ahead_left_96_jpg.rf.5a6fb4732e9a42944c06da61c10006a2.jpg,clean
test,Petrol_pump_ahead_right_126_jpg.rf.53c573e3a05ccf748b69f4243bf3d331.jpg,clean
test,Petrol_pump_ahead_right_140_jpg.rf.b4dda70dcd5ef35b87ade29e7a066ed5.jpg,clean
test,Petrol_pump_ahead_right_142_jpg.rf.8016671422207d18ff13f7465728f3b2.jpg,clean
test,Petrol_pump_ahead_right_160_jpg.rf.34b094a3c3027d5242b0edd5b9206179.jpg,clean
test,Petrol_pump_ahead_right_33_jpg.rf.a275ee9384529d3d3c16a23a1ea0c85d.jpg,clean
test,Petrol_pump_ahead_right_48_jpg.rf.7ac4b2af10a0c9f14003c2456f307a88.jpg,clean
test,Petrol_pump_ahead_right_57_jpg.rf.2a1ec0f0ca58c5db509c44682ef4202d.jpg,clean
test,Petrol_pump_ahead_right_76_jpg.rf.ff14cd261a3c6e983fd1066bd7044cf1.jpg,clean
test,Right_turn_ahead_100_jpg.rf.716a6c5b09a2aabd8c5ef9e48355b07f.jpg,clean
test,Right_turn_ahead_122_jpg.rf.816d66895ad96c32f69ca5e62c84782b.jpg,clean
test,Right_turn_ahead_125_jpg.rf.352985b1e2e2d47b1cf1f66b42614e7f.jpg,clean
test,Right_turn_ahead_142_jpg.rf.ee7a54c91871564b40462cb2a106662f.jpg,clean
test,Right_turn_ahead_154_jpg.rf.1ea800c26e26162181a1b0254dd8cdfd.jpg,clean
test,Right_turn_ahead_158_jpg.rf.036f98d94f15dbd8082762e0bee003e9.jpg,clean
test,Right_turn_ahead_160_jpg.rf.86f2c1816f8199d6b02ce98d0b696141.jpg,clean
test,Right_turn_ahead_182_jpg.rf.5e02cd5efa239ad974a5e5e54ce38dcb.jpg,clean
test,Right_turn_ahead_184_jpg.rf.0c0391078cb6bf4dfb48a3780b0e9402.jpg,clean
test,Right_turn_ahead_193_jpg.rf.0823c3971b7eb10803a4116dfc61c803.jpg,clean
test,Right_turn_ahead_194_jpg.rf.bef55647287f7fad59116202826c45e6.jpg,clean
test,Right_turn_ahead_199_jpg.rf.5b84879416bcbeb0b1191b21350bf28b.jpg,clean
test,Right_turn_ahead_210_jpg.rf.f44bf77a392839e4be712fffec4896e7.jpg,clean
test,Right_turn_ahead_223_jpg.rf.99948a201ffda1215078f08326cacbe0.jpg,clean
test,Right_turn_ahead_229_jpg.rf.4128ee8a5c37fa428f17149c56613fa9.jpg,clean
test,Right_turn_ahead_273_jpg.rf.42331f96e17fb63a087bf752189aadb1.jpg,clean
test,Right_turn_ahead_280_jpg.rf.98daf1b59fcf39ad35017222cc0b0244.jpg,clean
test,Right_turn_ahead_286_jpg.rf.b438dd555b9da05b0d8987aee69c5523.jpg,clean
test,Right_turn_ahead_293_jpg.rf.f6ffdd0f3235151f66b7b7862ff4ecb8.jpg,clean
test,Right_turn_ahead_332_jpg.rf.d0b8213b53a36cadb41f6e55f87dbc0d.jpg,clean
test,Right_turn_ahead_334_jpg.rf.4c0514d109185e3607b3a80d9a2cd402.jpg,clean
test,Right_turn_ahead_343_jpg.rf.a48bb37f4e21a7938f0c7d0fe02d1034.jpg,clean
test,Right_turn_ahead_345_jpg.rf.22c57461df6c242da76e44378b8d7d92.jpg,clean
test,Right_turn_ahead_34_jpg.rf.68ef75c31dfe5266eee9fddbc5bb2ae9.jpg,clean
test,Right_turn_ahead_358_jpg.rf.60f1d9960d6458b5c2a52391e4f3a8e3.jpg,clean
test,Right_turn_ahead_360_jpg.rf.4f6995b799888dacac1b7161506215e2.jpg,clean
test,Right_turn_ahead_51_jpg.rf.8ab30e49c20118c2dc5806e8394ba2fb.jpg,clean
test,Right_turn_ahead_54_jpg.rf.ce1dfb852d93a3cb6e671077fbaf7fca.jpg,clean
test,Right_turn_ahead_61_jpg.rf.93e8c369e29673212ab5204650845e24.jpg,clean
test,Right_turn_ahead_62_jpg.rf.22c687b3c23508cdd18bc246dac23d3a.jpg,clean
test,Right_turn_ahead_71_jpg.rf.e591e0d9bec520bb3e0a2036b8883327.jpg,clean
test,Right_turn_ahead_75_jpg.rf.bb0d64f423420aeb6e8c5aad5c4bed7c.jpg,clean
test,Right_turn_ahead_76_jpg.rf.1d3c9012bfac799aaadcdb76e837c8e5.jpg,clean
test,Right_turn_ahead_84_jpg.rf.ea8b7d1afabe47cb1283960e12ce15f9.jpg,clean
test,Right_turn_ahead_86_jpg.rf.7609d167b0530c7508bb06adeaf7c687.jpg,clean
test,Right_turn_ahead_88_jpg.rf.fd25c2eab0bef80f36fe8bc8b6bd63e5.jpg,clean
test,Right_turn_ahead_99_jpg.rf.d1e13064074804f0a7caade46f136f21.jpg,clean
test,School_ahead_102_jpg.rf.2dfecaf8e676a4a070f60fb633e4381e.jpg,clean
test,School_ahead_116_jpg.rf.1f0d5ae71afabae99d657dd37dc2449a.jpg,clean
test,School_ahead_126_jpg.rf.bb8d683b9ef58f77feaac53b9c122d7a.jpg,clean
test,School_ahead_134_jpg.rf.aaae4ccee07a1f3cb7784916ed24b356.jpg,clean
test,School_ahead_137_jpg.rf.9d7ffa4a069be7c3b27a2a3a8e5ca661.jpg,clean
test,School_ahead_138_jpg.rf.31dcfe81e1d862a678369ba63923349d.jpg,clean
test,School_ahead_144_jpg.rf.7fa7d35ce8cf83653c2961ad8c72c170.jpg,clean
test,School_ahead_14_jpg.rf.6d9c9b4da0364e77604fc83eda1cc4e5.jpg,clean
test,School_ahead_169_jpg.rf.195ed58cdb3d7a433188034b026c203e.jpg,clean
test,School_ahead_170_jpg.rf.8caab905711bdcffaa1750db5b050e51.jpg,clean
test,School_ahead_198_jpg.rf.95f3e9585e213bccac8f9cbb47761a2d.jpg,clean
test,School_ahead_203_jpg.rf.1939f59fd253769f81065083e1172398.jpg,clean
test,School_ahead_209_jpg.rf.e8591f4b6dab3ce54d31764266dcc0b5.jpg,clean
test,School_ahead_215_jpg.rf.ae78e0a015f74d0c6f04cf33500cb6bc.jpg,clean
test,School_ahead_216_jpg.rf.505b8540cf981f70aa51e1e2bb9a17f5.jpg,clean
test,School_ahead_243_jpg.rf.305d3c43b6088de889044f49e1f6ab01.jpg,clean
test,School_ahead_255_jpg.rf.5a03f9790dfc9ea96539deb4ae99cb62.jpg,clean
test,School_ahead_259_jpg.rf.995340a1ee1be6fbfad6902d8e35329f.jpg,clean
test,School_ahead_264_jpg.rf.c98906a7ca2a4df75003a412984878e7.jpg,clean
test,School_ahead_272_jpg.rf.c60551734aef035a02e7f04f6e263c46.jpg,clean
test,School_ahead_64_jpg.rf.475caa24d7f653061c825d0bbb60fe91.jpg,clean
test,School_ahead_6_jpg.rf.da31d01f966a0b8153c0896a20feeaa7.jpg,clean
test,School_ahead_77_jpg.rf.9fa641f7cfa2f084ddb5feaa2910b743.jpg,clean
test,School_ahead_86_jpg.rf.b49c103205cea7176cc42ce6a80d4d90.jpg,clean
test,School_ahead_87_jpg.rf.13992ed3bbc4b4d723f4a185c7b36c2b.jpg,clean
test,School_ahead_8_jpg.rf.ae5d995a8059883f83359a91304c5deb.jpg,clean
test,School_ahead_94_jpg.rf.5f983c9e483d8ba665161d74127b0ece.jpg,clean
test,School_ahead_98_jpg.rf.57aea37d2693c99bc3dd33dcd3965be7.jpg,clean
test,Side_road_on_left_10_jpg.rf.221d6a686b2376dd42dab9735ccc82d7.jpg,clean
test,Side_road_on_left_116_jpg.rf.dbf6aadef736eff76855d231b84f0346.jpg,clean
test,Side_road_on_left_125_jpg.rf.c5a37fbe828ca93d2592cb1fe8bcd898.jpg,clean
test,Side_road_on_left_12_jpg.rf.33d20fd42eb480658057d7012baee31c.jpg,clean
test,Side_road_on_left_131_jpg.rf.73284490b265b68dc45cbee9b910641c.jpg,clean
test,Side_road_on_left_133_jpg.rf.78ca73a7a0f09462e36e9d1e8c9362f2.jpg,clean
test,Side_road_on_left_156_jpg.rf.1741273c16710e6ddfc97f963f68a282.jpg,clean
test,Side_road_on_left_163_jpg.rf.ec061c1a7f3c5a6c76b3d8006e3fdbfc.jpg,clean
test,Side_road_on_left_16_jpg.rf.eee2be99d3dca78e9b723fefe07d1e19.jpg,clean
test,Side_road_on_left_173_jpg.rf.b977e0be17588e9f2dffe52e819bbb44.jpg,clean
test,Side_road_on_left_175_jpg.rf.6838eab629024d1dd04dac0c22a9abed.jpg,clean
test,Side_road_on_left_178_jpg.rf.884a8f00e770d21704972f978a918f5a.jpg,clean
test,Side_road_on_left_189_jpg.rf.10ff9228919fa67fd225b7d92d98cca6.jpg,clean
test,Side_road_on_left_191_jpg.rf.16ae2b5c03ee1df7ce5977a9880e07ac.jpg,clean
test,Side_road_on_left_199_jpg.rf.bb652c4642b19c4013fabc065f03d6f2.jpg,clean
test,Side_road_on_left_204_jpg.rf.b3633324658621d8efb8b4b2a52703ea.jpg,clean
test,Side_road_on_left_207_jpg.rf.10e53d77422814c2dfcf46c0d29bbc3f.jpg,clean
test,Side_road_on_left_232_jpg.rf.b58f444fb2b8109b6ff2f716433149cb.jpg,clean
test,Side_road_on_left_247_jpg.rf.e3ff4db3e8712a9ce96086b52c43f18b.jpg,clean
test,Side_road_on_left_261_jpg.rf.c2bd0bfe7131ff3dea0f2d80fa9ec7d7.jpg,clean
test,Side_road_on_left_268_jpg.rf.a2e72ae48e8352d8b124ee33a82a59eb.jpg,clean
test,Side_road_on_left_270_jpg.rf.c33761e62c47e6ef9551a6b9240fbfa8.jpg,clean
test,Side_road_on_left_275_jpg.rf.bdc6cd3f59fe607e16cdcce7498d10df.jpg,clean
test,Side_road_on_left_28_jpg.rf.c3f03f4f0b622dc66c5e13c4a67b593a.jpg,clean
test,Side_road_on_left_304_jpg.rf.0668eff4b2313d54d97af611ab6b6c34.jpg,clean
test,Side_road_on_left_308_jpg.rf.a595b2032ffff094aae9a83948991212.jpg,clean
test,Side_road_on_left_30_jpg.rf.3a44b51cc0400bad859aee7f0fb413ce.jpg,clean
test,Side_road_on_left_313_jpg.rf.ec781d566eb610b3fbc4bd567b146978.jpg,clean
test,Side_road_on_left_319_jpg.rf.38f51f005a0e3c13351e4d83d487b177.jpg,clean
test,Side_road_on_left_327_jpg.rf.68b5e62be69b5d37c961f2842eddbbef.jpg,clean
test,Side_road_on_left_351_jpg.rf.c565e245dcbe8bb145ea60b54be144b2.jpg,clean
test,Side_road_on_left_352_jpg.rf.a8c81d57f9460933b569f071567b0421.jpg,clean
test,Side_road_on_left_368_jpg.rf.2b26b5dc278e2eefb57b0bbbbc4fdfa8.jpg,clean
test,Side_road_on_left_371_jpg.rf.f140b74b72efc5dea74878855ed088db.jpg,clean
test,Side_road_on_left_399_jpg.rf.eb10ad0dcd3aee875ce62d3264a9f05e.jpg,clean
test,Side_road_on_left_400_jpg.rf.63a6c1b407040781cf702ee1a81cd7c0.jpg,clean
test,Side_road_on_left_425_jpg.rf.a13b5f3beb67b974eb11c889111beb82.jpg,clean
test,Side_road_on_left_445_jpg.rf.11d591c06b51f35beff7cb7e6a1d0fa1.jpg,clean
test,Side_road_on_left_446_jpg.rf.7133f170118c432f44431adc8faf02b4.jpg,clean
test,Side_road_on_left_451_jpg.rf.98698371c3acbf33b9864018be023ce3.jpg,clean
test,Side_road_on_left_455_jpg.rf.20c908e9f5a8910c17b22381b4d4320f.jpg,clean
test,Side_road_on_left_456_jpg.rf.2f3cfc6991e0428180d88965bd06ba71.jpg,clean
test,Side_road_on_left_465_jpg.rf.52ea51c216ab6a349a7ac317962e5bbf.jpg,clean
test,Side_road_on_left_480_jpg.rf.b0960bf0612ac0262a05545a41f8aa70.jpg,clean
test,Side_road_on_left_486_jpg.rf.0ff5e99a9a74c1dba2bfbfb575affd8f.jpg,clean
test,Side_road_on_left_496_jpg.rf.4ef11e614178ef7f84a9d3e76c762402.jpg,clean
test,Side_road_on_left_4_jpg.rf.12c2f3acc300483caa0ef5c2ab8501cd.jpg,clean
test,Side_road_on_left_526_jpg.rf.e66ec8a4daa13cc2bea179b291b303be.jpg,clean
test,Side_road_on_left_529_jpg.rf.3a85654d8bd9b4c583cd616e1564b5fe.jpg,clean
test,Side_road_on_left_531_jpg.rf.5034f6e419fe4601878b48f633585552.jpg,clean
test,Side_road_on_left_542_jpg.rf.ae9a64be6f7624e5b27d0d74ac9e8bde.jpg,clean
test,Side_road_on_left_544_jpg.rf.3b1ec34158d600f89edfd76135209a51.jpg,clean
test,Side_road_on_left_56_jpg.rf.33b50c3b732dfb7f99ba353b7cf87a43.jpg,clean
test,Side_road_on_left_592_jpg.rf.1d62791df23dae6554305e13d160f3fc.jpg,clean
test,Side_road_on_left_597_jpg.rf.3e9fec6daf55505f89230769a902e6cd.jpg,clean
test,Side_road_on_left_601_jpg.rf.edd0815a6762d0b7061bedc63bffc941.jpg,clean
test,Side_road_on_left_617_jpg.rf.10936f445c0ada5ddaed612dd8244b3e.jpg,clean
test,Side_road_on_left_625_jpg.rf.591277d66b4bcaaf46be1d979043abd4.jpg,clean
test,Side_road_on_left_62_jpg.rf.8ee4cf46a76de452770118049f5b8c7f.jpg,clean
test,Side_road_on_left_639_jpg.rf.66f20b1c90bbbe64773b740433eaa3e9.jpg,clean
test,Side_road_on_left_646_jpg.rf.5cb0a299debcf7f0670d7b75c2c98166.jpg,clean
test,Side_road_on_left_64_jpg.rf.4e0c9e30b104f60f51644124781b9bae.jpg,clean
test,Side_road_on_left_660_jpg.rf.7433cce4fa52bb0286dd6197c819e24a.jpg,clean
test,Side_road_on_left_668_jpg.rf.d4b49817229b9bd094b2897050c92039.jpg,clean
test,Side_road_on_left_674_jpg.rf.ae6665d7a9fecda5a0a316c70fd3a099.jpg,clean
test,Side_road_on_left_676_jpg.rf.34241494ed6ccd34df1347f0e44e5057.jpg,clean
test,Side_road_on_left_688_jpg.rf.320c17dc724ddf54041deabfdce0cff5.jpg,clean
test,Side_road_on_left_691_jpg.rf.95d888ee98b0418706bf154685a4d091.jpg,clean
test,Side_road_on_left_706_jpg.rf.c4abe56f218e22ad14952c4ed3c6867e.jpg,clean
test,Side_road_on_left_713_jpg.rf.81e0d879e5bd27c6f4cc95bbe29ab5b0.jpg,clean
test,Side_road_on_left_714_jpg.rf.6a427a03b4d0020164b7879a35a5a4c9.jpg,clean
test,Side_road_on_left_736_jpg.rf.740f5c9a8d30abafe86f01db64d71665.jpg,clean
test,Side_road_on_left_738_jpg.rf.e6c34af65ccb179df4d1f4a706d628ba.jpg,clean
test,Side_road_on_left_740_jpg.rf.1340383569fd1f54e87d2799fa650687.jpg,clean
test,Side_road_on_left_743_jpg.rf.140aa6f9c3e17673010f4bf498455e79.jpg,clean
test,Side_road_on_left_767_jpg.rf.78cc3020842bec8c58e568b596c0cabe.jpg,clean
test,Side_road_on_left_777_jpg.rf.807172d07cbe528a0572ef6da12172f1.jpg,clean
test,Side_road_on_left_784_jpg.rf.a9305639583e08e0ec98cd48c5ff2e1c.jpg,clean
test,Side_road_on_left_799_jpg.rf.47fc714bd26863f10906539bc24ac797.jpg,clean
test,Side_road_on_left_808_jpg.rf.2ab520abc94fe5c8710d2e97a99c69de.jpg,clean
test,Side_road_on_left_80_jpg.rf.3ad7e6351318b7c3dfaf315977ed70cb.jpg,clean
test,Side_road_on_left_818_jpg.rf.d9e572ac004e0c5c47a197c9345dcbae.jpg,clean
test,Side_road_on_left_819_jpg.rf.80c53e7b493d74224d1aa066c51adf67.jpg,clean
test,Side_road_on_left_836_jpg.rf.9a00e8030fae6730f2f91fc61cef48f3.jpg,clean
test,Side_road_on_left_837_jpg.rf.f5cbb9a657def6bb9a7ab7b74d41fe4a.jpg,clean
test,Side_road_on_left_840_jpg.rf.db07e4b4433b589da0da27b76409a3c8.jpg,clean
test,Side_road_on_left_844_jpg.rf.87cbc2bcf0fe75de89516a965d791a4e.jpg,clean
test,Side_road_on_left_94_jpg.rf.187fae5db67329b15e2eec8b8b11304c.jpg,clean
test,Side_road_on_left_95_jpg.rf.077bff399f1ac03acee26467241a954e.jpg,clean
test,Side_road_on_left_99_jpg.rf.d2d66834a7357ae9a25b4b10cf4444e3.jpg,clean
test,Side_road_on_right_1006_jpg.rf.6df1446a5c49062b71c2e9da3d62a1d9.jpg,clean
test,Side_road_on_right_1009_jpg.rf.bab6419176b2e6c821345d99e2028a56.jpg,clean
test,Side_road_on_right_1012_jpg.rf.c072b5fdcbae9528343ad28b285c648d.jpg,clean
test,Side_road_on_right_1019_jpg.rf.e3cc69bc408e8911ec01437c5afa2125.jpg,clean
test,Side_road_on_right_1021_jpg.rf.82a8cbcb23789856b1ad03dc8a74cf36.jpg,clean
test,Side_road_on_right_1027_jpg.rf.d3702711262c2043b1c654a078a65886.jpg,clean
test,Side_road_on_right_1041_jpg.rf.ed3f70e7aaca2ba582a6f9d901ace9f9.jpg,clean
test,Side_road_on_right_1049_jpg.rf.70801151a8df42c06a6bcf1fe17910db.jpg,clean
test,Side_road_on_right_109_jpg.rf.2f10741da602f89cb5eec243047e17d0.jpg,clean
test,Side_road_on_right_1103_jpg.rf.b711e9293f5b804313e8c3af8692c213.jpg,clean
test,Side_road_on_right_1104_jpg.rf.87bbed26ed75b25f2a9853335f042419.jpg,clean
test,Side_road_on_right_1139_jpg.rf.58da4153df0c21229f46c330963b15fc.jpg,clean
test,Side_road_on_right_1154_jpg.rf.f280052f17e30104d0aeeb2bd0dad607.jpg,clean
test,Side_road_on_right_1164_jpg.rf.f8ef55f3db4cd4eef31b1bc456c0e365.jpg,clean
test,Side_road_on_right_1167_jpg.rf.8c549a30e2327b5c4e6fa9b1816f3e5e.jpg,clean
test,Side_road_on_right_123_jpg.rf.84fce03f2c9dfd67a44d5f560aeb3f2d.jpg,clean
test,Side_road_on_right_137_jpg.rf.b2bad919bf0759d03089ab774043b4b7.jpg,clean
test,Side_road_on_right_157_jpg.rf.a0ed5fcd43d814c07edff492597749cd.jpg,clean
test,Side_road_on_right_160_jpg.rf.db6f24875f05d6bb73b5c8895315fd20.jpg,clean
test,Side_road_on_right_165_jpg.rf.cfeda8d424fec1a9b8e3c171a3629e8a.jpg,clean
test,Side_road_on_right_184_jpg.rf.7e771120c58d420b892c78f54d507105.jpg,clean
test,Side_road_on_right_190_jpg.rf.a7b22a247b27cb402d7cf496a85b23b7.jpg,clean
test,Side_road_on_right_201_jpg.rf.1709eda172f1db3a83b39f0a3822806b.jpg,clean
test,Side_road_on_right_233_jpg.rf.2c4ac3b168cc2dcc45180a2a99e3c8a4.jpg,clean
test,Side_road_on_right_237_jpg.rf.747a46a0a33a308c10d2b690aa8ec303.jpg,clean
test,Side_road_on_right_238_jpg.rf.1a6d0898a9e578831564526c0e42c45b.jpg,clean
test,Side_road_on_right_254_jpg.rf.04c0b4ede23982cb410be73c46d7b222.jpg,clean
test,Side_road_on_right_257_jpg.rf.d6cc730decccdb821d80662266f03b36.jpg,clean
test,Side_road_on_right_265_jpg.rf.16cf164d53b1cd29f9de68549a1a8041.jpg,clean
test,Side_road_on_right_277_jpg.rf.d7916a71a5d566583cbfb693850dfa37.jpg,clean
test,Side_road_on_right_288_jpg.rf.b80eb75f5c0a30bbf2d8a4d0e84efa06.jpg,clean
test,Side_road_on_right_304_jpg.rf.8a0c17490ff2b4b73b85c25c2975807e.jpg,clean
test,Side_road_on_right_336_jpg.rf.13bb81d67ed0ee47dff00c418227de27.jpg,clean
test,Side_road_on_right_33_jpg.rf.42057c313adbc558dd7e0959e4cc9215.jpg,clean
test,Side_road_on_right_351_jpg.rf.a1b3f1dc2e92bc4836befb9e17ada9a9.jpg,clean
test,Side_road_on_right_353_jpg.rf.d783e3a984e55e38c48c2521f6876391.jpg,clean
test,Side_road_on_right_365_jpg.rf.d0a01e95c3d699ce1fc088b8763d0c28.jpg,clean
test,Side_road_on_right_370_jpg.rf.0914893e748002cb49dbefd3acc70c6a.jpg,clean
test,Side_road_on_right_377_jpg.rf.6e8d7741731c8e7fa02571eec6b48e18.jpg,clean
test,Side_road_on_right_382_jpg.rf.ee89a409b3ab74bb12247ffd1aa5c272.jpg,clean
test,Side_road_on_right_413_jpg.rf.4aca202efbc51d32e69e1c8d8f90383b.jpg,clean
test,Side_road_on_right_415_jpg.rf.51a3633c482f102940cf8aee7137bf2c.jpg,clean
test,Side_road_on_right_41_jpg.rf.299fa7e93c76c17b086e6c6dff946b4a.jpg,clean
test,Side_road_on_right_460_jpg.rf.206787c5aac1cf2c28265d8242ee0bd4.jpg,clean
test,Side_road_on_right_475_jpg.rf.9211cc7faa0eaf7371b52195154e102c.jpg,clean
test,Side_road_on_right_481_jpg.rf.0cbe1480848477500c679e57cc52ab16.jpg,clean
test,Side_road_on_right_482_jpg.rf.b7da048cbe8154f51024865a69c36dba.jpg,clean
test,Side_road_on_right_510_jpg.rf.94a5bed6aaf80340aead30450c75ae34.jpg,clean
test,Side_road_on_right_515_jpg.rf.d9a55281660c6dfab4775efc177f1e1e.jpg,clean
test,Side_road_on_right_534_jpg.rf.e37fb1c71a7eb63ec631e686afb5c636.jpg,clean
test,Side_road_on_right_53_jpg.rf.1cb9cadaccba0db19bab345666043675.jpg,clean
test,Side_road_on_right_542_jpg.rf.6bf31c51404a6d74ae8051cda49f1e94.jpg,clean
test,Side_road_on_right_550_jpg.rf.f02a5d450543d93cb49baa7e344e0c04.jpg,clean
test,Side_road_on_right_556_jpg.rf.61ab007f89573e1b59f66711c35fa5d8.jpg,clean
test,Side_road_on_right_565_jpg.rf.68a8a303951fca0122f9dd9b61913134.jpg,clean
test,Side_road_on_right_56_jpg.rf.1352c5c9f364ec8d0a9b8147646b48ca.jpg,clean
test,Side_road_on_right_570_jpg.rf.bbeb841f38411960a1853a256cf24aa0.jpg,clean
test,Side_road_on_right_574_jpg.rf.b6587436d90080a4dab640b7cda5722c.jpg,clean
test,Side_road_on_right_576_jpg.rf.8e2ceadb83c81b25eb2697d3c9dcfc1c.jpg,clean
test,Side_road_on_right_581_jpg.rf.899179607f10e1dd4da9abcde19695d6.jpg,clean
test,Side_road_on_right_59_jpg.rf.c3182991532f36d2f4153f9ef63df14f.jpg,clean
test,Side_road_on_right_608_jpg.rf.af7a484f84642efddc30114166989cbf.jpg,clean
test,Side_road_on_right_60_jpg.rf.a7b0828efca96f5e84e7392875ed907e.jpg,clean
test,Side_road_on_right_617_jpg.rf.730a19d9acb5d51a9ae59e2f3edee276.jpg,clean
test,Side_road_on_right_632_jpg.rf.af5c7e858d2e53692bc9e418b1eae822.jpg,clean
test,Side_road_on_right_661_jpg.rf.1bb5c08b5be3e3401600e466793af663.jpg,clean
test,Side_road_on_right_662_jpg.rf.3cf1af7a62959ff7a639197548230090.jpg,clean
test,Side_road_on_right_789_jpg.rf.467ea9a3ba77d02506acf9173488935d.jpg,clean
test,Side_road_on_right_793_jpg.rf.d09c1add7d1c6993384d5774c4c098df.jpg,clean
test,Side_road_on_right_796_jpg.rf.e876332eca777f9bab6be5c8f34fbc40.jpg,clean
test,Side_road_on_right_802_jpg.rf.931d1a807d4676ba603108aa605abca0.jpg,clean
test,Side_road_on_right_804_jpg.rf.e60922153c4cc702c91a1a8e291de674.jpg,clean
test,Side_road_on_right_816_jpg.rf.bc8818163743156ac15d15a9c80fa8ce.jpg,clean
test,Side_road_on_right_817_jpg.rf.fd86ac1ff396c78274aab9b1ea68654f.jpg,clean
test,Side_road_on_right_81_jpg.rf.bdcdf167cce0226fe1522e2058059f62.jpg,clean
test,Side_road_on_right_822_jpg.rf.0ee45729f2702c6e6fc3351a9c2a69a0.jpg,clean
test,Side_road_on_right_856_jpg.rf.9c3348f033c5b51a9bda915090e93e1b.jpg,clean
test,Side_road_on_right_863_jpg.rf.cfb42d6b3e1166175872b8d1b19c7f9d.jpg,clean
test,Side_road_on_right_865_jpg.rf.575945202dc20b5b3c4860d329fce5ff.jpg,clean
test,Side_road_on_right_866_jpg.rf.706c0fd6ac96c4b17bb128d36ce9d281.jpg,clean
test,Side_road_on_right_870_jpg.rf.a2f210b1dcb09750722a620cb2b62078.jpg,clean
test,Side_road_on_right_875_jpg.rf.08f1716b5660bd7c9c11c90dd91a3691.jpg,clean
test,Side_road_on_right_878_jpg.rf.ec78afbe0d5508f6919703ef28b39c41.jpg,clean
test,Side_road_on_right_899_jpg.rf.d24ac1bd6fe23cea70ff123f0f6900cd.jpg,clean
test,Side_road_on_right_900_jpg.rf.f8292712a9d15702cb1ed7372e08ce2e.jpg,clean
test,Side_road_on_right_902_jpg.rf.fbcac50ec6a5964926381616e7f55ba5.jpg,clean
test,Side_road_on_right_903_jpg.rf.28e97315e956597e65507252cd4666a1.jpg,clean
test,Side_road_on_right_909_jpg.rf.830d09077ba1bc6c714142970174b3fa.jpg,clean
test,Side_road_on_right_915_jpg.rf.f49b467dc3b5e1bce9d75e32b89075ad.jpg,clean
test,Side_road_on_right_917_jpg.rf.91f8c8184bbe8f7adda10ca5a9393c76.jpg,clean
test,Side_road_on_right_920_jpg.rf.c13a08c0e64047c6ab2d2098cc341f7b.jpg,clean
test,Side_road_on_right_923_jpg.rf.fbd9589be4517d9dcac2c7f2927f0885.jpg,clean
test,Side_road_on_right_934_jpg.rf.0791d7cf33b3af5d6599ce48600cfe50.jpg,clean
test,Side_road_on_right_935_jpg.rf.f79006211c6d15055fe1ff7023429a80.jpg,clean
test,Side_road_on_right_93_jpg.rf.79fffadc7b422c2e37b3eaceaada989b.jpg,clean
test,Side_road_on_right_952_jpg.rf.d62e88cdc67e408753f4fe014665ed4a.jpg,clean
test,Side_road_on_right_959_jpg.rf.2c743a0d6166deed430e9c2b5a91ca62.jpg,clean
test,Side_road_on_right_970_jpg.rf.8de1058efaefd56373da753013e1dc69.jpg,clean
test,Side_road_on_right_973_jpg.rf.03321408feff387811e120afdf975f01.jpg,clean
test,Side_road_on_right_981_jpg.rf.c4faad4d8c72e60fc0cb6a85c45ca7e0.jpg,clean
test,Side_road_on_right_984_jpg.rf.b481a087ad71e33f99cfb87691090cd7.jpg,clean
test,Side_road_on_right_985_jpg.rf.9825fef8b32dbfc3b2abcbf1ae485eda.jpg,clean
test,Side_road_on_right_986_jpg.rf.39b3eeb89181af851ddcebd5c821becb.jpg,clean
test,Side_road_on_right_988_jpg.rf.dca62916c79767ec7cea17491e9e0d75.jpg,clean
test,Side_road_on_right_9_jpg.rf.041ee784a3953272af5fe8b6363ba014.jpg,clean
test,Speed_breaker_102_jpg.rf.7cb10eeb97b9f3aba1bbd577275349aa.jpg,clean
test,Speed_breaker_105_jpg.rf.ac23efbfc3f83c6d95f5d4a6bbfb7ea4.jpg,clean
test,Speed_breaker_107_jpg.rf.4189a9dbf32f99a746013762f218c92a.jpg,clean
test,Speed_breaker_109_jpg.rf.64bc750755592fcdae98a2ae800a6996.jpg,clean
test,Speed_breaker_111_jpg.rf.5caca403095ab149fa00c2945f3ce76f.jpg,clean
test,Speed_breaker_118_jpg.rf.0b68bde73bd4e834e9346b6e4635e543.jpg,clean
test,Speed_breaker_119_jpg.rf.c316a1a2b22f1ea2004df37e8cabde90.jpg,clean
test,Speed_breaker_146_jpg.rf.01741dee071933e6c737a5a7cce78643.jpg,clean
test,Speed_breaker_152_jpg.rf.141d8427c7107644bfe81dbe308079cd.jpg,clean
test,Speed_breaker_154_jpg.rf.8f6019ec27c8066b6b37868624edd89a.jpg,clean
test,Speed_breaker_161_jpg.rf.709daaefbb14a8fd1f907de02fe0c5bb.jpg,clean
test,Speed_breaker_167_jpg.rf.3f51ab604a7b65fe9afae8d12896ed07.jpg,clean
test,Speed_breaker_195_jpg.rf.46402af1cefff3db3f952e9d843d7850.jpg,clean
test,Speed_breaker_1_jpg.rf.31dc9fe3f43831f07109f2146950dc48.jpg,clean
test,Speed_breaker_201_jpg.rf.4227a0130a96da4daa55c9172103b164.jpg,clean
test,Speed_breaker_227_jpg.rf.6c8088485ca2f5aa7fab3f46aaa81c70.jpg,clean
test,Speed_breaker_230_jpg.rf.06e52084fe27eafe90a0bc342c9d872e.jpg,clean
test,Speed_breaker_232_jpg.rf.5247dc3dfdaf8f4b2f138dfa193944cf.jpg,clean
test,Speed_breaker_233_jpg.rf.b6cee294d23dfd9613058d19a4dfcd23.jpg,clean
test,Speed_breaker_277_jpg.rf.77c8205a0db1f7ae8580ff9b91e09138.jpg,clean
test,Speed_breaker_278_jpg.rf.d3ce77902334f9f039fc7b8045941fb9.jpg,clean
test,Speed_breaker_287_jpg.rf.60f206a39405f12bde6915967746b1b3.jpg,clean
test,Speed_breaker_296_jpg.rf.b43f9ebb1d560fd74d6d207b1213917d.jpg,clean
test,Speed_breaker_298_jpg.rf.353519f0505d8a7075a5d2690cff8bc4.jpg,clean
test,Speed_breaker_30_jpg.rf.46b49b21dae0ef6e5fb8101dbc2dcfa6.jpg,clean
test,Speed_breaker_327_jpg.rf.395671af51e0d66f7eb4999c19c9186a.jpg,clean
test,Speed_breaker_336_jpg.rf.e3e4925bb498cd0309deeee161c87187.jpg,clean
test,Speed_breaker_356_jpg.rf.9f070aac958962d81cb683e74050be35.jpg,clean
test,Speed_breaker_376_jpg.rf.0d0ccde258a2014f22d482cbf9a87ac0.jpg,clean
test,Speed_breaker_390_jpg.rf.daa747fc654e0b5b2e965ccc95c58828.jpg,clean
test,Speed_breaker_39_jpg.rf.37d2ecb9fa370944dac3dd1b74885329.jpg,clean
test,Speed_breaker_403_jpg.rf.6b6df04494f66f5ba57a798dbe37d4a2.jpg,clean
test,Speed_breaker_60_jpg.rf.7a4cbe2bda351fb4018089616775d2db.jpg,clean
test,Speed_breaker_72_jpg.rf.1ae13c38a46221b8c910d7fe0d0527ff.jpg,clean
test,Speed_breaker_73_jpg.rf.b4684dfba507952d2cc5ac5498781e42.jpg,clean
test,Speed_breaker_75_jpg.rf.62cec3947116e3b256ef16c05519b885.jpg,clean
test,Speed_breaker_76_jpg.rf.8f1bdc691e4f6f8b9fb539c9125c8f91.jpg,clean
test,Speed_breaker_78_jpg.rf.300ef51b8198872da9ffbdc72067e036.jpg,clean
test,Speed_breaker_82_jpg.rf.cad084ff37b786edb3b3ce2cc8a27c06.jpg,clean
test,Speed_breaker_89_jpg.rf.38d0e542351c083fe48a4aa5b12b060b.jpg,clean
test,Speed_limit_20km_11_jpg.rf.41d64cd4dd24fcad203ad4e367c6faae.jpg,clean
test,Speed_limit_20km_21_jpg.rf.33b3f0d0c65ff2d1264c38dafd28b8d1.jpg,clean
test,Speed_limit_20km_28_jpg.rf.9dbbb8602ca0be6909d309d1e972ce8d.jpg,clean
test,Speed_limit_40km_117_jpg.rf.3679237d0939f71f5fabf5d23625a7ce.jpg,clean
test,Speed_limit_40km_137_jpg.rf.8d7947e356b0beeb0e0d90b6c3335674.jpg,clean
test,Speed_limit_40km_141_jpg.rf.de1b0c5c93075fb340af3ebd63af2de1.jpg,clean
test,Speed_limit_40km_164_jpg.rf.c5643081e86be3f86ccf2e149db714d3.jpg,clean
test,Speed_limit_40km_167_jpg.rf.e7e2ffd07d3c385ea3737fc7bec823b2.jpg,clean
test,Speed_limit_40km_169_jpg.rf.27374c6f24993e380ea5e81fed93bb7c.jpg,clean
test,Speed_limit_40km_174_jpg.rf.e1dbdcf74c4841ee243dc73d9dc1e7b1.jpg,clean
test,Speed_limit_40km_192_jpg.rf.8a2e0926f9101b05e6b776b9acc5b993.jpg,clean
test,Speed_limit_40km_193_jpg.rf.1241c42fa3ca4abd223b121be9f536c3.jpg,clean
test,Speed_limit_40km_19_jpg.rf.6da88ab27fad9b243640516c4d519f7e.jpg,clean
test,Speed_limit_40km_201_jpg.rf.f4670ae97a1c20159cc6088caf481bd6.jpg,clean
test,Speed_limit_40km_222_jpg.rf.e498b0e3d36ab1dfdfe345377c0db417.jpg,clean
test,Speed_limit_40km_230_jpg.rf.b1b9ccef8430965331cc50aecd62c5e9.jpg,clean
test,Speed_limit_40km_231_jpg.rf.979a08bab8be383adb0fabe90ce7e115.jpg,clean
test,Speed_limit_40km_236_jpg.rf.0484dab4a49d004b2ca04877f9a095e5.jpg,clean
test,Speed_limit_40km_238_jpg.rf.08aabc7d43d9efc9850fd9d656dbf113.jpg,clean
test,Speed_limit_40km_242_jpg.rf.be7cf386fdbf7a0eaa689ca2a48da361.jpg,clean
test,Speed_limit_40km_246_jpg.rf.1ca0141fad99cd175b1c7b24b1952fb0.jpg,clean
test,Speed_limit_40km_250_jpg.rf.8d789394fa6c73a7a48a69c63ce2af8b.jpg,clean
test,Speed_limit_40km_258_jpg.rf.99552b2bda8ef99a5cc0294e2cdf8feb.jpg,clean
test,Speed_limit_40km_262_jpg.rf.ba44d5630bf4af976a69a1d150b3885b.jpg,clean
test,Speed_limit_40km_266_jpg.rf.4c76ef41d79e879ef5913574a29dc5eb.jpg,clean
test,Speed_limit_40km_272_jpg.rf.b5d32660376c46d995f08cb9cdfe8077.jpg,clean
test,Speed_limit_40km_284_jpg.rf.47996e51df75cb6271f67b88a3f4be66.jpg,clean
test,Speed_limit_40km_302_jpg.rf.2b24c4749e25672babee3a027d1c05c3.jpg,clean
test,Speed_limit_40km_303_jpg.rf.948c3fb259842962d5913d1d5ab84aed.jpg,clean
test,Speed_limit_40km_315_jpg.rf.5d1f974acc2b2d0c8c38cc8f9b4580ee.jpg,clean
test,Speed_limit_40km_328_jpg.rf.086efb5727f069db0a452351537fa37e.jpg,clean
test,Speed_limit_40km_334_jpg.rf.f56a226be04be5c9fba1f038e983a447.jpg,clean
test,Speed_limit_40km_341_jpg.rf.784735bb89fc55d7fe555a5e86df380a.jpg,clean
test,Speed_limit_40km_347_jpg.rf.44015c15f14972512870436a2dfcfdb0.jpg,clean
test,Speed_limit_40km_358_jpg.rf.573cc7f0176c65a33b264374dfd956a0.jpg,clean
test,Speed_limit_40km_361_jpg.rf.0c3b9191a27adb46b37e519707dc1329.jpg,clean
test,Speed_limit_40km_394_jpg.rf.23052751403f29f96c5aa856904f2e0e.jpg,clean
test,Speed_limit_40km_40_jpg.rf.e86319063e920571b3dc97c585da4b9e.jpg,clean
test,Speed_limit_40km_424_jpg.rf.5ed26afb5bcb912aaf9bd560b65628f1.jpg,clean
test,Speed_limit_40km_426_jpg.rf.a728341e7c0e739320e40d39942e6575.jpg,clean
test,Speed_limit_40km_433_jpg.rf.ad9e002e08cd7fa8d7b1be77c3a3f8b1.jpg,clean
test,Speed_limit_40km_445_jpg.rf.6456e44c2071634acb79510ccd61a06c.jpg,clean
test,Speed_limit_40km_452_jpg.rf.e416b5542f64ad7ea86ed8586a90558c.jpg,clean
test,Speed_limit_40km_459_jpg.rf.ca7b2d69db66a33c15613702f9c6ebde.jpg,clean
test,Speed_limit_40km_47_jpg.rf.8dd027060ce138c8a48aa38914d10fe4.jpg,clean
test,Speed_limit_40km_497_jpg.rf.a5a35762e04e357f3a8f073b5a2bd717.jpg,clean
test,Speed_limit_40km_498_jpg.rf.11e99258a46971433850584befff0d6f.jpg,clean
test,Speed_limit_40km_499_jpg.rf.01adeed19c75409f65a10765bb811cf4.jpg,clean
test,Speed_limit_40km_51_jpg.rf.012d81856bcfd7f3f2c56723264ba92e.jpg,clean
test,Speed_limit_40km_52_jpg.rf.f3f58d03933eb22219f6166949ebd520.jpg,clean
test,Speed_limit_40km_533_jpg.rf.92fbfd9cf9334a60b0f123c5a7aa3f5f.jpg,clean
test,Speed_limit_40km_554_jpg.rf.277e15ecaf8e80adb94428831d81ca6a.jpg,clean
test,Speed_limit_40km_592_jpg.rf.859a382e0ee974aa3cb020744e41c8ca.jpg,clean
test,Speed_limit_40km_74_jpg.rf.41e5734ad6469cab9c8e2912a2afbadb.jpg,clean
test,Speed_limit_40km_79_jpg.rf.76b488da63aa7eee3314d08fda85781b.jpg,clean
test,Speed_limit_40km_83_jpg.rf.67bdb528cf8f3371a33828e3ba533bbc.jpg,clean
test,Speed_limit_40km_84_jpg.rf.14c6cc5dc81df05827b524d86407f579.jpg,clean
test,Speed_limit_40km_99_jpg.rf.e4cc0e91b1325a0f878e391b2edea4fc.jpg,clean
test,Speed_limit_80km_118_jpg.rf.918a4ca4998a61932e14746fd0bb52dd.jpg,clean
test,Speed_limit_80km_127_jpg.rf.951878a35d37e340186720b4bd6f68c7.jpg,clean
test,Speed_limit_80km_12_jpg.rf.2f48f2b62ade892ece8f4f82ade54a18.jpg,clean
test,Speed_limit_80km_136_jpg.rf.6662c3bbd25a53a81540caf2a918a8e7.jpg,clean
test,Speed_limit_80km_151_jpg.rf.0b3bb7df23950393d3773b8096c2e784.jpg,clean
test,Speed_limit_80km_164_jpg.rf.50ab3890a059a43fa3ac2f7c08f8368f.jpg,clean
test,Speed_limit_80km_169_jpg.rf.44c9ca2e6d1ef6ab00013efa1be66b96.jpg,clean
test,Speed_limit_80km_171_jpg.rf.74f0b2706558e2b816765076571e096c.jpg,clean
test,Speed_limit_80km_175_jpg.rf.d4f07e0c4579fb321e3d818155b0e2f9.jpg,clean
test,Speed_limit_80km_198_jpg.rf.231765e98e3c2cad47f0317e7c00e77e.jpg,clean
test,Speed_limit_80km_199_jpg.rf.f3e918bf7ebdec0a8b179a4c844bc082.jpg,clean
test,Speed_limit_80km_215_jpg.rf.eda7433355f292ba30c3df08a5c9fa98.jpg,clean
test,Speed_limit_80km_217_jpg.rf.ea0e8d5716af7c71d580f4f2aa4a9094.jpg,clean
test,Speed_limit_80km_219_jpg.rf.5ff32f11bdecdcc93f3a9e34294a8d00.jpg,clean
test,Speed_limit_80km_25_jpg.rf.89c91a56fea2a3adc05b8d4bbeb19866.jpg,clean
test,Speed_limit_80km_261_jpg.rf.bffa319f0379c2f074575561fed3787a.jpg,clean
test,Speed_limit_80km_281_jpg.rf.8892e4718eaac0617ffcd43d364a9eae.jpg,clean
test,Speed_limit_80km_285_jpg.rf.9a70cce8083121032f33e2d804d136dc.jpg,clean
test,Speed_limit_80km_29_jpg.rf.542cbead81c572cc3f96f6bfb8fd9ab6.jpg,clean
test,Speed_limit_80km_314_jpg.rf.165f86d383d57d2df46f43f4591b33e8.jpg,clean
test,Speed_limit_80km_32_jpg.rf.945baff37b86d5af158c303271e4c06a.jpg,clean
test,Speed_limit_80km_334_jpg.rf.0690c47ea6c127e9f8fd928e944f0c3c.jpg,clean
test,Speed_limit_80km_338_jpg.rf.b6db528840449581c33631e51d6c10e9.jpg,clean
test,Speed_limit_80km_339_jpg.rf.bbc9a5d67723f33efe8afda84e5ddf8e.jpg,clean
test,Speed_limit_80km_33_jpg.rf.a64afcefad2f85f430ff2445d271e35c.jpg,clean
test,Speed_limit_80km_340_jpg.rf.92ac68af811bb58e37654decbd9ae35d.jpg,clean
test,Speed_limit_80km_351_jpg.rf.3dded873eed8b1fc5106e226955ab1b4.jpg,clean
test,Speed_limit_80km_358_jpg.rf.6e9d3f940947ac604769bc762729cdbc.jpg,clean
test,Speed_limit_80km_378_jpg.rf.7e7e452f9e02e44ca7ea16f952a515a4.jpg,clean
test,Speed_limit_80km_393_jpg.rf.3b0e4d783e5891741710095e839b143c.jpg,clean
test,Speed_limit_80km_411_jpg.rf.8043eb5a74e04bd70fb99247ff975f76.jpg,clean
test,Speed_limit_80km_46_jpg.rf.6f98743e3560723ed6dc1ede103ea39e.jpg,clean
test,Speed_limit_80km_52_jpg.rf.56ac0a0764d172adfa282852dcec9d96.jpg,clean
test,Speed_limit_80km_60_jpg.rf.d4f7cfd5f178bc439363c283c7342d65.jpg,clean
test,Speed_limit_80km_64_jpg.rf.2387347b5f6028f044d49d2757fe1820.jpg,clean
test,Speed_limit_80km_68_jpg.rf.8f6c288db9a8fa64db67f9fa2775a4a4.jpg,clean
test,Speed_limit_80km_6_jpg.rf.c6b6fdf45c57f7a809026d072ea0169c.jpg,clean
test,Speed_limit_80km_70_jpg.rf.02a6014e9b0662c3a9c11d47f7c12cc3.jpg,clean
test,Speed_limit_80km_88_jpg.rf.57d478db5f7f04c0ee859aebd43f8639.jpg,clean
test,Speed_limit_80km_8_jpg.rf.1e3c6613b406cb19b7b5e5cf07146b49.jpg,clean
test,Speed_limit_80km_95_jpg.rf.5ac03267158d9112385bba4f702991d4.jpg,clean
test,Speed_limit_80km_98_jpg.rf.971b6fcedd600c08c8634699173dc84c.jpg,clean
test,Toll_plaza_1km_ahead_15_jpg.rf.9ac58afb4bf687714ccbf8f1e8ff4d93.jpg,clean
test,Toll_plaza_1km_ahead_24_jpg.rf.641dcf8669e403a278990100d3517023.jpg,clean
test,Toll_plaza_1km_ahead_25_jpg.rf.185082d48d8ca20a29de2998b1c79dbf.jpg,clean
test,Toll_plaza_1km_ahead_54_jpg.rf.3e7ffa011589157bd7d440d23e56f3c0.jpg,clean
test,Toll_plaza_1km_ahead_61_jpg.rf.d77c00a900eefaeaa16469296624c685.jpg,clean
test,Toll_plaza_1km_ahead_62_jpg.rf.0cf7f566045eaa89972d0f776f9c8b88.jpg,clean
test,Toll_plaza_1km_ahead_8_jpg.rf.96c9b8bc6558c908c1b04a2fbb4ee098.jpg,clean
test,Tolls_ahead_17_jpg.rf.7b1b0bfa13e696dcb85931086b0f2e4b.jpg,clean
test,Tolls_ahead_18_jpg.rf.781bb065d1fdbde6c6102fbb0d78ed35.jpg,clean
test,Tolls_ahead_30_jpg.rf.c19a8589a38ad51165ffb7006abf72df.jpg,clean
test,Tolls_ahead_35_jpg.rf.9dfcf00e145bf976bc4071769522e366.jpg,clean
test,Tolls_ahead_41_jpg.rf.d6734f65c3d4ec15b4ff7fa559f1532b.jpg,clean
test,Traffic_merge_on_ahead_12_jpg.rf.999176ddf9eef49d9f8f09de2aab3eea.jpg,clean
test,Traffic_merge_on_left_104_jpg.rf.02b7672f5b7e67a9117fda57e5cc5f9e.jpg,clean
test,Traffic_merge_on_left_14_jpg.rf.c988d49317786ff5d5c2f21f76b47b18.jpg,clean
test,Traffic_merge_on_left_31_jpg.rf.dea90d51fe8a00f5e85777a6beda2aa2.jpg,clean
test,Traffic_merge_on_left_52_jpg.rf.911b97462d7322cce11c3fe79243404f.jpg,clean
test,Traffic_merge_on_left_68_jpg.rf.937009c67d8a06c666d05f91c757a317.jpg,clean
test,Traffic_merge_on_left_72_jpg.rf.fc8c63ef0fecd5b68d993632e46ec4eb.jpg,clean
test,Traffic_merge_on_left_7_jpg.rf.661119327a238e16ec61c414a5f3093f.jpg,clean
test,Traffic_merge_on_left_80_jpg.rf.8ecff889cc0634b14953644d50824093.jpg,clean
test,Traffic_merge_on_left_8_jpg.rf.c0219dab522d9087c01f8c0f55cf51a8.jpg,clean
test,U_turn_10_jpg.rf.8f3916f51531f2a421d5e5693aa2a85a.jpg,clean
test,U_turn_20_jpg.rf.18130a6bf119ba050225475be015c172.jpg,clean
test,U_turn_25_jpg.rf.136d80830fd453471d37f9122a9c0d49.jpg,clean
test,U_turn_31_jpg.rf.a3032553398f60d7b6553ce2bb7dd94b.jpg,clean
test,U_turn_32_jpg.rf.23a3057e897f3908771f088473a17191.jpg,clean
test,U_turn_38_jpg.rf.15cbe7649aef8489f67d47e153a1bc98.jpg,clean
test,U_turn_40_jpg.rf.32a137236d701dd13914ee3690dd443e.jpg,clean
test,U_turn_42_jpg.rf.6b98d8b0820a72c3617f6559df11597b.jpg,clean
test,U_turn_53_jpg.rf.a58cb493dc7eff3aea4bcba04d999aee.jpg,clean
test,U_turn_54_jpg.rf.afc03474b04531f464bbf2284c714588.jpg,clean
test,U_turn_56_jpg.rf.a83a929329ff2ea63add567469e6d8df.jpg,clean
test,U_turn_58_jpg.rf.f10d01503228ab4ba987b7e686610c84.jpg,clean
test,U_turn_5_jpg.rf.a70fb0eeb85e7a265a626bfc4718fee1.jpg,clean
test,Underpass_ahead_10_jpg.rf.f71eaf54fd27859fd62f3448e73a747f.jpg,clean
test,Underpass_ahead_115_jpg.rf.84668531fd1ea0a317baa8f0722eaa82.jpg,clean
test,Underpass_ahead_118_jpg.rf.0b863b86dea320a5e315cb71163a7d78.jpg,clean
test,Underpass_ahead_11_jpg.rf.cc010ce79ac4586f3c7b90a0df236fea.jpg,clean
test,Underpass_ahead_12_jpg.rf.ced0a533bac7baf5b08dabfb3bf1c930.jpg,clean
test,Underpass_ahead_131_jpg.rf.bd146e33d16bbadd7fb1495af91d2a8e.jpg,clean
test,Underpass_ahead_135_jpg.rf.fa61ce2ae261e6319f779aa4f3a12c85.jpg,clean
test,Underpass_ahead_144_jpg.rf.2443bef117ab2c4e70288e8d129e82b3.jpg,clean
test,Underpass_ahead_156_jpg.rf.1793b371849991be5226507a8b584dca.jpg,clean
test,Underpass_ahead_157_jpg.rf.0eda2e3391411f26684bb820d6509a83.jpg,clean
test,Underpass_ahead_173_jpg.rf.47bb3efe0273382fa434e1b6ad58b720.jpg,clean
test,Underpass_ahead_178_jpg.rf.4592a48ae4fad60008e45185b5861fa8.jpg,clean
test,Underpass_ahead_20_jpg.rf.17ab960c670c298e2afa856d562fe866.jpg,clean
test,Underpass_ahead_2_jpg.rf.149d3a1573e62c1170cb6c4085ec8e78.jpg,clean
test,Underpass_ahead_51_jpg.rf.3492bc09b751aa496bd216e4858c6169.jpg,clean
test,Underpass_ahead_64_jpg.rf.5cd41be1ec0222cd4652680f059a0b36.jpg,clean
test,Underpass_ahead_72_jpg.rf.e8676061459ad0191d677b85a08faa0a.jpg,clean
test,Underpass_ahead_74_jpg.rf.087048d90ef56c6d39961e2e83ae1068.jpg,clean
test,Underpass_ahead_76_jpg.rf.1cbdb88bb6dd7e121867ab838ed9ea8f.jpg,clean
test,Underpass_ahead_79_jpg.rf.251041bf0980c22d8dc8531e3c1ca78b.jpg,clean
test,Underpass_ahead_7_jpg.rf.8a70f6fff57114cbfbe704934bd0e859.jpg,clean
test,Underpass_ahead_82_jpg.rf.b6892d2d22c219f65d8d543ebd0b81b8.jpg,clean
test,Underpass_ahead_8_jpg.rf.110fbfc513f075b29279d381815f7af4.jpg,clean
test,Underpass_ahead_96_jpg.rf.89a55d81a18835e0f0a628fe80b54877.jpg,clean
test,Weight_limit_10t_112_jpg.rf.8cb3f16d34ed1ed836d208344d49f7bf.jpg,clean
test,Weight_limit_10t_11_jpg.rf.87cc9bd6c0babb7f662dff30fac4eb28.jpg,clean
test,Weight_limit_10t_128_jpg.rf.b806cbacd61821df732716051887c80e.jpg,clean
test,Weight_limit_10t_141_jpg.rf.181d41abacff7e86bd72944586263db5.jpg,clean
test,Weight_limit_10t_161_jpg.rf.fd79d0f6a331aec0dfede3c5796432ab.jpg,clean
test,Weight_limit_10t_163_jpg.rf.0a3c45b28a231521cd93c0ff0aab45b2.jpg,clean
test,Weight_limit_10t_182_jpg.rf.ed03ec9ea9d0966433f68e533dd02df0.jpg,clean
test,Weight_limit_10t_192_jpg.rf.a10a57d99ea741773f9dac87eea0e9be.jpg,clean
test,Weight_limit_10t_207_jpg.rf.faf7e13dec23b16310f04887f4a77554.jpg,clean
test,Weight_limit_10t_216_jpg.rf.5a86472feada2178262f686161d10f8b.jpg,clean
test,Weight_limit_10t_248_jpg.rf.7de28c7efb49cf73ea9f2fe004e7e503.jpg,clean
test,Weight_limit_10t_251_jpg.rf.fddb6ef243fd4425660ece2d34aec4d9.jpg,clean
test,Weight_limit_10t_263_jpg.rf.46ad868a70d942e81d72231438cd06fe.jpg,clean
test,Weight_limit_10t_277_jpg.rf.bf1a681e0dd48d028d9ff5b6374ec529.jpg,clean
test,Weight_limit_10t_285_jpg.rf.1ddf726c5848839aa56b32c24ecaf31e.jpg,clean
test,Weight_limit_10t_289_jpg.rf.aee4e43438a95f2213ffdc5a7220e741.jpg,clean
test,Weight_limit_10t_295_jpg.rf.27b34f118abdc590e4bf550cf11971db.jpg,clean
test,Weight_limit_10t_297_jpg.rf.fc5fcfc03e5fd6b0f29127f48dd163c9.jpg,clean
test,Weight_limit_10t_299_jpg.rf.933d49f7f83d5bbaa78cc0b5bcbc5101.jpg,clean
test,Weight_limit_10t_29_jpg.rf.d8b2dca03aa8c01e0ec492aa591a974e.jpg,clean
test,Weight_limit_10t_306_jpg.rf.9906c91222866822bef90bd4d1580887.jpg,clean
test,Weight_limit_10t_30_jpg.rf.70174c2b724c5e1ac33feb8e1aca56a0.jpg,clean
test,Weight_limit_10t_319_jpg.rf.59a43a75f14b7daf6511877e6766d668.jpg,clean
test,Weight_limit_10t_333_jpg.rf.c2b7838ff24884c0e61bee0a8d02b2d4.jpg,clean
test,Weight_limit_10t_344_jpg.rf.cf95b90b2294f363af66ddde9a3439f5.jpg,clean
test,Weight_limit_10t_368_jpg.rf.96bd8438510217625f64eb247a2f0bd8.jpg,clean
test,Weight_limit_10t_372_jpg.rf.a8b99cdab68268aee1089df8ccb64b1f.jpg,clean
test,Weight_limit_10t_374_jpg.rf.711f1a9853510cfa60645555eb31e23f.jpg,clean
test,Weight_limit_10t_375_jpg.rf.4773ece68ed8d549bd63ff604221fc8d.jpg,clean
test,Weight_limit_10t_389_jpg.rf.383d671e022aed70dea0c3cc193a85fa.jpg,clean
test,Weight_limit_10t_397_jpg.rf.6f19fe1ecee00a9605bfcae88f68e11b.jpg,clean
test,Weight_limit_10t_399_jpg.rf.45825e4bddff17059002c0bf98ab0bba.jpg,clean
test,Weight_limit_10t_3_jpg.rf.666388ed192291949b72c1e91e125b7a.jpg,clean
test,Weight_limit_10t_408_jpg.rf.5372468e080dbc2f5b38fc04e681e754.jpg,clean
test,Weight_limit_10t_412_jpg.rf.37afc917698b91ac8881657fc09b0ba0.jpg,clean
test,Weight_limit_10t_414_jpg.rf.8c807716d317c72a82fe9a78a34d0eea.jpg,clean
test,Weight_limit_10t_425_jpg.rf.de58d563a08a00090b433cbd71725615.jpg,clean
test,Weight_limit_10t_428_jpg.rf.140074924723eedd73d5edf615632075.jpg,clean
test,Weight_limit_10t_432_jpg.rf.fb29869b9e34241762ae6e2a9b723bc1.jpg,clean
test,Weight_limit_10t_43_jpg.rf.3e5791ddf1b2e1899b4ccb808098ab74.jpg,clean
test,Weight_limit_10t_447_jpg.rf.9fb5f1a0a833c147a645eae14af6f204.jpg,clean
test,Weight_limit_10t_450_jpg.rf.721f72135156f1b55f46c3ec9a641d59.jpg,clean
test,Weight_limit_10t_451_jpg.rf.cd0703d7a7981a8323593a9c3e8597d3.jpg,clean
test,Weight_limit_10t_461_jpg.rf.5e5ed8b3c9bb185b7213d68699b13461.jpg,clean
test,Weight_limit_10t_477_jpg.rf.7607c3ada894aa10fcf869f2c7dada17.jpg,clean
test,Weight_limit_10t_488_jpg.rf.03294184cd1a14c76120f5ea33ac96da.jpg,clean
test,Weight_limit_10t_499_jpg.rf.07b788551011f5a9441f2fe64c424bcc.jpg,clean
test,Weight_limit_10t_4_jpg.rf.982bad787b1a1e3a07751dbb2040d3a3.jpg,clean
test,Weight_limit_10t_514_jpg.rf.a86353b7cd31c201b73f95fd8034ff39.jpg,clean
test,Weight_limit_10t_62_jpg.rf.1c8dff9ae6bb5b64fdb5aee5cf72ef22.jpg,clean
test,Weight_limit_10t_64_jpg.rf.d45f2e85b63687e24af260e203fc96d1.jpg,clean
test,Weight_limit_10t_66_jpg.rf.9a074eb8d6d84d1715d8e6aeb7b6aee4.jpg,clean
test,Weight_limit_10t_79_jpg.rf.eed5a664d14ee34ebaec238a47eb2cd0.jpg,clean
test,Weight_limit_10t_86_jpg.rf.dba5caff8f4b602a000300fcad3faabb.jpg,clean
test,Weight_limit_10t_87_jpg.rf.c650f3b9294f6900e654f0108c63f68e.jpg,clean
test,Weight_limit_10t_9_jpg.rf.d5dcdd230f461617e66456fb0d01bb3b.jpg,clean
test,Weight_limit_27t_0_jpg.rf.f8697bbd604c6020ebad39984bec540b.jpg,clean
test,Weight_limit_27t_104_jpg.rf.75a06f9685aa536b39af61f6f187a9ef.jpg,clean
test,Weight_limit_27t_109_jpg.rf.857127c1f7f8650f85bc8d6ac320d285.jpg,clean
test,Weight_limit_27t_11_jpg.rf.becc3ed706a0ecfda6de5c582fadadc6.jpg,clean
test,Weight_limit_27t_12_jpg.rf.f84919777faf337d9fcfef006440ebab.jpg,clean
test,Weight_limit_27t_130_jpg.rf.3c8c57aaa3e477bc0a1529a50936f84b.jpg,clean
test,Weight_limit_27t_159_jpg.rf.ebc6209d06e28ec2b17f4de4c1a151f3.jpg,clean
test,Weight_limit_27t_168_jpg.rf.72f7fa5bc2b6e79235455bbfe60baaef.jpg,clean
test,Weight_limit_27t_176_jpg.rf.f33adbb67335df9775b3720d727006fb.jpg,clean
test,Weight_limit_27t_184_jpg.rf.6fa81a7eacaab6a96ee6a9d1c3092462.jpg,clean
test,Weight_limit_27t_19_jpg.rf.e5bb1087e980732f668a3b5c23b13a99.jpg,clean
test,Weight_limit_27t_227_jpg.rf.0729bd39f2ff3e31948996b11820ebfc.jpg,clean
test,Weight_limit_27t_238_jpg.rf.7b3c819fa1d385210700ea34e1fc43b0.jpg,clean
test,Weight_limit_27t_242_jpg.rf.6c6b6d78966eae4e24c72c8a798268c1.jpg,clean
test,Weight_limit_27t_246_jpg.rf.5ba29489ab2398abf1da510909aaa60d.jpg,clean
test,Weight_limit_27t_248_jpg.rf.916ca1a0bcf13cc6a622e5d09a0c580b.jpg,clean
test,Weight_limit_27t_277_jpg.rf.f0325ac4e0aa144a38753749bddbb6a5.jpg,clean
test,Weight_limit_27t_283_jpg.rf.553601c8621406980fb6e36858966f71.jpg,clean
test,Weight_limit_27t_288_jpg.rf.afd5bcf1f4989eace19866552f675674.jpg,clean
test,Weight_limit_27t_291_jpg.rf.acf337c494691bb93f1c1e22bdc2e6d3.jpg,clean
test,Weight_limit_27t_311_jpg.rf.85d5f5a9c542abe5e242e0cbf410120c.jpg,clean
test,Weight_limit_27t_325_jpg.rf.fd11971aaf5c714e215b2f1a72db559c.jpg,clean
test,Weight_limit_27t_329_jpg.rf.49dd829d2f283ba5725827d02e15db2d.jpg,clean
test,Weight_limit_27t_330_jpg.rf.3711d01f00540c4586a69ca617bcda1a.jpg,clean
test,Weight_limit_27t_357_jpg.rf.3d35370eba3380f5a14cc14e91668a61.jpg,clean
test,Weight_limit_27t_365_jpg.rf.6574e60da127877a096072a4aa46cd59.jpg,clean
test,Weight_limit_27t_366_jpg.rf.946d1db189c0fca68299aa460d6ad91d.jpg,clean
test,Weight_limit_27t_36_jpg.rf.f0f0acf3f02708a30b46db76e94ef68a.jpg,clean
test,Weight_limit_27t_376_jpg.rf.326ed0844644ed30e1f451dcabb3e4d8.jpg,clean
test,Weight_limit_27t_392_jpg.rf.64a2a6444ca3b1620959cdea09d3b542.jpg,clean
test,Weight_limit_27t_399_jpg.rf.5fdae6a786629154f59d6ff2eab118e1.jpg,clean
test,Weight_limit_27t_403_jpg.rf.631866f52944c514169682a6ba9907cc.jpg,clean
test,Weight_limit_27t_411_jpg.rf.b8459c38d23980f68b3dc5fa999d63cd.jpg,clean
test,Weight_limit_27t_42_jpg.rf.21b717e350ce4437d8446e4aea0a1dbc.jpg,clean
test,Weight_limit_27t_452_jpg.rf.fa62711921645f7fb6435e68450ebb61.jpg,clean
test,Weight_limit_27t_455_jpg.rf.94dac70d828e65b74d534b345c2c3712.jpg,clean
test,Weight_limit_27t_461_jpg.rf.c403dc18de54befb1409501199bed510.jpg,clean
test,Weight_limit_27t_473_jpg.rf.133dd42f4e0219de66c96187c792826a.jpg,clean
test,Weight_limit_27t_54_jpg.rf.d925bb6422dee8597334df12981787b2.jpg,clean
test,Weight_limit_27t_69_jpg.rf.91003650ddb4cce4a8d0ce1ad6c45fc1.jpg,clean
test,Weight_limit_27t_74_jpg.rf.fd50c7b97e669b5722ac72e12e136ad3.jpg,clean
test,Weight_limit_27t_79_jpg.rf.d62fd0d4865df60b9e5f6e93072f1e00.jpg,clean
test,Weight_limit_27t_7_jpg.rf.e185fe7879ca6ab213af39794e341f59.jpg,clean
test,Weight_limit_27t_82_jpg.rf.6b76aa5d189d0c46ba605b2c417311fa.jpg,clean
test,Weight_limit_27t_96_jpg.rf.21adf0ae752545a8c641169fe382470c.jpg,clean
test,Weight_limit_27t_97_jpg.rf.c807d16415418ef568651d070ea82991.jpg,clean
test,give_way_first_image_1_JPG.rf.cf7175a863d3bdaf4872c2c7e511a42b.jpg,clean
test,hospital_image_1_JPG.rf.bf91426ae316e6a86078fc78e05174b4.jpg,clean
test,mosque_image_1_JPG.rf.afd53b344d4eb891c998b8a5317fd65a.jpg,clean
test,no_pedestrians_image_2_JPG.rf.01cc2e2256ac71ad181c1b0be9c871bd.jpg,clean
test,no_vehicle_entry_image_1_JPG.rf.9b7435d39dc81e5a60a252bdc295af8a.jpg,clean
test,pedestrian_crossing_image_4_JPG.rf.5cf09e6351d837dcf61faf909d696f0b.jpg,clean
test,sharp_left_bend_image_2_JPG.rf.77b9f814879b21551f0bb811d19c056f.jpg,clean
test,speed_limit_image_1_JPG.rf.d742f69edc33d090b96f0fdeb2aa71bf.jpg,clean
